ISO-10303-21;
HEADER;

/* File generated by T-FLEX CAD Version 17.0.27.0 */

FILE_DESCRIPTION(('TFLEX Exchange Step'),'2;1');

FILE_NAME('X2\041A043E0440043F04430441\X0\111.stp',                                                                                                                              
'2026-04-17T10:44:41+03:00',
('user'),
('Unknown organisation'),
'TFLEX Exchange 2020.2',
'T-FLEX CAD',
'Unknown authorisation');

FILE_SCHEMA( ('AUTOMOTIVE_DESIGN { 1 0 10303 214 1 1 1 1 }') );

ENDSEC;

DATA;
#3=(NAMED_UNIT(*)PLANE_ANGLE_UNIT()SI_UNIT($,.RADIAN.));
#4=PLANE_ANGLE_MEASURE_WITH_UNIT(PLANE_ANGLE_MEASURE(0.0174532925),#3);
#5=(CONVERSION_BASED_UNIT('DEGREE',#4)NAMED_UNIT(#6)PLANE_ANGLE_UNIT());
#6=DIMENSIONAL_EXPONENTS(0.,0.,0.,0.,0.,0.,0.);
#7=(NAMED_UNIT(*)SI_UNIT($,.STERADIAN.)SOLID_ANGLE_UNIT());
#8=(LENGTH_UNIT()NAMED_UNIT(*)SI_UNIT(.MILLI.,.METRE.));
#9=UNCERTAINTY_MEASURE_WITH_UNIT(LENGTH_MEASURE(1.000000E-05),#8,'DISTANCE_ACCURACY_VALUE','Maximum Tolerance applied to model');
#10=(GEOMETRIC_REPRESENTATION_CONTEXT(3)GLOBAL_UNCERTAINTY_ASSIGNED_CONTEXT((#9))GLOBAL_UNIT_ASSIGNED_CONTEXT((#8,#5,#7))REPRESENTATION_CONTEXT('','\X2\041A043E0440043F04430441\X0\111'));
#12=CARTESIAN_POINT('',(0.,0.,0.));
#13=DIRECTION('',(0.,0.,1.));
#14=DIRECTION('',(1.,0.,0.));
#15=AXIS2_PLACEMENT_3D('',#12,#13,#14);
#27=CARTESIAN_POINT('',(-100.,-37.5,61.5));
#28=CARTESIAN_POINT('',(-100.,37.5,61.5));
#29=CARTESIAN_POINT('',(100.,-37.5,61.5));
#30=CARTESIAN_POINT('',(100.,37.5,61.5));
#31=B_SPLINE_SURFACE_WITH_KNOTS('',1,1,((#27,#28),(#29,#30)),.UNSPECIFIED.,.F.,.F.,.U.,(2,2),(2,2),(-0.1,0.1),(-0.0375,0.0375),.UNSPECIFIED.);
#32=CARTESIAN_POINT('',(96.,-32.3,61.499999));
#33=VERTEX_POINT('',#32);
#34=CARTESIAN_POINT('',(96.,-32.3,61.499999));
#35=CARTESIAN_POINT('',(94.8,-32.3,61.499999));
#36=CARTESIAN_POINT('',(94.8,-33.5,61.499999));
#37=CARTESIAN_POINT('',(94.8,-34.7,61.499999));
#38=CARTESIAN_POINT('',(96.,-34.7,61.499999));
#39=CARTESIAN_POINT('',(97.2,-34.7,61.499999));
#40=CARTESIAN_POINT('',(97.2,-33.5,61.499999));
#41=CARTESIAN_POINT('',(97.2,-32.3,61.499999));
#42=CARTESIAN_POINT('',(96.,-32.3,61.499999));
#43=(BOUNDED_CURVE()
B_SPLINE_CURVE(2,(#34,#35,#36,#37,#38,#39,#40,#41,#42),.UNSPECIFIED.,.T.,.F.)
B_SPLINE_CURVE_WITH_KNOTS((3,2,2,2,3),(0.,1.570796327,3.141592654,4.71238898,6.283185307),.UNSPECIFIED.)
CURVE()
GEOMETRIC_REPRESENTATION_ITEM()
RATIONAL_B_SPLINE_CURVE((1.,0.707106781,1.,0.707106781,1.,0.707106781,1.,0.707106781,1.))
REPRESENTATION_ITEM(''));
#44=EDGE_CURVE('',#33,#33,#43,.T.);
#45=ORIENTED_EDGE('',*,*,#44,.F.);
#46=EDGE_LOOP('',(#45));
#47=FACE_BOUND('',#46,.T.);
#48=CARTESIAN_POINT('',(96.,34.7,61.499999));
#49=VERTEX_POINT('',#48);
#50=CARTESIAN_POINT('',(96.,34.7,61.499999));
#51=CARTESIAN_POINT('',(94.8,34.7,61.499999));
#52=CARTESIAN_POINT('',(94.8,33.5,61.499999));
#53=CARTESIAN_POINT('',(94.8,32.3,61.499999));
#54=CARTESIAN_POINT('',(96.,32.3,61.499999));
#55=CARTESIAN_POINT('',(97.2,32.3,61.499999));
#56=CARTESIAN_POINT('',(97.2,33.5,61.499999));
#57=CARTESIAN_POINT('',(97.2,34.7,61.499999));
#58=CARTESIAN_POINT('',(96.,34.7,61.499999));
#59=(BOUNDED_CURVE()
B_SPLINE_CURVE(2,(#50,#51,#52,#53,#54,#55,#56,#57,#58),.UNSPECIFIED.,.T.,.F.)
B_SPLINE_CURVE_WITH_KNOTS((3,2,2,2,3),(0.,1.570796327,3.141592654,4.71238898,6.283185307),.UNSPECIFIED.)
CURVE()
GEOMETRIC_REPRESENTATION_ITEM()
RATIONAL_B_SPLINE_CURVE((1.,0.707106781,1.,0.707106781,1.,0.707106781,1.,0.707106781,1.))
REPRESENTATION_ITEM(''));
#60=EDGE_CURVE('',#49,#49,#59,.T.);
#61=ORIENTED_EDGE('',*,*,#60,.F.);
#62=EDGE_LOOP('',(#61));
#63=FACE_BOUND('',#62,.T.);
#64=CARTESIAN_POINT('',(-96.,34.7,61.499999));
#65=VERTEX_POINT('',#64);
#66=CARTESIAN_POINT('',(-96.,34.7,61.499999));
#67=CARTESIAN_POINT('',(-97.2,34.7,61.499999));
#68=CARTESIAN_POINT('',(-97.2,33.5,61.499999));
#69=CARTESIAN_POINT('',(-97.2,32.3,61.499999));
#70=CARTESIAN_POINT('',(-96.,32.3,61.499999));
#71=CARTESIAN_POINT('',(-94.8,32.3,61.499999));
#72=CARTESIAN_POINT('',(-94.8,33.5,61.499999));
#73=CARTESIAN_POINT('',(-94.8,34.7,61.499999));
#74=CARTESIAN_POINT('',(-96.,34.7,61.499999));
#75=(BOUNDED_CURVE()
B_SPLINE_CURVE(2,(#66,#67,#68,#69,#70,#71,#72,#73,#74),.UNSPECIFIED.,.T.,.F.)
B_SPLINE_CURVE_WITH_KNOTS((3,2,2,2,3),(0.,1.570796327,3.141592654,4.71238898,6.283185307),.UNSPECIFIED.)
CURVE()
GEOMETRIC_REPRESENTATION_ITEM()
RATIONAL_B_SPLINE_CURVE((1.,0.707106781,1.,0.707106781,1.,0.707106781,1.,0.707106781,1.))
REPRESENTATION_ITEM(''));
#76=EDGE_CURVE('',#65,#65,#75,.T.);
#77=ORIENTED_EDGE('',*,*,#76,.F.);
#78=EDGE_LOOP('',(#77));
#79=FACE_BOUND('',#78,.T.);
#80=CARTESIAN_POINT('',(-96.,-32.3,61.499999));
#81=VERTEX_POINT('',#80);
#82=CARTESIAN_POINT('',(-96.,-32.3,61.499999));
#83=CARTESIAN_POINT('',(-97.2,-32.3,61.499999));
#84=CARTESIAN_POINT('',(-97.2,-33.5,61.499999));
#85=CARTESIAN_POINT('',(-97.2,-34.7,61.499999));
#86=CARTESIAN_POINT('',(-96.,-34.7,61.499999));
#87=CARTESIAN_POINT('',(-94.8,-34.7,61.499999));
#88=CARTESIAN_POINT('',(-94.8,-33.5,61.499999));
#89=CARTESIAN_POINT('',(-94.8,-32.3,61.499999));
#90=CARTESIAN_POINT('',(-96.,-32.3,61.499999));
#91=(BOUNDED_CURVE()
B_SPLINE_CURVE(2,(#82,#83,#84,#85,#86,#87,#88,#89,#90),.UNSPECIFIED.,.T.,.F.)
B_SPLINE_CURVE_WITH_KNOTS((3,2,2,2,3),(0.,1.570796327,3.141592654,4.71238898,6.283185307),.UNSPECIFIED.)
CURVE()
GEOMETRIC_REPRESENTATION_ITEM()
RATIONAL_B_SPLINE_CURVE((1.,0.707106781,1.,0.707106781,1.,0.707106781,1.,0.707106781,1.))
REPRESENTATION_ITEM(''));
#92=EDGE_CURVE('',#81,#81,#91,.T.);
#93=ORIENTED_EDGE('',*,*,#92,.F.);
#94=EDGE_LOOP('',(#93));
#95=FACE_BOUND('',#94,.T.);
#96=CARTESIAN_POINT('',(98.5,30.5,61.5));
#97=VERTEX_POINT('',#96);
#98=CARTESIAN_POINT('',(98.5,-30.5,61.5));
#99=VERTEX_POINT('',#98);
#100=CARTESIAN_POINT('',(98.5,30.5,61.5));
#101=CARTESIAN_POINT('',(98.5,-30.5,61.5));
#102=B_SPLINE_CURVE_WITH_KNOTS('',1,(#100,#101),.UNSPECIFIED.,.F.,.F.,(2,2),(0.0055,0.0665),.UNSPECIFIED.);
#103=EDGE_CURVE('',#97,#99,#102,.T.);
#104=ORIENTED_EDGE('',*,*,#103,.T.);
#105=CARTESIAN_POINT('',(96.,-30.5,61.5));
#106=VERTEX_POINT('',#105);
#107=CARTESIAN_POINT('',(98.5,-30.5,61.5));
#108=CARTESIAN_POINT('',(96.,-30.5,61.5));
#109=B_SPLINE_CURVE_WITH_KNOTS('',1,(#107,#108),.UNSPECIFIED.,.F.,.F.,(2,2),(-0.,0.0025),.UNSPECIFIED.);
#110=EDGE_CURVE('',#99,#106,#109,.T.);
#111=ORIENTED_EDGE('',*,*,#110,.T.);
#112=CARTESIAN_POINT('',(90.5,-36.,61.5));
#113=VERTEX_POINT('',#112);
#114=CARTESIAN_POINT('',(96.,-30.5,61.5));
#115=CARTESIAN_POINT('',(90.5,-36.,61.5));
#116=B_SPLINE_CURVE_WITH_KNOTS('',1,(#114,#115),.UNSPECIFIED.,.F.,.F.,(2,2),(-0.011313708,-0.003535534),.UNSPECIFIED.);
#117=EDGE_CURVE('',#106,#113,#116,.T.);
#118=ORIENTED_EDGE('',*,*,#117,.T.);
#119=CARTESIAN_POINT('',(58.63,-36.,61.5));
#120=VERTEX_POINT('',#119);
#121=CARTESIAN_POINT('',(90.5,-36.,61.5));
#122=CARTESIAN_POINT('',(58.63,-36.,61.5));
#123=B_SPLINE_CURVE_WITH_KNOTS('',1,(#121,#122),.UNSPECIFIED.,.F.,.F.,(2,2),(0.008,0.03987),.UNSPECIFIED.);
#124=EDGE_CURVE('',#113,#120,#123,.T.);
#125=ORIENTED_EDGE('',*,*,#124,.T.);
#126=CARTESIAN_POINT('',(58.63,-37.5,61.5));
#127=VERTEX_POINT('',#126);
#128=CARTESIAN_POINT('',(58.63,-37.5,61.5));
#129=CARTESIAN_POINT('',(58.63,-36.,61.5));
#130=B_SPLINE_CURVE_WITH_KNOTS('',1,(#128,#129),.UNSPECIFIED.,.F.,.F.,(2,2),(0.0085,0.01),.UNSPECIFIED.);
#131=EDGE_CURVE('',#127,#120,#130,.T.);
#132=ORIENTED_EDGE('',*,*,#131,.F.);
#133=CARTESIAN_POINT('',(100.,-37.5,61.5));
#134=VERTEX_POINT('',#133);
#135=CARTESIAN_POINT('',(58.63,-37.5,61.5));
#136=CARTESIAN_POINT('',(100.,-37.5,61.5));
#137=B_SPLINE_CURVE_WITH_KNOTS('',1,(#135,#136),.UNSPECIFIED.,.F.,.F.,(2,2),(0.15863,0.2),.UNSPECIFIED.);
#138=EDGE_CURVE('',#127,#134,#137,.T.);
#139=ORIENTED_EDGE('',*,*,#138,.T.);
#140=CARTESIAN_POINT('',(100.,37.5,61.5));
#141=VERTEX_POINT('',#140);
#142=CARTESIAN_POINT('',(100.,-37.5,61.5));
#143=CARTESIAN_POINT('',(100.,37.5,61.5));
#144=B_SPLINE_CURVE_WITH_KNOTS('',1,(#142,#143),.UNSPECIFIED.,.F.,.F.,(2,2),(0.,0.075),.UNSPECIFIED.);
#145=EDGE_CURVE('',#134,#141,#144,.T.);
#146=ORIENTED_EDGE('',*,*,#145,.T.);
#147=CARTESIAN_POINT('',(-100.,37.5,61.5));
#148=VERTEX_POINT('',#147);
#149=CARTESIAN_POINT('',(100.,37.5,61.5));
#150=CARTESIAN_POINT('',(-100.,37.5,61.5));
#151=B_SPLINE_CURVE_WITH_KNOTS('',1,(#149,#150),.UNSPECIFIED.,.F.,.F.,(2,2),(0.,0.2),.UNSPECIFIED.);
#152=EDGE_CURVE('',#141,#148,#151,.T.);
#153=ORIENTED_EDGE('',*,*,#152,.T.);
#154=CARTESIAN_POINT('',(-100.,-37.5,61.5));
#155=VERTEX_POINT('',#154);
#156=CARTESIAN_POINT('',(-100.,37.5,61.5));
#157=CARTESIAN_POINT('',(-100.,-37.5,61.5));
#158=B_SPLINE_CURVE_WITH_KNOTS('',1,(#156,#157),.UNSPECIFIED.,.F.,.F.,(2,2),(0.,0.075),.UNSPECIFIED.);
#159=EDGE_CURVE('',#148,#155,#158,.T.);
#160=ORIENTED_EDGE('',*,*,#159,.T.);
#161=CARTESIAN_POINT('',(18.63,-37.5,61.5));
#162=VERTEX_POINT('',#161);
#163=CARTESIAN_POINT('',(-100.,-37.5,61.5));
#164=CARTESIAN_POINT('',(18.63,-37.5,61.5));
#165=B_SPLINE_CURVE_WITH_KNOTS('',1,(#163,#164),.UNSPECIFIED.,.F.,.F.,(2,2),(0.,0.11863),.UNSPECIFIED.);
#166=EDGE_CURVE('',#155,#162,#165,.T.);
#167=ORIENTED_EDGE('',*,*,#166,.T.);
#168=CARTESIAN_POINT('',(18.63,-36.,61.5));
#169=VERTEX_POINT('',#168);
#170=CARTESIAN_POINT('',(18.63,-37.5,61.5));
#171=CARTESIAN_POINT('',(18.63,-36.,61.5));
#172=B_SPLINE_CURVE_WITH_KNOTS('',1,(#170,#171),.UNSPECIFIED.,.F.,.F.,(2,2),(0.0085,0.01),.UNSPECIFIED.);
#173=EDGE_CURVE('',#162,#169,#172,.T.);
#174=ORIENTED_EDGE('',*,*,#173,.T.);
#175=CARTESIAN_POINT('',(-90.5,-36.,61.5));
#176=VERTEX_POINT('',#175);
#177=CARTESIAN_POINT('',(18.63,-36.,61.5));
#178=CARTESIAN_POINT('',(-90.5,-36.,61.5));
#179=B_SPLINE_CURVE_WITH_KNOTS('',1,(#177,#178),.UNSPECIFIED.,.F.,.F.,(2,2),(0.07987,0.189),.UNSPECIFIED.);
#180=EDGE_CURVE('',#169,#176,#179,.T.);
#181=ORIENTED_EDGE('',*,*,#180,.T.);
#182=CARTESIAN_POINT('',(-96.,-30.5,61.5));
#183=VERTEX_POINT('',#182);
#184=CARTESIAN_POINT('',(-90.5,-36.,61.5));
#185=CARTESIAN_POINT('',(-96.,-30.5,61.5));
#186=B_SPLINE_CURVE_WITH_KNOTS('',1,(#184,#185),.UNSPECIFIED.,.F.,.F.,(2,2),(-0.007778175,0.),.UNSPECIFIED.);
#187=EDGE_CURVE('',#176,#183,#186,.T.);
#188=ORIENTED_EDGE('',*,*,#187,.T.);
#189=CARTESIAN_POINT('',(-98.5,-30.5,61.5));
#190=VERTEX_POINT('',#189);
#191=CARTESIAN_POINT('',(-96.,-30.5,61.5));
#192=CARTESIAN_POINT('',(-98.5,-30.5,61.5));
#193=B_SPLINE_CURVE_WITH_KNOTS('',1,(#191,#192),.UNSPECIFIED.,.F.,.F.,(2,2),(0.0075,0.01),.UNSPECIFIED.);
#194=EDGE_CURVE('',#183,#190,#193,.T.);
#195=ORIENTED_EDGE('',*,*,#194,.T.);
#196=CARTESIAN_POINT('',(-98.5,30.5,61.5));
#197=VERTEX_POINT('',#196);
#198=CARTESIAN_POINT('',(-98.5,-30.5,61.5));
#199=CARTESIAN_POINT('',(-98.5,30.5,61.5));
#200=B_SPLINE_CURVE_WITH_KNOTS('',1,(#198,#199),.UNSPECIFIED.,.F.,.F.,(2,2),(0.0055,0.0665),.UNSPECIFIED.);
#201=EDGE_CURVE('',#190,#197,#200,.T.);
#202=ORIENTED_EDGE('',*,*,#201,.T.);
#203=CARTESIAN_POINT('',(-96.,30.5,61.5));
#204=VERTEX_POINT('',#203);
#205=CARTESIAN_POINT('',(-96.,30.5,61.5));
#206=CARTESIAN_POINT('',(-98.5,30.5,61.5));
#207=B_SPLINE_CURVE_WITH_KNOTS('',1,(#205,#206),.UNSPECIFIED.,.F.,.F.,(2,2),(0.0075,0.01),.UNSPECIFIED.);
#208=EDGE_CURVE('',#204,#197,#207,.T.);
#209=ORIENTED_EDGE('',*,*,#208,.F.);
#210=CARTESIAN_POINT('',(-90.5,36.,61.5));
#211=VERTEX_POINT('',#210);
#212=CARTESIAN_POINT('',(-96.,30.5,61.5));
#213=CARTESIAN_POINT('',(-90.5,36.,61.5));
#214=B_SPLINE_CURVE_WITH_KNOTS('',1,(#212,#213),.UNSPECIFIED.,.F.,.F.,(2,2),(-0.011313708,-0.003535534),.UNSPECIFIED.);
#215=EDGE_CURVE('',#204,#211,#214,.T.);
#216=ORIENTED_EDGE('',*,*,#215,.T.);
#217=CARTESIAN_POINT('',(90.5,36.,61.5));
#218=VERTEX_POINT('',#217);
#219=CARTESIAN_POINT('',(-90.5,36.,61.5));
#220=CARTESIAN_POINT('',(90.5,36.,61.5));
#221=B_SPLINE_CURVE_WITH_KNOTS('',1,(#219,#220),.UNSPECIFIED.,.F.,.F.,(2,2),(0.008,0.189),.UNSPECIFIED.);
#222=EDGE_CURVE('',#211,#218,#221,.T.);
#223=ORIENTED_EDGE('',*,*,#222,.T.);
#224=CARTESIAN_POINT('',(96.,30.5,61.5));
#225=VERTEX_POINT('',#224);
#226=CARTESIAN_POINT('',(90.5,36.,61.5));
#227=CARTESIAN_POINT('',(96.,30.5,61.5));
#228=B_SPLINE_CURVE_WITH_KNOTS('',1,(#226,#227),.UNSPECIFIED.,.F.,.F.,(2,2),(-0.007778175,0.),.UNSPECIFIED.);
#229=EDGE_CURVE('',#218,#225,#228,.T.);
#230=ORIENTED_EDGE('',*,*,#229,.T.);
#231=CARTESIAN_POINT('',(98.5,30.5,61.5));
#232=CARTESIAN_POINT('',(96.,30.5,61.5));
#233=B_SPLINE_CURVE_WITH_KNOTS('',1,(#231,#232),.UNSPECIFIED.,.F.,.F.,(2,2),(0.,0.0025),.UNSPECIFIED.);
#234=EDGE_CURVE('',#97,#225,#233,.T.);
#235=ORIENTED_EDGE('',*,*,#234,.F.);
#236=EDGE_LOOP('',(#104,#111,#118,#125,#132,#139,#146,#153,#160,#167,#174,#181,#188,#195,#202,#209,#216,#223,#230,#235));
#237=FACE_BOUND('',#236,.T.);
#238=ADVANCED_FACE('',(#47,#63,#79,#95,#237),#31,.T.);
#239=CARTESIAN_POINT('',(-100.,-37.5,0.));
#240=CARTESIAN_POINT('',(-100.,60.5,0.));
#241=CARTESIAN_POINT('',(-100.,-37.5,61.5));
#242=CARTESIAN_POINT('',(-100.,60.5,61.5));
#243=B_SPLINE_SURFACE_WITH_KNOTS('',1,1,((#239,#240),(#241,#242)),.UNSPECIFIED.,.F.,.F.,.U.,(2,2),(2,2),(0.,0.0615),(-0.075,0.023),.UNSPECIFIED.);
#244=CARTESIAN_POINT('',(-100.,14.,7.25));
#245=VERTEX_POINT('',#244);
#246=CARTESIAN_POINT('',(-100.,14.,54.25));
#247=VERTEX_POINT('',#246);
#248=CARTESIAN_POINT('',(-100.,14.,7.25));
#249=CARTESIAN_POINT('',(-100.,14.,54.25));
#250=B_SPLINE_CURVE_WITH_KNOTS('',1,(#248,#249),.UNSPECIFIED.,.F.,.F.,(2,2),(0.,0.047),.UNSPECIFIED.);
#251=EDGE_CURVE('',#245,#247,#250,.T.);
#252=ORIENTED_EDGE('',*,*,#251,.F.);
#253=CARTESIAN_POINT('',(-100.,17.,7.25));
#254=VERTEX_POINT('',#253);
#255=CARTESIAN_POINT('',(-100.,17.,7.25));
#256=CARTESIAN_POINT('',(-100.,17.,5.75));
#257=CARTESIAN_POINT('',(-100.,15.5,5.75));
#258=CARTESIAN_POINT('',(-100.,14.,5.75));
#259=CARTESIAN_POINT('',(-100.,14.,7.25));
#260=(BOUNDED_CURVE()
B_SPLINE_CURVE(2,(#255,#256,#257,#258,#259),.UNSPECIFIED.,.F.,.F.)
B_SPLINE_CURVE_WITH_KNOTS((3,2,3),(1.570796327,3.141592654,4.71238898),.UNSPECIFIED.)
CURVE()
GEOMETRIC_REPRESENTATION_ITEM()
RATIONAL_B_SPLINE_CURVE((1.,0.707106781,1.,0.707106781,1.))
REPRESENTATION_ITEM(''));
#261=EDGE_CURVE('',#254,#245,#260,.T.);
#262=ORIENTED_EDGE('',*,*,#261,.F.);
#263=CARTESIAN_POINT('',(-100.,17.,54.25));
#264=VERTEX_POINT('',#263);
#265=CARTESIAN_POINT('',(-100.,17.,54.25));
#266=CARTESIAN_POINT('',(-100.,17.,7.25));
#267=B_SPLINE_CURVE_WITH_KNOTS('',1,(#265,#266),.UNSPECIFIED.,.F.,.F.,(2,2),(0.,0.047),.UNSPECIFIED.);
#268=EDGE_CURVE('',#264,#254,#267,.T.);
#269=ORIENTED_EDGE('',*,*,#268,.F.);
#270=CARTESIAN_POINT('',(-100.,15.5,55.75));
#271=VERTEX_POINT('',#270);
#272=CARTESIAN_POINT('',(-100.,14.,54.25));
#273=CARTESIAN_POINT('',(-100.,14.,55.75));
#274=CARTESIAN_POINT('',(-100.,15.5,55.75));
#275=CARTESIAN_POINT('',(-100.,17.,55.75));
#276=CARTESIAN_POINT('',(-100.,17.,54.25));
#277=(BOUNDED_CURVE()
B_SPLINE_CURVE(2,(#272,#273,#274,#275,#276),.UNSPECIFIED.,.F.,.F.)
B_SPLINE_CURVE_WITH_KNOTS((3,2,3),(4.71238898,6.283185307,7.853981634),.UNSPECIFIED.)
CURVE()
GEOMETRIC_REPRESENTATION_ITEM()
RATIONAL_B_SPLINE_CURVE((1.,0.707106781,1.,0.707106781,1.))
REPRESENTATION_ITEM(''));
#278=EDGE_CURVE('',#271,#264,#277,.T.);
#279=ORIENTED_EDGE('',*,*,#278,.F.);
#280=CARTESIAN_POINT('',(-100.,14.,54.25));
#281=CARTESIAN_POINT('',(-100.,14.,55.75));
#282=CARTESIAN_POINT('',(-100.,15.5,55.75));
#283=CARTESIAN_POINT('',(-100.,17.,55.75));
#284=CARTESIAN_POINT('',(-100.,17.,54.25));
#285=(BOUNDED_CURVE()
B_SPLINE_CURVE(2,(#280,#281,#282,#283,#284),.UNSPECIFIED.,.F.,.F.)
B_SPLINE_CURVE_WITH_KNOTS((3,2,3),(4.71238898,6.283185307,7.853981634),.UNSPECIFIED.)
CURVE()
GEOMETRIC_REPRESENTATION_ITEM()
RATIONAL_B_SPLINE_CURVE((1.,0.707106781,1.,0.707106781,1.))
REPRESENTATION_ITEM(''));
#286=EDGE_CURVE('',#247,#271,#285,.T.);
#287=ORIENTED_EDGE('',*,*,#286,.F.);
#288=EDGE_LOOP('',(#252,#262,#269,#279,#287));
#289=FACE_BOUND('',#288,.T.);
#290=CARTESIAN_POINT('',(-100.,9.,7.25));
#291=VERTEX_POINT('',#290);
#292=CARTESIAN_POINT('',(-100.,9.,54.25));
#293=VERTEX_POINT('',#292);
#294=CARTESIAN_POINT('',(-100.,9.,7.25));
#295=CARTESIAN_POINT('',(-100.,9.,54.25));
#296=B_SPLINE_CURVE_WITH_KNOTS('',1,(#294,#295),.UNSPECIFIED.,.F.,.F.,(2,2),(0.,0.047),.UNSPECIFIED.);
#297=EDGE_CURVE('',#291,#293,#296,.T.);
#298=ORIENTED_EDGE('',*,*,#297,.F.);
#299=CARTESIAN_POINT('',(-100.,12.,7.25));
#300=VERTEX_POINT('',#299);
#301=CARTESIAN_POINT('',(-100.,12.,7.25));
#302=CARTESIAN_POINT('',(-100.,12.,5.75));
#303=CARTESIAN_POINT('',(-100.,10.5,5.75));
#304=CARTESIAN_POINT('',(-100.,9.,5.75));
#305=CARTESIAN_POINT('',(-100.,9.,7.25));
#306=(BOUNDED_CURVE()
B_SPLINE_CURVE(2,(#301,#302,#303,#304,#305),.UNSPECIFIED.,.F.,.F.)
B_SPLINE_CURVE_WITH_KNOTS((3,2,3),(1.570796327,3.141592654,4.71238898),.UNSPECIFIED.)
CURVE()
GEOMETRIC_REPRESENTATION_ITEM()
RATIONAL_B_SPLINE_CURVE((1.,0.707106781,1.,0.707106781,1.))
REPRESENTATION_ITEM(''));
#307=EDGE_CURVE('',#300,#291,#306,.T.);
#308=ORIENTED_EDGE('',*,*,#307,.F.);
#309=CARTESIAN_POINT('',(-100.,12.,54.25));
#310=VERTEX_POINT('',#309);
#311=CARTESIAN_POINT('',(-100.,12.,54.25));
#312=CARTESIAN_POINT('',(-100.,12.,7.25));
#313=B_SPLINE_CURVE_WITH_KNOTS('',1,(#311,#312),.UNSPECIFIED.,.F.,.F.,(2,2),(0.,0.047),.UNSPECIFIED.);
#314=EDGE_CURVE('',#310,#300,#313,.T.);
#315=ORIENTED_EDGE('',*,*,#314,.F.);
#316=CARTESIAN_POINT('',(-100.,10.5,55.75));
#317=VERTEX_POINT('',#316);
#318=CARTESIAN_POINT('',(-100.,9.,54.25));
#319=CARTESIAN_POINT('',(-100.,9.,55.75));
#320=CARTESIAN_POINT('',(-100.,10.5,55.75));
#321=CARTESIAN_POINT('',(-100.,12.,55.75));
#322=CARTESIAN_POINT('',(-100.,12.,54.25));
#323=(BOUNDED_CURVE()
B_SPLINE_CURVE(2,(#318,#319,#320,#321,#322),.UNSPECIFIED.,.F.,.F.)
B_SPLINE_CURVE_WITH_KNOTS((3,2,3),(4.71238898,6.283185307,7.853981634),.UNSPECIFIED.)
CURVE()
GEOMETRIC_REPRESENTATION_ITEM()
RATIONAL_B_SPLINE_CURVE((1.,0.707106781,1.,0.707106781,1.))
REPRESENTATION_ITEM(''));
#324=EDGE_CURVE('',#317,#310,#323,.T.);
#325=ORIENTED_EDGE('',*,*,#324,.F.);
#326=CARTESIAN_POINT('',(-100.,9.,54.25));
#327=CARTESIAN_POINT('',(-100.,9.,55.75));
#328=CARTESIAN_POINT('',(-100.,10.5,55.75));
#329=CARTESIAN_POINT('',(-100.,12.,55.75));
#330=CARTESIAN_POINT('',(-100.,12.,54.25));
#331=(BOUNDED_CURVE()
B_SPLINE_CURVE(2,(#326,#327,#328,#329,#330),.UNSPECIFIED.,.F.,.F.)
B_SPLINE_CURVE_WITH_KNOTS((3,2,3),(4.71238898,6.283185307,7.853981634),.UNSPECIFIED.)
CURVE()
GEOMETRIC_REPRESENTATION_ITEM()
RATIONAL_B_SPLINE_CURVE((1.,0.707106781,1.,0.707106781,1.))
REPRESENTATION_ITEM(''));
#332=EDGE_CURVE('',#293,#317,#331,.T.);
#333=ORIENTED_EDGE('',*,*,#332,.F.);
#334=EDGE_LOOP('',(#298,#308,#315,#325,#333));
#335=FACE_BOUND('',#334,.T.);
#336=CARTESIAN_POINT('',(-100.,4.,7.25));
#337=VERTEX_POINT('',#336);
#338=CARTESIAN_POINT('',(-100.,4.,54.25));
#339=VERTEX_POINT('',#338);
#340=CARTESIAN_POINT('',(-100.,4.,7.25));
#341=CARTESIAN_POINT('',(-100.,4.,54.25));
#342=B_SPLINE_CURVE_WITH_KNOTS('',1,(#340,#341),.UNSPECIFIED.,.F.,.F.,(2,2),(0.,0.047),.UNSPECIFIED.);
#343=EDGE_CURVE('',#337,#339,#342,.T.);
#344=ORIENTED_EDGE('',*,*,#343,.F.);
#345=CARTESIAN_POINT('',(-100.,7.,7.25));
#346=VERTEX_POINT('',#345);
#347=CARTESIAN_POINT('',(-100.,7.,7.25));
#348=CARTESIAN_POINT('',(-100.,7.,5.75));
#349=CARTESIAN_POINT('',(-100.,5.5,5.75));
#350=CARTESIAN_POINT('',(-100.,4.,5.75));
#351=CARTESIAN_POINT('',(-100.,4.,7.25));
#352=(BOUNDED_CURVE()
B_SPLINE_CURVE(2,(#347,#348,#349,#350,#351),.UNSPECIFIED.,.F.,.F.)
B_SPLINE_CURVE_WITH_KNOTS((3,2,3),(1.570796327,3.141592654,4.71238898),.UNSPECIFIED.)
CURVE()
GEOMETRIC_REPRESENTATION_ITEM()
RATIONAL_B_SPLINE_CURVE((1.,0.707106781,1.,0.707106781,1.))
REPRESENTATION_ITEM(''));
#353=EDGE_CURVE('',#346,#337,#352,.T.);
#354=ORIENTED_EDGE('',*,*,#353,.F.);
#355=CARTESIAN_POINT('',(-100.,7.,54.25));
#356=VERTEX_POINT('',#355);
#357=CARTESIAN_POINT('',(-100.,7.,54.25));
#358=CARTESIAN_POINT('',(-100.,7.,7.25));
#359=B_SPLINE_CURVE_WITH_KNOTS('',1,(#357,#358),.UNSPECIFIED.,.F.,.F.,(2,2),(0.,0.047),.UNSPECIFIED.);
#360=EDGE_CURVE('',#356,#346,#359,.T.);
#361=ORIENTED_EDGE('',*,*,#360,.F.);
#362=CARTESIAN_POINT('',(-100.,5.5,55.75));
#363=VERTEX_POINT('',#362);
#364=CARTESIAN_POINT('',(-100.,4.,54.25));
#365=CARTESIAN_POINT('',(-100.,4.,55.75));
#366=CARTESIAN_POINT('',(-100.,5.5,55.75));
#367=CARTESIAN_POINT('',(-100.,7.,55.75));
#368=CARTESIAN_POINT('',(-100.,7.,54.25));
#369=(BOUNDED_CURVE()
B_SPLINE_CURVE(2,(#364,#365,#366,#367,#368),.UNSPECIFIED.,.F.,.F.)
B_SPLINE_CURVE_WITH_KNOTS((3,2,3),(4.71238898,6.283185307,7.853981634),.UNSPECIFIED.)
CURVE()
GEOMETRIC_REPRESENTATION_ITEM()
RATIONAL_B_SPLINE_CURVE((1.,0.707106781,1.,0.707106781,1.))
REPRESENTATION_ITEM(''));
#370=EDGE_CURVE('',#363,#356,#369,.T.);
#371=ORIENTED_EDGE('',*,*,#370,.F.);
#372=CARTESIAN_POINT('',(-100.,4.,54.25));
#373=CARTESIAN_POINT('',(-100.,4.,55.75));
#374=CARTESIAN_POINT('',(-100.,5.5,55.75));
#375=CARTESIAN_POINT('',(-100.,7.,55.75));
#376=CARTESIAN_POINT('',(-100.,7.,54.25));
#377=(BOUNDED_CURVE()
B_SPLINE_CURVE(2,(#372,#373,#374,#375,#376),.UNSPECIFIED.,.F.,.F.)
B_SPLINE_CURVE_WITH_KNOTS((3,2,3),(4.71238898,6.283185307,7.853981634),.UNSPECIFIED.)
CURVE()
GEOMETRIC_REPRESENTATION_ITEM()
RATIONAL_B_SPLINE_CURVE((1.,0.707106781,1.,0.707106781,1.))
REPRESENTATION_ITEM(''));
#378=EDGE_CURVE('',#339,#363,#377,.T.);
#379=ORIENTED_EDGE('',*,*,#378,.F.);
#380=EDGE_LOOP('',(#344,#354,#361,#371,#379));
#381=FACE_BOUND('',#380,.T.);
#382=CARTESIAN_POINT('',(-100.,-1.,7.25));
#383=VERTEX_POINT('',#382);
#384=CARTESIAN_POINT('',(-100.,-1.,54.25));
#385=VERTEX_POINT('',#384);
#386=CARTESIAN_POINT('',(-100.,-1.,7.25));
#387=CARTESIAN_POINT('',(-100.,-1.,54.25));
#388=B_SPLINE_CURVE_WITH_KNOTS('',1,(#386,#387),.UNSPECIFIED.,.F.,.F.,(2,2),(0.,0.047),.UNSPECIFIED.);
#389=EDGE_CURVE('',#383,#385,#388,.T.);
#390=ORIENTED_EDGE('',*,*,#389,.F.);
#391=CARTESIAN_POINT('',(-100.,2.,7.25));
#392=VERTEX_POINT('',#391);
#393=CARTESIAN_POINT('',(-100.,2.,7.25));
#394=CARTESIAN_POINT('',(-100.,2.,5.75));
#395=CARTESIAN_POINT('',(-100.,0.5,5.75));
#396=CARTESIAN_POINT('',(-100.,-1.,5.75));
#397=CARTESIAN_POINT('',(-100.,-1.,7.25));
#398=(BOUNDED_CURVE()
B_SPLINE_CURVE(2,(#393,#394,#395,#396,#397),.UNSPECIFIED.,.F.,.F.)
B_SPLINE_CURVE_WITH_KNOTS((3,2,3),(1.570796327,3.141592654,4.71238898),.UNSPECIFIED.)
CURVE()
GEOMETRIC_REPRESENTATION_ITEM()
RATIONAL_B_SPLINE_CURVE((1.,0.707106781,1.,0.707106781,1.))
REPRESENTATION_ITEM(''));
#399=EDGE_CURVE('',#392,#383,#398,.T.);
#400=ORIENTED_EDGE('',*,*,#399,.F.);
#401=CARTESIAN_POINT('',(-100.,2.,54.25));
#402=VERTEX_POINT('',#401);
#403=CARTESIAN_POINT('',(-100.,2.,54.25));
#404=CARTESIAN_POINT('',(-100.,2.,7.25));
#405=B_SPLINE_CURVE_WITH_KNOTS('',1,(#403,#404),.UNSPECIFIED.,.F.,.F.,(2,2),(0.,0.047),.UNSPECIFIED.);
#406=EDGE_CURVE('',#402,#392,#405,.T.);
#407=ORIENTED_EDGE('',*,*,#406,.F.);
#408=CARTESIAN_POINT('',(-100.,0.5,55.75));
#409=VERTEX_POINT('',#408);
#410=CARTESIAN_POINT('',(-100.,-1.,54.25));
#411=CARTESIAN_POINT('',(-100.,-1.,55.75));
#412=CARTESIAN_POINT('',(-100.,0.5,55.75));
#413=CARTESIAN_POINT('',(-100.,2.,55.75));
#414=CARTESIAN_POINT('',(-100.,2.,54.25));
#415=(BOUNDED_CURVE()
B_SPLINE_CURVE(2,(#410,#411,#412,#413,#414),.UNSPECIFIED.,.F.,.F.)
B_SPLINE_CURVE_WITH_KNOTS((3,2,3),(4.71238898,6.283185307,7.853981634),.UNSPECIFIED.)
CURVE()
GEOMETRIC_REPRESENTATION_ITEM()
RATIONAL_B_SPLINE_CURVE((1.,0.707106781,1.,0.707106781,1.))
REPRESENTATION_ITEM(''));
#416=EDGE_CURVE('',#409,#402,#415,.T.);
#417=ORIENTED_EDGE('',*,*,#416,.F.);
#418=CARTESIAN_POINT('',(-100.,-1.,54.25));
#419=CARTESIAN_POINT('',(-100.,-1.,55.75));
#420=CARTESIAN_POINT('',(-100.,0.5,55.75));
#421=CARTESIAN_POINT('',(-100.,2.,55.75));
#422=CARTESIAN_POINT('',(-100.,2.,54.25));
#423=(BOUNDED_CURVE()
B_SPLINE_CURVE(2,(#418,#419,#420,#421,#422),.UNSPECIFIED.,.F.,.F.)
B_SPLINE_CURVE_WITH_KNOTS((3,2,3),(4.71238898,6.283185307,7.853981634),.UNSPECIFIED.)
CURVE()
GEOMETRIC_REPRESENTATION_ITEM()
RATIONAL_B_SPLINE_CURVE((1.,0.707106781,1.,0.707106781,1.))
REPRESENTATION_ITEM(''));
#424=EDGE_CURVE('',#385,#409,#423,.T.);
#425=ORIENTED_EDGE('',*,*,#424,.F.);
#426=EDGE_LOOP('',(#390,#400,#407,#417,#425));
#427=FACE_BOUND('',#426,.T.);
#428=CARTESIAN_POINT('',(-100.,-6.,7.25));
#429=VERTEX_POINT('',#428);
#430=CARTESIAN_POINT('',(-100.,-6.,54.25));
#431=VERTEX_POINT('',#430);
#432=CARTESIAN_POINT('',(-100.,-6.,7.25));
#433=CARTESIAN_POINT('',(-100.,-6.,54.25));
#434=B_SPLINE_CURVE_WITH_KNOTS('',1,(#432,#433),.UNSPECIFIED.,.F.,.F.,(2,2),(0.,0.047),.UNSPECIFIED.);
#435=EDGE_CURVE('',#429,#431,#434,.T.);
#436=ORIENTED_EDGE('',*,*,#435,.F.);
#437=CARTESIAN_POINT('',(-100.,-3.,7.25));
#438=VERTEX_POINT('',#437);
#439=CARTESIAN_POINT('',(-100.,-3.,7.25));
#440=CARTESIAN_POINT('',(-100.,-3.,5.75));
#441=CARTESIAN_POINT('',(-100.,-4.5,5.75));
#442=CARTESIAN_POINT('',(-100.,-6.,5.75));
#443=CARTESIAN_POINT('',(-100.,-6.,7.25));
#444=(BOUNDED_CURVE()
B_SPLINE_CURVE(2,(#439,#440,#441,#442,#443),.UNSPECIFIED.,.F.,.F.)
B_SPLINE_CURVE_WITH_KNOTS((3,2,3),(1.570796327,3.141592654,4.71238898),.UNSPECIFIED.)
CURVE()
GEOMETRIC_REPRESENTATION_ITEM()
RATIONAL_B_SPLINE_CURVE((1.,0.707106781,1.,0.707106781,1.))
REPRESENTATION_ITEM(''));
#445=EDGE_CURVE('',#438,#429,#444,.T.);
#446=ORIENTED_EDGE('',*,*,#445,.F.);
#447=CARTESIAN_POINT('',(-100.,-3.,54.25));
#448=VERTEX_POINT('',#447);
#449=CARTESIAN_POINT('',(-100.,-3.,54.25));
#450=CARTESIAN_POINT('',(-100.,-3.,7.25));
#451=B_SPLINE_CURVE_WITH_KNOTS('',1,(#449,#450),.UNSPECIFIED.,.F.,.F.,(2,2),(0.,0.047),.UNSPECIFIED.);
#452=EDGE_CURVE('',#448,#438,#451,.T.);
#453=ORIENTED_EDGE('',*,*,#452,.F.);
#454=CARTESIAN_POINT('',(-100.,-4.5,55.75));
#455=VERTEX_POINT('',#454);
#456=CARTESIAN_POINT('',(-100.,-6.,54.25));
#457=CARTESIAN_POINT('',(-100.,-6.,55.75));
#458=CARTESIAN_POINT('',(-100.,-4.5,55.75));
#459=CARTESIAN_POINT('',(-100.,-3.,55.75));
#460=CARTESIAN_POINT('',(-100.,-3.,54.25));
#461=(BOUNDED_CURVE()
B_SPLINE_CURVE(2,(#456,#457,#458,#459,#460),.UNSPECIFIED.,.F.,.F.)
B_SPLINE_CURVE_WITH_KNOTS((3,2,3),(4.71238898,6.283185307,7.853981634),.UNSPECIFIED.)
CURVE()
GEOMETRIC_REPRESENTATION_ITEM()
RATIONAL_B_SPLINE_CURVE((1.,0.707106781,1.,0.707106781,1.))
REPRESENTATION_ITEM(''));
#462=EDGE_CURVE('',#455,#448,#461,.T.);
#463=ORIENTED_EDGE('',*,*,#462,.F.);
#464=CARTESIAN_POINT('',(-100.,-6.,54.25));
#465=CARTESIAN_POINT('',(-100.,-6.,55.75));
#466=CARTESIAN_POINT('',(-100.,-4.5,55.75));
#467=CARTESIAN_POINT('',(-100.,-3.,55.75));
#468=CARTESIAN_POINT('',(-100.,-3.,54.25));
#469=(BOUNDED_CURVE()
B_SPLINE_CURVE(2,(#464,#465,#466,#467,#468),.UNSPECIFIED.,.F.,.F.)
B_SPLINE_CURVE_WITH_KNOTS((3,2,3),(4.71238898,6.283185307,7.853981634),.UNSPECIFIED.)
CURVE()
GEOMETRIC_REPRESENTATION_ITEM()
RATIONAL_B_SPLINE_CURVE((1.,0.707106781,1.,0.707106781,1.))
REPRESENTATION_ITEM(''));
#470=EDGE_CURVE('',#431,#455,#469,.T.);
#471=ORIENTED_EDGE('',*,*,#470,.F.);
#472=EDGE_LOOP('',(#436,#446,#453,#463,#471));
#473=FACE_BOUND('',#472,.T.);
#474=CARTESIAN_POINT('',(-100.,-11.,7.25));
#475=VERTEX_POINT('',#474);
#476=CARTESIAN_POINT('',(-100.,-11.,54.25));
#477=VERTEX_POINT('',#476);
#478=CARTESIAN_POINT('',(-100.,-11.,7.25));
#479=CARTESIAN_POINT('',(-100.,-11.,54.25));
#480=B_SPLINE_CURVE_WITH_KNOTS('',1,(#478,#479),.UNSPECIFIED.,.F.,.F.,(2,2),(0.,0.047),.UNSPECIFIED.);
#481=EDGE_CURVE('',#475,#477,#480,.T.);
#482=ORIENTED_EDGE('',*,*,#481,.F.);
#483=CARTESIAN_POINT('',(-100.,-8.,7.25));
#484=VERTEX_POINT('',#483);
#485=CARTESIAN_POINT('',(-100.,-8.,7.25));
#486=CARTESIAN_POINT('',(-100.,-8.,5.75));
#487=CARTESIAN_POINT('',(-100.,-9.5,5.75));
#488=CARTESIAN_POINT('',(-100.,-11.,5.75));
#489=CARTESIAN_POINT('',(-100.,-11.,7.25));
#490=(BOUNDED_CURVE()
B_SPLINE_CURVE(2,(#485,#486,#487,#488,#489),.UNSPECIFIED.,.F.,.F.)
B_SPLINE_CURVE_WITH_KNOTS((3,2,3),(1.570796327,3.141592654,4.71238898),.UNSPECIFIED.)
CURVE()
GEOMETRIC_REPRESENTATION_ITEM()
RATIONAL_B_SPLINE_CURVE((1.,0.707106781,1.,0.707106781,1.))
REPRESENTATION_ITEM(''));
#491=EDGE_CURVE('',#484,#475,#490,.T.);
#492=ORIENTED_EDGE('',*,*,#491,.F.);
#493=CARTESIAN_POINT('',(-100.,-8.,54.25));
#494=VERTEX_POINT('',#493);
#495=CARTESIAN_POINT('',(-100.,-8.,54.25));
#496=CARTESIAN_POINT('',(-100.,-8.,7.25));
#497=B_SPLINE_CURVE_WITH_KNOTS('',1,(#495,#496),.UNSPECIFIED.,.F.,.F.,(2,2),(0.,0.047),.UNSPECIFIED.);
#498=EDGE_CURVE('',#494,#484,#497,.T.);
#499=ORIENTED_EDGE('',*,*,#498,.F.);
#500=CARTESIAN_POINT('',(-100.,-9.5,55.75));
#501=VERTEX_POINT('',#500);
#502=CARTESIAN_POINT('',(-100.,-11.,54.25));
#503=CARTESIAN_POINT('',(-100.,-11.,55.75));
#504=CARTESIAN_POINT('',(-100.,-9.5,55.75));
#505=CARTESIAN_POINT('',(-100.,-8.,55.75));
#506=CARTESIAN_POINT('',(-100.,-8.,54.25));
#507=(BOUNDED_CURVE()
B_SPLINE_CURVE(2,(#502,#503,#504,#505,#506),.UNSPECIFIED.,.F.,.F.)
B_SPLINE_CURVE_WITH_KNOTS((3,2,3),(4.71238898,6.283185307,7.853981634),.UNSPECIFIED.)
CURVE()
GEOMETRIC_REPRESENTATION_ITEM()
RATIONAL_B_SPLINE_CURVE((1.,0.707106781,1.,0.707106781,1.))
REPRESENTATION_ITEM(''));
#508=EDGE_CURVE('',#501,#494,#507,.T.);
#509=ORIENTED_EDGE('',*,*,#508,.F.);
#510=CARTESIAN_POINT('',(-100.,-11.,54.25));
#511=CARTESIAN_POINT('',(-100.,-11.,55.75));
#512=CARTESIAN_POINT('',(-100.,-9.5,55.75));
#513=CARTESIAN_POINT('',(-100.,-8.,55.75));
#514=CARTESIAN_POINT('',(-100.,-8.,54.25));
#515=(BOUNDED_CURVE()
B_SPLINE_CURVE(2,(#510,#511,#512,#513,#514),.UNSPECIFIED.,.F.,.F.)
B_SPLINE_CURVE_WITH_KNOTS((3,2,3),(4.71238898,6.283185307,7.853981634),.UNSPECIFIED.)
CURVE()
GEOMETRIC_REPRESENTATION_ITEM()
RATIONAL_B_SPLINE_CURVE((1.,0.707106781,1.,0.707106781,1.))
REPRESENTATION_ITEM(''));
#516=EDGE_CURVE('',#477,#501,#515,.T.);
#517=ORIENTED_EDGE('',*,*,#516,.F.);
#518=EDGE_LOOP('',(#482,#492,#499,#509,#517));
#519=FACE_BOUND('',#518,.T.);
#520=CARTESIAN_POINT('',(-100.,-16.,7.25));
#521=VERTEX_POINT('',#520);
#522=CARTESIAN_POINT('',(-100.,-16.,54.25));
#523=VERTEX_POINT('',#522);
#524=CARTESIAN_POINT('',(-100.,-16.,7.25));
#525=CARTESIAN_POINT('',(-100.,-16.,54.25));
#526=B_SPLINE_CURVE_WITH_KNOTS('',1,(#524,#525),.UNSPECIFIED.,.F.,.F.,(2,2),(0.,0.047),.UNSPECIFIED.);
#527=EDGE_CURVE('',#521,#523,#526,.T.);
#528=ORIENTED_EDGE('',*,*,#527,.F.);
#529=CARTESIAN_POINT('',(-100.,-13.,7.25));
#530=VERTEX_POINT('',#529);
#531=CARTESIAN_POINT('',(-100.,-13.,7.25));
#532=CARTESIAN_POINT('',(-100.,-13.,5.75));
#533=CARTESIAN_POINT('',(-100.,-14.5,5.75));
#534=CARTESIAN_POINT('',(-100.,-16.,5.75));
#535=CARTESIAN_POINT('',(-100.,-16.,7.25));
#536=(BOUNDED_CURVE()
B_SPLINE_CURVE(2,(#531,#532,#533,#534,#535),.UNSPECIFIED.,.F.,.F.)
B_SPLINE_CURVE_WITH_KNOTS((3,2,3),(1.570796327,3.141592654,4.71238898),.UNSPECIFIED.)
CURVE()
GEOMETRIC_REPRESENTATION_ITEM()
RATIONAL_B_SPLINE_CURVE((1.,0.707106781,1.,0.707106781,1.))
REPRESENTATION_ITEM(''));
#537=EDGE_CURVE('',#530,#521,#536,.T.);
#538=ORIENTED_EDGE('',*,*,#537,.F.);
#539=CARTESIAN_POINT('',(-100.,-13.,54.25));
#540=VERTEX_POINT('',#539);
#541=CARTESIAN_POINT('',(-100.,-13.,54.25));
#542=CARTESIAN_POINT('',(-100.,-13.,7.25));
#543=B_SPLINE_CURVE_WITH_KNOTS('',1,(#541,#542),.UNSPECIFIED.,.F.,.F.,(2,2),(0.,0.047),.UNSPECIFIED.);
#544=EDGE_CURVE('',#540,#530,#543,.T.);
#545=ORIENTED_EDGE('',*,*,#544,.F.);
#546=CARTESIAN_POINT('',(-100.,-14.5,55.75));
#547=VERTEX_POINT('',#546);
#548=CARTESIAN_POINT('',(-100.,-16.,54.25));
#549=CARTESIAN_POINT('',(-100.,-16.,55.75));
#550=CARTESIAN_POINT('',(-100.,-14.5,55.75));
#551=CARTESIAN_POINT('',(-100.,-13.,55.75));
#552=CARTESIAN_POINT('',(-100.,-13.,54.25));
#553=(BOUNDED_CURVE()
B_SPLINE_CURVE(2,(#548,#549,#550,#551,#552),.UNSPECIFIED.,.F.,.F.)
B_SPLINE_CURVE_WITH_KNOTS((3,2,3),(4.71238898,6.283185307,7.853981634),.UNSPECIFIED.)
CURVE()
GEOMETRIC_REPRESENTATION_ITEM()
RATIONAL_B_SPLINE_CURVE((1.,0.707106781,1.,0.707106781,1.))
REPRESENTATION_ITEM(''));
#554=EDGE_CURVE('',#547,#540,#553,.T.);
#555=ORIENTED_EDGE('',*,*,#554,.F.);
#556=CARTESIAN_POINT('',(-100.,-16.,54.25));
#557=CARTESIAN_POINT('',(-100.,-16.,55.75));
#558=CARTESIAN_POINT('',(-100.,-14.5,55.75));
#559=CARTESIAN_POINT('',(-100.,-13.,55.75));
#560=CARTESIAN_POINT('',(-100.,-13.,54.25));
#561=(BOUNDED_CURVE()
B_SPLINE_CURVE(2,(#556,#557,#558,#559,#560),.UNSPECIFIED.,.F.,.F.)
B_SPLINE_CURVE_WITH_KNOTS((3,2,3),(4.71238898,6.283185307,7.853981634),.UNSPECIFIED.)
CURVE()
GEOMETRIC_REPRESENTATION_ITEM()
RATIONAL_B_SPLINE_CURVE((1.,0.707106781,1.,0.707106781,1.))
REPRESENTATION_ITEM(''));
#562=EDGE_CURVE('',#523,#547,#561,.T.);
#563=ORIENTED_EDGE('',*,*,#562,.F.);
#564=EDGE_LOOP('',(#528,#538,#545,#555,#563));
#565=FACE_BOUND('',#564,.T.);
#566=CARTESIAN_POINT('',(-100.,-21.,7.25));
#567=VERTEX_POINT('',#566);
#568=CARTESIAN_POINT('',(-100.,-21.,54.25));
#569=VERTEX_POINT('',#568);
#570=CARTESIAN_POINT('',(-100.,-21.,7.25));
#571=CARTESIAN_POINT('',(-100.,-21.,54.25));
#572=B_SPLINE_CURVE_WITH_KNOTS('',1,(#570,#571),.UNSPECIFIED.,.F.,.F.,(2,2),(0.,0.047),.UNSPECIFIED.);
#573=EDGE_CURVE('',#567,#569,#572,.T.);
#574=ORIENTED_EDGE('',*,*,#573,.F.);
#575=CARTESIAN_POINT('',(-100.,-18.,7.25));
#576=VERTEX_POINT('',#575);
#577=CARTESIAN_POINT('',(-100.,-18.,7.25));
#578=CARTESIAN_POINT('',(-100.,-18.,5.75));
#579=CARTESIAN_POINT('',(-100.,-19.5,5.75));
#580=CARTESIAN_POINT('',(-100.,-21.,5.75));
#581=CARTESIAN_POINT('',(-100.,-21.,7.25));
#582=(BOUNDED_CURVE()
B_SPLINE_CURVE(2,(#577,#578,#579,#580,#581),.UNSPECIFIED.,.F.,.F.)
B_SPLINE_CURVE_WITH_KNOTS((3,2,3),(1.570796327,3.141592654,4.71238898),.UNSPECIFIED.)
CURVE()
GEOMETRIC_REPRESENTATION_ITEM()
RATIONAL_B_SPLINE_CURVE((1.,0.707106781,1.,0.707106781,1.))
REPRESENTATION_ITEM(''));
#583=EDGE_CURVE('',#576,#567,#582,.T.);
#584=ORIENTED_EDGE('',*,*,#583,.F.);
#585=CARTESIAN_POINT('',(-100.,-18.,54.25));
#586=VERTEX_POINT('',#585);
#587=CARTESIAN_POINT('',(-100.,-18.,54.25));
#588=CARTESIAN_POINT('',(-100.,-18.,7.25));
#589=B_SPLINE_CURVE_WITH_KNOTS('',1,(#587,#588),.UNSPECIFIED.,.F.,.F.,(2,2),(0.,0.047),.UNSPECIFIED.);
#590=EDGE_CURVE('',#586,#576,#589,.T.);
#591=ORIENTED_EDGE('',*,*,#590,.F.);
#592=CARTESIAN_POINT('',(-100.,-19.5,55.75));
#593=VERTEX_POINT('',#592);
#594=CARTESIAN_POINT('',(-100.,-21.,54.25));
#595=CARTESIAN_POINT('',(-100.,-21.,55.75));
#596=CARTESIAN_POINT('',(-100.,-19.5,55.75));
#597=CARTESIAN_POINT('',(-100.,-18.,55.75));
#598=CARTESIAN_POINT('',(-100.,-18.,54.25));
#599=(BOUNDED_CURVE()
B_SPLINE_CURVE(2,(#594,#595,#596,#597,#598),.UNSPECIFIED.,.F.,.F.)
B_SPLINE_CURVE_WITH_KNOTS((3,2,3),(4.71238898,6.283185307,7.853981634),.UNSPECIFIED.)
CURVE()
GEOMETRIC_REPRESENTATION_ITEM()
RATIONAL_B_SPLINE_CURVE((1.,0.707106781,1.,0.707106781,1.))
REPRESENTATION_ITEM(''));
#600=EDGE_CURVE('',#593,#586,#599,.T.);
#601=ORIENTED_EDGE('',*,*,#600,.F.);
#602=CARTESIAN_POINT('',(-100.,-21.,54.25));
#603=CARTESIAN_POINT('',(-100.,-21.,55.75));
#604=CARTESIAN_POINT('',(-100.,-19.5,55.75));
#605=CARTESIAN_POINT('',(-100.,-18.,55.75));
#606=CARTESIAN_POINT('',(-100.,-18.,54.25));
#607=(BOUNDED_CURVE()
B_SPLINE_CURVE(2,(#602,#603,#604,#605,#606),.UNSPECIFIED.,.F.,.F.)
B_SPLINE_CURVE_WITH_KNOTS((3,2,3),(4.71238898,6.283185307,7.853981634),.UNSPECIFIED.)
CURVE()
GEOMETRIC_REPRESENTATION_ITEM()
RATIONAL_B_SPLINE_CURVE((1.,0.707106781,1.,0.707106781,1.))
REPRESENTATION_ITEM(''));
#608=EDGE_CURVE('',#569,#593,#607,.T.);
#609=ORIENTED_EDGE('',*,*,#608,.F.);
#610=EDGE_LOOP('',(#574,#584,#591,#601,#609));
#611=FACE_BOUND('',#610,.T.);
#612=CARTESIAN_POINT('',(-100.,19.,7.25));
#613=VERTEX_POINT('',#612);
#614=CARTESIAN_POINT('',(-100.,19.,54.25));
#615=VERTEX_POINT('',#614);
#616=CARTESIAN_POINT('',(-100.,19.,7.25));
#617=CARTESIAN_POINT('',(-100.,19.,54.25));
#618=B_SPLINE_CURVE_WITH_KNOTS('',1,(#616,#617),.UNSPECIFIED.,.F.,.F.,(2,2),(0.,0.047),.UNSPECIFIED.);
#619=EDGE_CURVE('',#613,#615,#618,.T.);
#620=ORIENTED_EDGE('',*,*,#619,.F.);
#621=CARTESIAN_POINT('',(-100.,22.,7.25));
#622=VERTEX_POINT('',#621);
#623=CARTESIAN_POINT('',(-100.,22.,7.25));
#624=CARTESIAN_POINT('',(-100.,22.,5.75));
#625=CARTESIAN_POINT('',(-100.,20.5,5.75));
#626=CARTESIAN_POINT('',(-100.,19.,5.75));
#627=CARTESIAN_POINT('',(-100.,19.,7.25));
#628=(BOUNDED_CURVE()
B_SPLINE_CURVE(2,(#623,#624,#625,#626,#627),.UNSPECIFIED.,.F.,.F.)
B_SPLINE_CURVE_WITH_KNOTS((3,2,3),(1.570796327,3.141592654,4.71238898),.UNSPECIFIED.)
CURVE()
GEOMETRIC_REPRESENTATION_ITEM()
RATIONAL_B_SPLINE_CURVE((1.,0.707106781,1.,0.707106781,1.))
REPRESENTATION_ITEM(''));
#629=EDGE_CURVE('',#622,#613,#628,.T.);
#630=ORIENTED_EDGE('',*,*,#629,.F.);
#631=CARTESIAN_POINT('',(-100.,22.,54.25));
#632=VERTEX_POINT('',#631);
#633=CARTESIAN_POINT('',(-100.,22.,54.25));
#634=CARTESIAN_POINT('',(-100.,22.,7.25));
#635=B_SPLINE_CURVE_WITH_KNOTS('',1,(#633,#634),.UNSPECIFIED.,.F.,.F.,(2,2),(0.,0.047),.UNSPECIFIED.);
#636=EDGE_CURVE('',#632,#622,#635,.T.);
#637=ORIENTED_EDGE('',*,*,#636,.F.);
#638=CARTESIAN_POINT('',(-100.,20.5,55.75));
#639=VERTEX_POINT('',#638);
#640=CARTESIAN_POINT('',(-100.,19.,54.25));
#641=CARTESIAN_POINT('',(-100.,19.,55.75));
#642=CARTESIAN_POINT('',(-100.,20.5,55.75));
#643=CARTESIAN_POINT('',(-100.,22.,55.75));
#644=CARTESIAN_POINT('',(-100.,22.,54.25));
#645=(BOUNDED_CURVE()
B_SPLINE_CURVE(2,(#640,#641,#642,#643,#644),.UNSPECIFIED.,.F.,.F.)
B_SPLINE_CURVE_WITH_KNOTS((3,2,3),(4.71238898,6.283185307,7.853981634),.UNSPECIFIED.)
CURVE()
GEOMETRIC_REPRESENTATION_ITEM()
RATIONAL_B_SPLINE_CURVE((1.,0.707106781,1.,0.707106781,1.))
REPRESENTATION_ITEM(''));
#646=EDGE_CURVE('',#639,#632,#645,.T.);
#647=ORIENTED_EDGE('',*,*,#646,.F.);
#648=CARTESIAN_POINT('',(-100.,19.,54.25));
#649=CARTESIAN_POINT('',(-100.,19.,55.75));
#650=CARTESIAN_POINT('',(-100.,20.5,55.75));
#651=CARTESIAN_POINT('',(-100.,22.,55.75));
#652=CARTESIAN_POINT('',(-100.,22.,54.25));
#653=(BOUNDED_CURVE()
B_SPLINE_CURVE(2,(#648,#649,#650,#651,#652),.UNSPECIFIED.,.F.,.F.)
B_SPLINE_CURVE_WITH_KNOTS((3,2,3),(4.71238898,6.283185307,7.853981634),.UNSPECIFIED.)
CURVE()
GEOMETRIC_REPRESENTATION_ITEM()
RATIONAL_B_SPLINE_CURVE((1.,0.707106781,1.,0.707106781,1.))
REPRESENTATION_ITEM(''));
#654=EDGE_CURVE('',#615,#639,#653,.T.);
#655=ORIENTED_EDGE('',*,*,#654,.F.);
#656=EDGE_LOOP('',(#620,#630,#637,#647,#655));
#657=FACE_BOUND('',#656,.T.);
#658=CARTESIAN_POINT('',(-100.,60.5,0.));
#659=VERTEX_POINT('',#658);
#660=CARTESIAN_POINT('',(-100.,-37.5,0.));
#661=VERTEX_POINT('',#660);
#662=CARTESIAN_POINT('',(-100.,60.5,0.));
#663=CARTESIAN_POINT('',(-100.,-37.5,0.));
#664=B_SPLINE_CURVE_WITH_KNOTS('',1,(#662,#663),.UNSPECIFIED.,.F.,.F.,(2,2),(-0.023,0.075),.UNSPECIFIED.);
#665=EDGE_CURVE('',#659,#661,#664,.T.);
#666=ORIENTED_EDGE('',*,*,#665,.T.);
#667=CARTESIAN_POINT('',(-100.,-37.5,0.));
#668=CARTESIAN_POINT('',(-100.,-37.5,61.5));
#669=B_SPLINE_CURVE_WITH_KNOTS('',1,(#667,#668),.UNSPECIFIED.,.F.,.F.,(2,2),(0.,0.0615),.UNSPECIFIED.);
#670=EDGE_CURVE('',#661,#155,#669,.T.);
#671=ORIENTED_EDGE('',*,*,#670,.T.);
#672=ORIENTED_EDGE('',*,*,#159,.F.);
#673=CARTESIAN_POINT('',(-100.,37.5,5.));
#674=VERTEX_POINT('',#673);
#675=CARTESIAN_POINT('',(-100.,37.5,5.));
#676=CARTESIAN_POINT('',(-100.,37.5,61.5));
#677=B_SPLINE_CURVE_WITH_KNOTS('',1,(#675,#676),.UNSPECIFIED.,.F.,.F.,(2,2),(0.005,0.0615),.UNSPECIFIED.);
#678=EDGE_CURVE('',#674,#148,#677,.T.);
#679=ORIENTED_EDGE('',*,*,#678,.F.);
#680=CARTESIAN_POINT('',(-100.,40.,2.5));
#681=VERTEX_POINT('',#680);
#682=CARTESIAN_POINT('',(-100.,37.5,5.));
#683=CARTESIAN_POINT('',(-100.,37.5,2.5));
#684=CARTESIAN_POINT('',(-100.,40.,2.5));
#685=(BOUNDED_CURVE()
B_SPLINE_CURVE(2,(#682,#683,#684),.UNSPECIFIED.,.F.,.F.)
B_SPLINE_CURVE_WITH_KNOTS((3,3),(3.141592654,4.71238898),.UNSPECIFIED.)
CURVE()
GEOMETRIC_REPRESENTATION_ITEM()
RATIONAL_B_SPLINE_CURVE((1.,0.707106781,1.))
REPRESENTATION_ITEM(''));
#686=EDGE_CURVE('',#674,#681,#685,.T.);
#687=ORIENTED_EDGE('',*,*,#686,.T.);
#688=CARTESIAN_POINT('',(-100.,60.5,2.5));
#689=VERTEX_POINT('',#688);
#690=CARTESIAN_POINT('',(-100.,40.,2.5));
#691=CARTESIAN_POINT('',(-100.,60.5,2.5));
#692=B_SPLINE_CURVE_WITH_KNOTS('',1,(#690,#691),.UNSPECIFIED.,.F.,.F.,(2,2),(0.0025,0.023),.UNSPECIFIED.);
#693=EDGE_CURVE('',#681,#689,#692,.T.);
#694=ORIENTED_EDGE('',*,*,#693,.T.);
#695=CARTESIAN_POINT('',(-100.,60.5,2.5));
#696=CARTESIAN_POINT('',(-100.,60.5,0.));
#697=B_SPLINE_CURVE_WITH_KNOTS('',1,(#695,#696),.UNSPECIFIED.,.F.,.F.,(2,2),(0.,0.0025),.UNSPECIFIED.);
#698=EDGE_CURVE('',#689,#659,#697,.T.);
#699=ORIENTED_EDGE('',*,*,#698,.T.);
#700=EDGE_LOOP('',(#666,#671,#672,#679,#687,#694,#699));
#701=FACE_BOUND('',#700,.T.);
#702=CARTESIAN_POINT('',(-100.,-23.,55.75));
#703=VERTEX_POINT('',#702);
#704=CARTESIAN_POINT('',(-100.,-25.,57.75));
#705=VERTEX_POINT('',#704);
#706=CARTESIAN_POINT('',(-100.,-23.,55.75));
#707=CARTESIAN_POINT('',(-100.,-23.,57.75));
#708=CARTESIAN_POINT('',(-100.,-25.,57.75));
#709=CARTESIAN_POINT('',(-100.,-27.,57.75));
#710=CARTESIAN_POINT('',(-100.,-27.,55.75));
#711=CARTESIAN_POINT('',(-100.,-27.,53.75));
#712=CARTESIAN_POINT('',(-100.,-25.,53.75));
#713=CARTESIAN_POINT('',(-100.,-23.,53.75));
#714=CARTESIAN_POINT('',(-100.,-23.,55.75));
#715=(BOUNDED_CURVE()
B_SPLINE_CURVE(2,(#706,#707,#708,#709,#710,#711,#712,#713,#714),.UNSPECIFIED.,.T.,.F.)
B_SPLINE_CURVE_WITH_KNOTS((3,2,2,2,3),(0.,1.570796327,3.141592654,4.71238898,6.283185307),.UNSPECIFIED.)
CURVE()
GEOMETRIC_REPRESENTATION_ITEM()
RATIONAL_B_SPLINE_CURVE((1.,0.707106781,1.,0.707106781,1.,0.707106781,1.,0.707106781,1.))
REPRESENTATION_ITEM(''));
#716=EDGE_CURVE('',#703,#705,#715,.T.);
#717=ORIENTED_EDGE('',*,*,#716,.T.);
#718=CARTESIAN_POINT('',(-100.,-23.,55.75));
#719=CARTESIAN_POINT('',(-100.,-23.,57.75));
#720=CARTESIAN_POINT('',(-100.,-25.,57.75));
#721=CARTESIAN_POINT('',(-100.,-27.,57.75));
#722=CARTESIAN_POINT('',(-100.,-27.,55.75));
#723=CARTESIAN_POINT('',(-100.,-27.,53.75));
#724=CARTESIAN_POINT('',(-100.,-25.,53.75));
#725=CARTESIAN_POINT('',(-100.,-23.,53.75));
#726=CARTESIAN_POINT('',(-100.,-23.,55.75));
#727=(BOUNDED_CURVE()
B_SPLINE_CURVE(2,(#718,#719,#720,#721,#722,#723,#724,#725,#726),.UNSPECIFIED.,.T.,.F.)
B_SPLINE_CURVE_WITH_KNOTS((3,2,2,2,3),(0.,1.570796327,3.141592654,4.71238898,6.283185307),.UNSPECIFIED.)
CURVE()
GEOMETRIC_REPRESENTATION_ITEM()
RATIONAL_B_SPLINE_CURVE((1.,0.707106781,1.,0.707106781,1.,0.707106781,1.,0.707106781,1.))
REPRESENTATION_ITEM(''));
#728=EDGE_CURVE('',#705,#703,#727,.T.);
#729=ORIENTED_EDGE('',*,*,#728,.T.);
#730=EDGE_LOOP('',(#717,#729));
#731=FACE_BOUND('',#730,.T.);
#732=CARTESIAN_POINT('',(-100.,27.,55.75));
#733=VERTEX_POINT('',#732);
#734=CARTESIAN_POINT('',(-100.,25.,57.75));
#735=VERTEX_POINT('',#734);
#736=CARTESIAN_POINT('',(-100.,27.,55.75));
#737=CARTESIAN_POINT('',(-100.,27.,57.75));
#738=CARTESIAN_POINT('',(-100.,25.,57.75));
#739=CARTESIAN_POINT('',(-100.,23.,57.75));
#740=CARTESIAN_POINT('',(-100.,23.,55.75));
#741=CARTESIAN_POINT('',(-100.,23.,53.75));
#742=CARTESIAN_POINT('',(-100.,25.,53.75));
#743=CARTESIAN_POINT('',(-100.,27.,53.75));
#744=CARTESIAN_POINT('',(-100.,27.,55.75));
#745=(BOUNDED_CURVE()
B_SPLINE_CURVE(2,(#736,#737,#738,#739,#740,#741,#742,#743,#744),.UNSPECIFIED.,.T.,.F.)
B_SPLINE_CURVE_WITH_KNOTS((3,2,2,2,3),(0.,1.570796327,3.141592654,4.71238898,6.283185307),.UNSPECIFIED.)
CURVE()
GEOMETRIC_REPRESENTATION_ITEM()
RATIONAL_B_SPLINE_CURVE((1.,0.707106781,1.,0.707106781,1.,0.707106781,1.,0.707106781,1.))
REPRESENTATION_ITEM(''));
#746=EDGE_CURVE('',#733,#735,#745,.T.);
#747=ORIENTED_EDGE('',*,*,#746,.T.);
#748=CARTESIAN_POINT('',(-100.,27.,55.75));
#749=CARTESIAN_POINT('',(-100.,27.,57.75));
#750=CARTESIAN_POINT('',(-100.,25.,57.75));
#751=CARTESIAN_POINT('',(-100.,23.,57.75));
#752=CARTESIAN_POINT('',(-100.,23.,55.75));
#753=CARTESIAN_POINT('',(-100.,23.,53.75));
#754=CARTESIAN_POINT('',(-100.,25.,53.75));
#755=CARTESIAN_POINT('',(-100.,27.,53.75));
#756=CARTESIAN_POINT('',(-100.,27.,55.75));
#757=(BOUNDED_CURVE()
B_SPLINE_CURVE(2,(#748,#749,#750,#751,#752,#753,#754,#755,#756),.UNSPECIFIED.,.T.,.F.)
B_SPLINE_CURVE_WITH_KNOTS((3,2,2,2,3),(0.,1.570796327,3.141592654,4.71238898,6.283185307),.UNSPECIFIED.)
CURVE()
GEOMETRIC_REPRESENTATION_ITEM()
RATIONAL_B_SPLINE_CURVE((1.,0.707106781,1.,0.707106781,1.,0.707106781,1.,0.707106781,1.))
REPRESENTATION_ITEM(''));
#758=EDGE_CURVE('',#735,#733,#757,.T.);
#759=ORIENTED_EDGE('',*,*,#758,.T.);
#760=EDGE_LOOP('',(#747,#759));
#761=FACE_BOUND('',#760,.T.);
#762=CARTESIAN_POINT('',(-100.,-23.,5.75));
#763=VERTEX_POINT('',#762);
#764=CARTESIAN_POINT('',(-100.,-25.,7.75));
#765=VERTEX_POINT('',#764);
#766=CARTESIAN_POINT('',(-100.,-23.,5.75));
#767=CARTESIAN_POINT('',(-100.,-23.,7.75));
#768=CARTESIAN_POINT('',(-100.,-25.,7.75));
#769=CARTESIAN_POINT('',(-100.,-27.,7.75));
#770=CARTESIAN_POINT('',(-100.,-27.,5.75));
#771=CARTESIAN_POINT('',(-100.,-27.,3.75));
#772=CARTESIAN_POINT('',(-100.,-25.,3.75));
#773=CARTESIAN_POINT('',(-100.,-23.,3.75));
#774=CARTESIAN_POINT('',(-100.,-23.,5.75));
#775=(BOUNDED_CURVE()
B_SPLINE_CURVE(2,(#766,#767,#768,#769,#770,#771,#772,#773,#774),.UNSPECIFIED.,.T.,.F.)
B_SPLINE_CURVE_WITH_KNOTS((3,2,2,2,3),(0.,1.570796327,3.141592654,4.71238898,6.283185307),.UNSPECIFIED.)
CURVE()
GEOMETRIC_REPRESENTATION_ITEM()
RATIONAL_B_SPLINE_CURVE((1.,0.707106781,1.,0.707106781,1.,0.707106781,1.,0.707106781,1.))
REPRESENTATION_ITEM(''));
#776=EDGE_CURVE('',#763,#765,#775,.T.);
#777=ORIENTED_EDGE('',*,*,#776,.T.);
#778=CARTESIAN_POINT('',(-100.,-23.,5.75));
#779=CARTESIAN_POINT('',(-100.,-23.,7.75));
#780=CARTESIAN_POINT('',(-100.,-25.,7.75));
#781=CARTESIAN_POINT('',(-100.,-27.,7.75));
#782=CARTESIAN_POINT('',(-100.,-27.,5.75));
#783=CARTESIAN_POINT('',(-100.,-27.,3.75));
#784=CARTESIAN_POINT('',(-100.,-25.,3.75));
#785=CARTESIAN_POINT('',(-100.,-23.,3.75));
#786=CARTESIAN_POINT('',(-100.,-23.,5.75));
#787=(BOUNDED_CURVE()
B_SPLINE_CURVE(2,(#778,#779,#780,#781,#782,#783,#784,#785,#786),.UNSPECIFIED.,.T.,.F.)
B_SPLINE_CURVE_WITH_KNOTS((3,2,2,2,3),(0.,1.570796327,3.141592654,4.71238898,6.283185307),.UNSPECIFIED.)
CURVE()
GEOMETRIC_REPRESENTATION_ITEM()
RATIONAL_B_SPLINE_CURVE((1.,0.707106781,1.,0.707106781,1.,0.707106781,1.,0.707106781,1.))
REPRESENTATION_ITEM(''));
#788=EDGE_CURVE('',#765,#763,#787,.T.);
#789=ORIENTED_EDGE('',*,*,#788,.T.);
#790=EDGE_LOOP('',(#777,#789));
#791=FACE_BOUND('',#790,.T.);
#792=CARTESIAN_POINT('',(-100.,27.,5.75));
#793=VERTEX_POINT('',#792);
#794=CARTESIAN_POINT('',(-100.,25.,7.75));
#795=VERTEX_POINT('',#794);
#796=CARTESIAN_POINT('',(-100.,27.,5.75));
#797=CARTESIAN_POINT('',(-100.,27.,7.75));
#798=CARTESIAN_POINT('',(-100.,25.,7.75));
#799=CARTESIAN_POINT('',(-100.,23.,7.75));
#800=CARTESIAN_POINT('',(-100.,23.,5.75));
#801=CARTESIAN_POINT('',(-100.,23.,3.75));
#802=CARTESIAN_POINT('',(-100.,25.,3.75));
#803=CARTESIAN_POINT('',(-100.,27.,3.75));
#804=CARTESIAN_POINT('',(-100.,27.,5.75));
#805=(BOUNDED_CURVE()
B_SPLINE_CURVE(2,(#796,#797,#798,#799,#800,#801,#802,#803,#804),.UNSPECIFIED.,.T.,.F.)
B_SPLINE_CURVE_WITH_KNOTS((3,2,2,2,3),(0.,1.570796327,3.141592654,4.71238898,6.283185307),.UNSPECIFIED.)
CURVE()
GEOMETRIC_REPRESENTATION_ITEM()
RATIONAL_B_SPLINE_CURVE((1.,0.707106781,1.,0.707106781,1.,0.707106781,1.,0.707106781,1.))
REPRESENTATION_ITEM(''));
#806=EDGE_CURVE('',#793,#795,#805,.T.);
#807=ORIENTED_EDGE('',*,*,#806,.T.);
#808=CARTESIAN_POINT('',(-100.,27.,5.75));
#809=CARTESIAN_POINT('',(-100.,27.,7.75));
#810=CARTESIAN_POINT('',(-100.,25.,7.75));
#811=CARTESIAN_POINT('',(-100.,23.,7.75));
#812=CARTESIAN_POINT('',(-100.,23.,5.75));
#813=CARTESIAN_POINT('',(-100.,23.,3.75));
#814=CARTESIAN_POINT('',(-100.,25.,3.75));
#815=CARTESIAN_POINT('',(-100.,27.,3.75));
#816=CARTESIAN_POINT('',(-100.,27.,5.75));
#817=(BOUNDED_CURVE()
B_SPLINE_CURVE(2,(#808,#809,#810,#811,#812,#813,#814,#815,#816),.UNSPECIFIED.,.T.,.F.)
B_SPLINE_CURVE_WITH_KNOTS((3,2,2,2,3),(0.,1.570796327,3.141592654,4.71238898,6.283185307),.UNSPECIFIED.)
CURVE()
GEOMETRIC_REPRESENTATION_ITEM()
RATIONAL_B_SPLINE_CURVE((1.,0.707106781,1.,0.707106781,1.,0.707106781,1.,0.707106781,1.))
REPRESENTATION_ITEM(''));
#818=EDGE_CURVE('',#795,#793,#817,.T.);
#819=ORIENTED_EDGE('',*,*,#818,.T.);
#820=EDGE_LOOP('',(#807,#819));
#821=FACE_BOUND('',#820,.T.);
#822=ADVANCED_FACE('',(#289,#335,#381,#427,#473,#519,#565,#611,#657,#701,#731,#761,#791,#821),#243,.T.);
#823=CARTESIAN_POINT('',(-98.5,-30.5,1.5));
#824=CARTESIAN_POINT('',(-98.5,-30.5,61.5));
#825=CARTESIAN_POINT('',(-98.5,30.5,1.5));
#826=CARTESIAN_POINT('',(-98.5,30.5,61.5));
#827=B_SPLINE_SURFACE_WITH_KNOTS('',1,1,((#823,#824),(#825,#826)),.UNSPECIFIED.,.F.,.F.,.U.,(2,2),(2,2),(0.0055,0.0665),(0.,0.06),.UNSPECIFIED.);
#828=CARTESIAN_POINT('',(-98.5,14.,54.25));
#829=VERTEX_POINT('',#828);
#830=CARTESIAN_POINT('',(-98.5,14.,7.25));
#831=VERTEX_POINT('',#830);
#832=CARTESIAN_POINT('',(-98.5,14.,54.25));
#833=CARTESIAN_POINT('',(-98.5,14.,7.25));
#834=B_SPLINE_CURVE_WITH_KNOTS('',1,(#832,#833),.UNSPECIFIED.,.F.,.F.,(2,2),(-0.05275,-0.00575),.UNSPECIFIED.);
#835=EDGE_CURVE('',#829,#831,#834,.T.);
#836=ORIENTED_EDGE('',*,*,#835,.F.);
#837=CARTESIAN_POINT('',(-98.5,15.5,55.75));
#838=VERTEX_POINT('',#837);
#839=CARTESIAN_POINT('',(-98.5,17.,54.25));
#840=CARTESIAN_POINT('',(-98.5,17.,55.75));
#841=CARTESIAN_POINT('',(-98.5,15.5,55.75));
#842=CARTESIAN_POINT('',(-98.5,14.,55.75));
#843=CARTESIAN_POINT('',(-98.5,14.,54.25));
#844=(BOUNDED_CURVE()
B_SPLINE_CURVE(2,(#839,#840,#841,#842,#843),.UNSPECIFIED.,.F.,.F.)
B_SPLINE_CURVE_WITH_KNOTS((3,2,3),(6.283185307,7.853981634,9.424777961),.UNSPECIFIED.)
CURVE()
GEOMETRIC_REPRESENTATION_ITEM()
RATIONAL_B_SPLINE_CURVE((1.,0.707106781,1.,0.707106781,1.))
REPRESENTATION_ITEM(''));
#845=EDGE_CURVE('',#838,#829,#844,.T.);
#846=ORIENTED_EDGE('',*,*,#845,.F.);
#847=CARTESIAN_POINT('',(-98.5,17.,54.25));
#848=VERTEX_POINT('',#847);
#849=CARTESIAN_POINT('',(-98.5,17.,54.25));
#850=CARTESIAN_POINT('',(-98.5,17.,55.75));
#851=CARTESIAN_POINT('',(-98.5,15.5,55.75));
#852=CARTESIAN_POINT('',(-98.5,14.,55.75));
#853=CARTESIAN_POINT('',(-98.5,14.,54.25));
#854=(BOUNDED_CURVE()
B_SPLINE_CURVE(2,(#849,#850,#851,#852,#853),.UNSPECIFIED.,.F.,.F.)
B_SPLINE_CURVE_WITH_KNOTS((3,2,3),(6.283185307,7.853981634,9.424777961),.UNSPECIFIED.)
CURVE()
GEOMETRIC_REPRESENTATION_ITEM()
RATIONAL_B_SPLINE_CURVE((1.,0.707106781,1.,0.707106781,1.))
REPRESENTATION_ITEM(''));
#855=EDGE_CURVE('',#848,#838,#854,.T.);
#856=ORIENTED_EDGE('',*,*,#855,.F.);
#857=CARTESIAN_POINT('',(-98.5,17.,7.25));
#858=VERTEX_POINT('',#857);
#859=CARTESIAN_POINT('',(-98.5,17.,7.25));
#860=CARTESIAN_POINT('',(-98.5,17.,54.25));
#861=B_SPLINE_CURVE_WITH_KNOTS('',1,(#859,#860),.UNSPECIFIED.,.F.,.F.,(2,2),(0.00575,0.05275),.UNSPECIFIED.);
#862=EDGE_CURVE('',#858,#848,#861,.T.);
#863=ORIENTED_EDGE('',*,*,#862,.F.);
#864=CARTESIAN_POINT('',(-98.5,14.,7.25));
#865=CARTESIAN_POINT('',(-98.5,14.,5.75));
#866=CARTESIAN_POINT('',(-98.5,15.5,5.75));
#867=CARTESIAN_POINT('',(-98.5,17.,5.75));
#868=CARTESIAN_POINT('',(-98.5,17.,7.25));
#869=(BOUNDED_CURVE()
B_SPLINE_CURVE(2,(#864,#865,#866,#867,#868),.UNSPECIFIED.,.F.,.F.)
B_SPLINE_CURVE_WITH_KNOTS((3,2,3),(3.141592654,4.71238898,6.283185307),.UNSPECIFIED.)
CURVE()
GEOMETRIC_REPRESENTATION_ITEM()
RATIONAL_B_SPLINE_CURVE((1.,0.707106781,1.,0.707106781,1.))
REPRESENTATION_ITEM(''));
#870=EDGE_CURVE('',#831,#858,#869,.T.);
#871=ORIENTED_EDGE('',*,*,#870,.F.);
#872=EDGE_LOOP('',(#836,#846,#856,#863,#871));
#873=FACE_BOUND('',#872,.T.);
#874=CARTESIAN_POINT('',(-98.5,9.,54.25));
#875=VERTEX_POINT('',#874);
#876=CARTESIAN_POINT('',(-98.5,9.,7.25));
#877=VERTEX_POINT('',#876);
#878=CARTESIAN_POINT('',(-98.5,9.,54.25));
#879=CARTESIAN_POINT('',(-98.5,9.,7.25));
#880=B_SPLINE_CURVE_WITH_KNOTS('',1,(#878,#879),.UNSPECIFIED.,.F.,.F.,(2,2),(-0.05275,-0.00575),.UNSPECIFIED.);
#881=EDGE_CURVE('',#875,#877,#880,.T.);
#882=ORIENTED_EDGE('',*,*,#881,.F.);
#883=CARTESIAN_POINT('',(-98.5,10.5,55.75));
#884=VERTEX_POINT('',#883);
#885=CARTESIAN_POINT('',(-98.5,12.,54.25));
#886=CARTESIAN_POINT('',(-98.5,12.,55.75));
#887=CARTESIAN_POINT('',(-98.5,10.5,55.75));
#888=CARTESIAN_POINT('',(-98.5,9.,55.75));
#889=CARTESIAN_POINT('',(-98.5,9.,54.25));
#890=(BOUNDED_CURVE()
B_SPLINE_CURVE(2,(#885,#886,#887,#888,#889),.UNSPECIFIED.,.F.,.F.)
B_SPLINE_CURVE_WITH_KNOTS((3,2,3),(6.283185307,7.853981634,9.424777961),.UNSPECIFIED.)
CURVE()
GEOMETRIC_REPRESENTATION_ITEM()
RATIONAL_B_SPLINE_CURVE((1.,0.707106781,1.,0.707106781,1.))
REPRESENTATION_ITEM(''));
#891=EDGE_CURVE('',#884,#875,#890,.T.);
#892=ORIENTED_EDGE('',*,*,#891,.F.);
#893=CARTESIAN_POINT('',(-98.5,12.,54.25));
#894=VERTEX_POINT('',#893);
#895=CARTESIAN_POINT('',(-98.5,12.,54.25));
#896=CARTESIAN_POINT('',(-98.5,12.,55.75));
#897=CARTESIAN_POINT('',(-98.5,10.5,55.75));
#898=CARTESIAN_POINT('',(-98.5,9.,55.75));
#899=CARTESIAN_POINT('',(-98.5,9.,54.25));
#900=(BOUNDED_CURVE()
B_SPLINE_CURVE(2,(#895,#896,#897,#898,#899),.UNSPECIFIED.,.F.,.F.)
B_SPLINE_CURVE_WITH_KNOTS((3,2,3),(6.283185307,7.853981634,9.424777961),.UNSPECIFIED.)
CURVE()
GEOMETRIC_REPRESENTATION_ITEM()
RATIONAL_B_SPLINE_CURVE((1.,0.707106781,1.,0.707106781,1.))
REPRESENTATION_ITEM(''));
#901=EDGE_CURVE('',#894,#884,#900,.T.);
#902=ORIENTED_EDGE('',*,*,#901,.F.);
#903=CARTESIAN_POINT('',(-98.5,12.,7.25));
#904=VERTEX_POINT('',#903);
#905=CARTESIAN_POINT('',(-98.5,12.,7.25));
#906=CARTESIAN_POINT('',(-98.5,12.,54.25));
#907=B_SPLINE_CURVE_WITH_KNOTS('',1,(#905,#906),.UNSPECIFIED.,.F.,.F.,(2,2),(0.00575,0.05275),.UNSPECIFIED.);
#908=EDGE_CURVE('',#904,#894,#907,.T.);
#909=ORIENTED_EDGE('',*,*,#908,.F.);
#910=CARTESIAN_POINT('',(-98.5,9.,7.25));
#911=CARTESIAN_POINT('',(-98.5,9.,5.75));
#912=CARTESIAN_POINT('',(-98.5,10.5,5.75));
#913=CARTESIAN_POINT('',(-98.5,12.,5.75));
#914=CARTESIAN_POINT('',(-98.5,12.,7.25));
#915=(BOUNDED_CURVE()
B_SPLINE_CURVE(2,(#910,#911,#912,#913,#914),.UNSPECIFIED.,.F.,.F.)
B_SPLINE_CURVE_WITH_KNOTS((3,2,3),(3.141592654,4.71238898,6.283185307),.UNSPECIFIED.)
CURVE()
GEOMETRIC_REPRESENTATION_ITEM()
RATIONAL_B_SPLINE_CURVE((1.,0.707106781,1.,0.707106781,1.))
REPRESENTATION_ITEM(''));
#916=EDGE_CURVE('',#877,#904,#915,.T.);
#917=ORIENTED_EDGE('',*,*,#916,.F.);
#918=EDGE_LOOP('',(#882,#892,#902,#909,#917));
#919=FACE_BOUND('',#918,.T.);
#920=CARTESIAN_POINT('',(-98.5,4.,54.25));
#921=VERTEX_POINT('',#920);
#922=CARTESIAN_POINT('',(-98.5,4.,7.25));
#923=VERTEX_POINT('',#922);
#924=CARTESIAN_POINT('',(-98.5,4.,54.25));
#925=CARTESIAN_POINT('',(-98.5,4.,7.25));
#926=B_SPLINE_CURVE_WITH_KNOTS('',1,(#924,#925),.UNSPECIFIED.,.F.,.F.,(2,2),(-0.05275,-0.00575),.UNSPECIFIED.);
#927=EDGE_CURVE('',#921,#923,#926,.T.);
#928=ORIENTED_EDGE('',*,*,#927,.F.);
#929=CARTESIAN_POINT('',(-98.5,5.5,55.75));
#930=VERTEX_POINT('',#929);
#931=CARTESIAN_POINT('',(-98.5,7.,54.25));
#932=CARTESIAN_POINT('',(-98.5,7.,55.75));
#933=CARTESIAN_POINT('',(-98.5,5.5,55.75));
#934=CARTESIAN_POINT('',(-98.5,4.,55.75));
#935=CARTESIAN_POINT('',(-98.5,4.,54.25));
#936=(BOUNDED_CURVE()
B_SPLINE_CURVE(2,(#931,#932,#933,#934,#935),.UNSPECIFIED.,.F.,.F.)
B_SPLINE_CURVE_WITH_KNOTS((3,2,3),(6.283185307,7.853981634,9.424777961),.UNSPECIFIED.)
CURVE()
GEOMETRIC_REPRESENTATION_ITEM()
RATIONAL_B_SPLINE_CURVE((1.,0.707106781,1.,0.707106781,1.))
REPRESENTATION_ITEM(''));
#937=EDGE_CURVE('',#930,#921,#936,.T.);
#938=ORIENTED_EDGE('',*,*,#937,.F.);
#939=CARTESIAN_POINT('',(-98.5,7.,54.25));
#940=VERTEX_POINT('',#939);
#941=CARTESIAN_POINT('',(-98.5,7.,54.25));
#942=CARTESIAN_POINT('',(-98.5,7.,55.75));
#943=CARTESIAN_POINT('',(-98.5,5.5,55.75));
#944=CARTESIAN_POINT('',(-98.5,4.,55.75));
#945=CARTESIAN_POINT('',(-98.5,4.,54.25));
#946=(BOUNDED_CURVE()
B_SPLINE_CURVE(2,(#941,#942,#943,#944,#945),.UNSPECIFIED.,.F.,.F.)
B_SPLINE_CURVE_WITH_KNOTS((3,2,3),(6.283185307,7.853981634,9.424777961),.UNSPECIFIED.)
CURVE()
GEOMETRIC_REPRESENTATION_ITEM()
RATIONAL_B_SPLINE_CURVE((1.,0.707106781,1.,0.707106781,1.))
REPRESENTATION_ITEM(''));
#947=EDGE_CURVE('',#940,#930,#946,.T.);
#948=ORIENTED_EDGE('',*,*,#947,.F.);
#949=CARTESIAN_POINT('',(-98.5,7.,7.25));
#950=VERTEX_POINT('',#949);
#951=CARTESIAN_POINT('',(-98.5,7.,7.25));
#952=CARTESIAN_POINT('',(-98.5,7.,54.25));
#953=B_SPLINE_CURVE_WITH_KNOTS('',1,(#951,#952),.UNSPECIFIED.,.F.,.F.,(2,2),(0.00575,0.05275),.UNSPECIFIED.);
#954=EDGE_CURVE('',#950,#940,#953,.T.);
#955=ORIENTED_EDGE('',*,*,#954,.F.);
#956=CARTESIAN_POINT('',(-98.5,4.,7.25));
#957=CARTESIAN_POINT('',(-98.5,4.,5.75));
#958=CARTESIAN_POINT('',(-98.5,5.5,5.75));
#959=CARTESIAN_POINT('',(-98.5,7.,5.75));
#960=CARTESIAN_POINT('',(-98.5,7.,7.25));
#961=(BOUNDED_CURVE()
B_SPLINE_CURVE(2,(#956,#957,#958,#959,#960),.UNSPECIFIED.,.F.,.F.)
B_SPLINE_CURVE_WITH_KNOTS((3,2,3),(3.141592654,4.71238898,6.283185307),.UNSPECIFIED.)
CURVE()
GEOMETRIC_REPRESENTATION_ITEM()
RATIONAL_B_SPLINE_CURVE((1.,0.707106781,1.,0.707106781,1.))
REPRESENTATION_ITEM(''));
#962=EDGE_CURVE('',#923,#950,#961,.T.);
#963=ORIENTED_EDGE('',*,*,#962,.F.);
#964=EDGE_LOOP('',(#928,#938,#948,#955,#963));
#965=FACE_BOUND('',#964,.T.);
#966=CARTESIAN_POINT('',(-98.5,-1.,54.25));
#967=VERTEX_POINT('',#966);
#968=CARTESIAN_POINT('',(-98.5,-1.,7.25));
#969=VERTEX_POINT('',#968);
#970=CARTESIAN_POINT('',(-98.5,-1.,54.25));
#971=CARTESIAN_POINT('',(-98.5,-1.,7.25));
#972=B_SPLINE_CURVE_WITH_KNOTS('',1,(#970,#971),.UNSPECIFIED.,.F.,.F.,(2,2),(-0.05275,-0.00575),.UNSPECIFIED.);
#973=EDGE_CURVE('',#967,#969,#972,.T.);
#974=ORIENTED_EDGE('',*,*,#973,.F.);
#975=CARTESIAN_POINT('',(-98.5,0.5,55.75));
#976=VERTEX_POINT('',#975);
#977=CARTESIAN_POINT('',(-98.5,2.,54.25));
#978=CARTESIAN_POINT('',(-98.5,2.,55.75));
#979=CARTESIAN_POINT('',(-98.5,0.5,55.75));
#980=CARTESIAN_POINT('',(-98.5,-1.,55.75));
#981=CARTESIAN_POINT('',(-98.5,-1.,54.25));
#982=(BOUNDED_CURVE()
B_SPLINE_CURVE(2,(#977,#978,#979,#980,#981),.UNSPECIFIED.,.F.,.F.)
B_SPLINE_CURVE_WITH_KNOTS((3,2,3),(6.283185307,7.853981634,9.424777961),.UNSPECIFIED.)
CURVE()
GEOMETRIC_REPRESENTATION_ITEM()
RATIONAL_B_SPLINE_CURVE((1.,0.707106781,1.,0.707106781,1.))
REPRESENTATION_ITEM(''));
#983=EDGE_CURVE('',#976,#967,#982,.T.);
#984=ORIENTED_EDGE('',*,*,#983,.F.);
#985=CARTESIAN_POINT('',(-98.5,2.,54.25));
#986=VERTEX_POINT('',#985);
#987=CARTESIAN_POINT('',(-98.5,2.,54.25));
#988=CARTESIAN_POINT('',(-98.5,2.,55.75));
#989=CARTESIAN_POINT('',(-98.5,0.5,55.75));
#990=CARTESIAN_POINT('',(-98.5,-1.,55.75));
#991=CARTESIAN_POINT('',(-98.5,-1.,54.25));
#992=(BOUNDED_CURVE()
B_SPLINE_CURVE(2,(#987,#988,#989,#990,#991),.UNSPECIFIED.,.F.,.F.)
B_SPLINE_CURVE_WITH_KNOTS((3,2,3),(6.283185307,7.853981634,9.424777961),.UNSPECIFIED.)
CURVE()
GEOMETRIC_REPRESENTATION_ITEM()
RATIONAL_B_SPLINE_CURVE((1.,0.707106781,1.,0.707106781,1.))
REPRESENTATION_ITEM(''));
#993=EDGE_CURVE('',#986,#976,#992,.T.);
#994=ORIENTED_EDGE('',*,*,#993,.F.);
#995=CARTESIAN_POINT('',(-98.5,2.,7.25));
#996=VERTEX_POINT('',#995);
#997=CARTESIAN_POINT('',(-98.5,2.,7.25));
#998=CARTESIAN_POINT('',(-98.5,2.,54.25));
#999=B_SPLINE_CURVE_WITH_KNOTS('',1,(#997,#998),.UNSPECIFIED.,.F.,.F.,(2,2),(0.00575,0.05275),.UNSPECIFIED.);
#1000=EDGE_CURVE('',#996,#986,#999,.T.);
#1001=ORIENTED_EDGE('',*,*,#1000,.F.);
#1002=CARTESIAN_POINT('',(-98.5,-1.,7.25));
#1003=CARTESIAN_POINT('',(-98.5,-1.,5.75));
#1004=CARTESIAN_POINT('',(-98.5,0.5,5.75));
#1005=CARTESIAN_POINT('',(-98.5,2.,5.75));
#1006=CARTESIAN_POINT('',(-98.5,2.,7.25));
#1007=(BOUNDED_CURVE()
B_SPLINE_CURVE(2,(#1002,#1003,#1004,#1005,#1006),.UNSPECIFIED.,.F.,.F.)
B_SPLINE_CURVE_WITH_KNOTS((3,2,3),(3.141592654,4.71238898,6.283185307),.UNSPECIFIED.)
CURVE()
GEOMETRIC_REPRESENTATION_ITEM()
RATIONAL_B_SPLINE_CURVE((1.,0.707106781,1.,0.707106781,1.))
REPRESENTATION_ITEM(''));
#1008=EDGE_CURVE('',#969,#996,#1007,.T.);
#1009=ORIENTED_EDGE('',*,*,#1008,.F.);
#1010=EDGE_LOOP('',(#974,#984,#994,#1001,#1009));
#1011=FACE_BOUND('',#1010,.T.);
#1012=CARTESIAN_POINT('',(-98.5,-6.,54.25));
#1013=VERTEX_POINT('',#1012);
#1014=CARTESIAN_POINT('',(-98.5,-6.,7.25));
#1015=VERTEX_POINT('',#1014);
#1016=CARTESIAN_POINT('',(-98.5,-6.,54.25));
#1017=CARTESIAN_POINT('',(-98.5,-6.,7.25));
#1018=B_SPLINE_CURVE_WITH_KNOTS('',1,(#1016,#1017),.UNSPECIFIED.,.F.,.F.,(2,2),(-0.05275,-0.00575),.UNSPECIFIED.);
#1019=EDGE_CURVE('',#1013,#1015,#1018,.T.);
#1020=ORIENTED_EDGE('',*,*,#1019,.F.);
#1021=CARTESIAN_POINT('',(-98.5,-4.5,55.75));
#1022=VERTEX_POINT('',#1021);
#1023=CARTESIAN_POINT('',(-98.5,-3.,54.25));
#1024=CARTESIAN_POINT('',(-98.5,-3.,55.75));
#1025=CARTESIAN_POINT('',(-98.5,-4.5,55.75));
#1026=CARTESIAN_POINT('',(-98.5,-6.,55.75));
#1027=CARTESIAN_POINT('',(-98.5,-6.,54.25));
#1028=(BOUNDED_CURVE()
B_SPLINE_CURVE(2,(#1023,#1024,#1025,#1026,#1027),.UNSPECIFIED.,.F.,.F.)
B_SPLINE_CURVE_WITH_KNOTS((3,2,3),(6.283185307,7.853981634,9.424777961),.UNSPECIFIED.)
CURVE()
GEOMETRIC_REPRESENTATION_ITEM()
RATIONAL_B_SPLINE_CURVE((1.,0.707106781,1.,0.707106781,1.))
REPRESENTATION_ITEM(''));
#1029=EDGE_CURVE('',#1022,#1013,#1028,.T.);
#1030=ORIENTED_EDGE('',*,*,#1029,.F.);
#1031=CARTESIAN_POINT('',(-98.5,-3.,54.25));
#1032=VERTEX_POINT('',#1031);
#1033=CARTESIAN_POINT('',(-98.5,-3.,54.25));
#1034=CARTESIAN_POINT('',(-98.5,-3.,55.75));
#1035=CARTESIAN_POINT('',(-98.5,-4.5,55.75));
#1036=CARTESIAN_POINT('',(-98.5,-6.,55.75));
#1037=CARTESIAN_POINT('',(-98.5,-6.,54.25));
#1038=(BOUNDED_CURVE()
B_SPLINE_CURVE(2,(#1033,#1034,#1035,#1036,#1037),.UNSPECIFIED.,.F.,.F.)
B_SPLINE_CURVE_WITH_KNOTS((3,2,3),(6.283185307,7.853981634,9.424777961),.UNSPECIFIED.)
CURVE()
GEOMETRIC_REPRESENTATION_ITEM()
RATIONAL_B_SPLINE_CURVE((1.,0.707106781,1.,0.707106781,1.))
REPRESENTATION_ITEM(''));
#1039=EDGE_CURVE('',#1032,#1022,#1038,.T.);
#1040=ORIENTED_EDGE('',*,*,#1039,.F.);
#1041=CARTESIAN_POINT('',(-98.5,-3.,7.25));
#1042=VERTEX_POINT('',#1041);
#1043=CARTESIAN_POINT('',(-98.5,-3.,7.25));
#1044=CARTESIAN_POINT('',(-98.5,-3.,54.25));
#1045=B_SPLINE_CURVE_WITH_KNOTS('',1,(#1043,#1044),.UNSPECIFIED.,.F.,.F.,(2,2),(0.00575,0.05275),.UNSPECIFIED.);
#1046=EDGE_CURVE('',#1042,#1032,#1045,.T.);
#1047=ORIENTED_EDGE('',*,*,#1046,.F.);
#1048=CARTESIAN_POINT('',(-98.5,-6.,7.25));
#1049=CARTESIAN_POINT('',(-98.5,-6.,5.75));
#1050=CARTESIAN_POINT('',(-98.5,-4.5,5.75));
#1051=CARTESIAN_POINT('',(-98.5,-3.,5.75));
#1052=CARTESIAN_POINT('',(-98.5,-3.,7.25));
#1053=(BOUNDED_CURVE()
B_SPLINE_CURVE(2,(#1048,#1049,#1050,#1051,#1052),.UNSPECIFIED.,.F.,.F.)
B_SPLINE_CURVE_WITH_KNOTS((3,2,3),(3.141592654,4.71238898,6.283185307),.UNSPECIFIED.)
CURVE()
GEOMETRIC_REPRESENTATION_ITEM()
RATIONAL_B_SPLINE_CURVE((1.,0.707106781,1.,0.707106781,1.))
REPRESENTATION_ITEM(''));
#1054=EDGE_CURVE('',#1015,#1042,#1053,.T.);
#1055=ORIENTED_EDGE('',*,*,#1054,.F.);
#1056=EDGE_LOOP('',(#1020,#1030,#1040,#1047,#1055));
#1057=FACE_BOUND('',#1056,.T.);
#1058=CARTESIAN_POINT('',(-98.5,-11.,54.25));
#1059=VERTEX_POINT('',#1058);
#1060=CARTESIAN_POINT('',(-98.5,-11.,7.25));
#1061=VERTEX_POINT('',#1060);
#1062=CARTESIAN_POINT('',(-98.5,-11.,54.25));
#1063=CARTESIAN_POINT('',(-98.5,-11.,7.25));
#1064=B_SPLINE_CURVE_WITH_KNOTS('',1,(#1062,#1063),.UNSPECIFIED.,.F.,.F.,(2,2),(-0.05275,-0.00575),.UNSPECIFIED.);
#1065=EDGE_CURVE('',#1059,#1061,#1064,.T.);
#1066=ORIENTED_EDGE('',*,*,#1065,.F.);
#1067=CARTESIAN_POINT('',(-98.5,-9.5,55.75));
#1068=VERTEX_POINT('',#1067);
#1069=CARTESIAN_POINT('',(-98.5,-8.,54.25));
#1070=CARTESIAN_POINT('',(-98.5,-8.,55.75));
#1071=CARTESIAN_POINT('',(-98.5,-9.5,55.75));
#1072=CARTESIAN_POINT('',(-98.5,-11.,55.75));
#1073=CARTESIAN_POINT('',(-98.5,-11.,54.25));
#1074=(BOUNDED_CURVE()
B_SPLINE_CURVE(2,(#1069,#1070,#1071,#1072,#1073),.UNSPECIFIED.,.F.,.F.)
B_SPLINE_CURVE_WITH_KNOTS((3,2,3),(6.283185307,7.853981634,9.424777961),.UNSPECIFIED.)
CURVE()
GEOMETRIC_REPRESENTATION_ITEM()
RATIONAL_B_SPLINE_CURVE((1.,0.707106781,1.,0.707106781,1.))
REPRESENTATION_ITEM(''));
#1075=EDGE_CURVE('',#1068,#1059,#1074,.T.);
#1076=ORIENTED_EDGE('',*,*,#1075,.F.);
#1077=CARTESIAN_POINT('',(-98.5,-8.,54.25));
#1078=VERTEX_POINT('',#1077);
#1079=CARTESIAN_POINT('',(-98.5,-8.,54.25));
#1080=CARTESIAN_POINT('',(-98.5,-8.,55.75));
#1081=CARTESIAN_POINT('',(-98.5,-9.5,55.75));
#1082=CARTESIAN_POINT('',(-98.5,-11.,55.75));
#1083=CARTESIAN_POINT('',(-98.5,-11.,54.25));
#1084=(BOUNDED_CURVE()
B_SPLINE_CURVE(2,(#1079,#1080,#1081,#1082,#1083),.UNSPECIFIED.,.F.,.F.)
B_SPLINE_CURVE_WITH_KNOTS((3,2,3),(6.283185307,7.853981634,9.424777961),.UNSPECIFIED.)
CURVE()
GEOMETRIC_REPRESENTATION_ITEM()
RATIONAL_B_SPLINE_CURVE((1.,0.707106781,1.,0.707106781,1.))
REPRESENTATION_ITEM(''));
#1085=EDGE_CURVE('',#1078,#1068,#1084,.T.);
#1086=ORIENTED_EDGE('',*,*,#1085,.F.);
#1087=CARTESIAN_POINT('',(-98.5,-8.,7.25));
#1088=VERTEX_POINT('',#1087);
#1089=CARTESIAN_POINT('',(-98.5,-8.,7.25));
#1090=CARTESIAN_POINT('',(-98.5,-8.,54.25));
#1091=B_SPLINE_CURVE_WITH_KNOTS('',1,(#1089,#1090),.UNSPECIFIED.,.F.,.F.,(2,2),(0.00575,0.05275),.UNSPECIFIED.);
#1092=EDGE_CURVE('',#1088,#1078,#1091,.T.);
#1093=ORIENTED_EDGE('',*,*,#1092,.F.);
#1094=CARTESIAN_POINT('',(-98.5,-11.,7.25));
#1095=CARTESIAN_POINT('',(-98.5,-11.,5.75));
#1096=CARTESIAN_POINT('',(-98.5,-9.5,5.75));
#1097=CARTESIAN_POINT('',(-98.5,-8.,5.75));
#1098=CARTESIAN_POINT('',(-98.5,-8.,7.25));
#1099=(BOUNDED_CURVE()
B_SPLINE_CURVE(2,(#1094,#1095,#1096,#1097,#1098),.UNSPECIFIED.,.F.,.F.)
B_SPLINE_CURVE_WITH_KNOTS((3,2,3),(3.141592654,4.71238898,6.283185307),.UNSPECIFIED.)
CURVE()
GEOMETRIC_REPRESENTATION_ITEM()
RATIONAL_B_SPLINE_CURVE((1.,0.707106781,1.,0.707106781,1.))
REPRESENTATION_ITEM(''));
#1100=EDGE_CURVE('',#1061,#1088,#1099,.T.);
#1101=ORIENTED_EDGE('',*,*,#1100,.F.);
#1102=EDGE_LOOP('',(#1066,#1076,#1086,#1093,#1101));
#1103=FACE_BOUND('',#1102,.T.);
#1104=CARTESIAN_POINT('',(-98.5,-16.,54.25));
#1105=VERTEX_POINT('',#1104);
#1106=CARTESIAN_POINT('',(-98.5,-16.,7.25));
#1107=VERTEX_POINT('',#1106);
#1108=CARTESIAN_POINT('',(-98.5,-16.,54.25));
#1109=CARTESIAN_POINT('',(-98.5,-16.,7.25));
#1110=B_SPLINE_CURVE_WITH_KNOTS('',1,(#1108,#1109),.UNSPECIFIED.,.F.,.F.,(2,2),(-0.05275,-0.00575),.UNSPECIFIED.);
#1111=EDGE_CURVE('',#1105,#1107,#1110,.T.);
#1112=ORIENTED_EDGE('',*,*,#1111,.F.);
#1113=CARTESIAN_POINT('',(-98.5,-14.5,55.75));
#1114=VERTEX_POINT('',#1113);
#1115=CARTESIAN_POINT('',(-98.5,-13.,54.25));
#1116=CARTESIAN_POINT('',(-98.5,-13.,55.75));
#1117=CARTESIAN_POINT('',(-98.5,-14.5,55.75));
#1118=CARTESIAN_POINT('',(-98.5,-16.,55.75));
#1119=CARTESIAN_POINT('',(-98.5,-16.,54.25));
#1120=(BOUNDED_CURVE()
B_SPLINE_CURVE(2,(#1115,#1116,#1117,#1118,#1119),.UNSPECIFIED.,.F.,.F.)
B_SPLINE_CURVE_WITH_KNOTS((3,2,3),(6.283185307,7.853981634,9.424777961),.UNSPECIFIED.)
CURVE()
GEOMETRIC_REPRESENTATION_ITEM()
RATIONAL_B_SPLINE_CURVE((1.,0.707106781,1.,0.707106781,1.))
REPRESENTATION_ITEM(''));
#1121=EDGE_CURVE('',#1114,#1105,#1120,.T.);
#1122=ORIENTED_EDGE('',*,*,#1121,.F.);
#1123=CARTESIAN_POINT('',(-98.5,-13.,54.25));
#1124=VERTEX_POINT('',#1123);
#1125=CARTESIAN_POINT('',(-98.5,-13.,54.25));
#1126=CARTESIAN_POINT('',(-98.5,-13.,55.75));
#1127=CARTESIAN_POINT('',(-98.5,-14.5,55.75));
#1128=CARTESIAN_POINT('',(-98.5,-16.,55.75));
#1129=CARTESIAN_POINT('',(-98.5,-16.,54.25));
#1130=(BOUNDED_CURVE()
B_SPLINE_CURVE(2,(#1125,#1126,#1127,#1128,#1129),.UNSPECIFIED.,.F.,.F.)
B_SPLINE_CURVE_WITH_KNOTS((3,2,3),(6.283185307,7.853981634,9.424777961),.UNSPECIFIED.)
CURVE()
GEOMETRIC_REPRESENTATION_ITEM()
RATIONAL_B_SPLINE_CURVE((1.,0.707106781,1.,0.707106781,1.))
REPRESENTATION_ITEM(''));
#1131=EDGE_CURVE('',#1124,#1114,#1130,.T.);
#1132=ORIENTED_EDGE('',*,*,#1131,.F.);
#1133=CARTESIAN_POINT('',(-98.5,-13.,7.25));
#1134=VERTEX_POINT('',#1133);
#1135=CARTESIAN_POINT('',(-98.5,-13.,7.25));
#1136=CARTESIAN_POINT('',(-98.5,-13.,54.25));
#1137=B_SPLINE_CURVE_WITH_KNOTS('',1,(#1135,#1136),.UNSPECIFIED.,.F.,.F.,(2,2),(0.00575,0.05275),.UNSPECIFIED.);
#1138=EDGE_CURVE('',#1134,#1124,#1137,.T.);
#1139=ORIENTED_EDGE('',*,*,#1138,.F.);
#1140=CARTESIAN_POINT('',(-98.5,-16.,7.25));
#1141=CARTESIAN_POINT('',(-98.5,-16.,5.75));
#1142=CARTESIAN_POINT('',(-98.5,-14.5,5.75));
#1143=CARTESIAN_POINT('',(-98.5,-13.,5.75));
#1144=CARTESIAN_POINT('',(-98.5,-13.,7.25));
#1145=(BOUNDED_CURVE()
B_SPLINE_CURVE(2,(#1140,#1141,#1142,#1143,#1144),.UNSPECIFIED.,.F.,.F.)
B_SPLINE_CURVE_WITH_KNOTS((3,2,3),(3.141592654,4.71238898,6.283185307),.UNSPECIFIED.)
CURVE()
GEOMETRIC_REPRESENTATION_ITEM()
RATIONAL_B_SPLINE_CURVE((1.,0.707106781,1.,0.707106781,1.))
REPRESENTATION_ITEM(''));
#1146=EDGE_CURVE('',#1107,#1134,#1145,.T.);
#1147=ORIENTED_EDGE('',*,*,#1146,.F.);
#1148=EDGE_LOOP('',(#1112,#1122,#1132,#1139,#1147));
#1149=FACE_BOUND('',#1148,.T.);
#1150=CARTESIAN_POINT('',(-98.5,-21.,54.25));
#1151=VERTEX_POINT('',#1150);
#1152=CARTESIAN_POINT('',(-98.5,-21.,7.25));
#1153=VERTEX_POINT('',#1152);
#1154=CARTESIAN_POINT('',(-98.5,-21.,54.25));
#1155=CARTESIAN_POINT('',(-98.5,-21.,7.25));
#1156=B_SPLINE_CURVE_WITH_KNOTS('',1,(#1154,#1155),.UNSPECIFIED.,.F.,.F.,(2,2),(-0.05275,-0.00575),.UNSPECIFIED.);
#1157=EDGE_CURVE('',#1151,#1153,#1156,.T.);
#1158=ORIENTED_EDGE('',*,*,#1157,.F.);
#1159=CARTESIAN_POINT('',(-98.5,-19.5,55.75));
#1160=VERTEX_POINT('',#1159);
#1161=CARTESIAN_POINT('',(-98.5,-18.,54.25));
#1162=CARTESIAN_POINT('',(-98.5,-18.,55.75));
#1163=CARTESIAN_POINT('',(-98.5,-19.5,55.75));
#1164=CARTESIAN_POINT('',(-98.5,-21.,55.75));
#1165=CARTESIAN_POINT('',(-98.5,-21.,54.25));
#1166=(BOUNDED_CURVE()
B_SPLINE_CURVE(2,(#1161,#1162,#1163,#1164,#1165),.UNSPECIFIED.,.F.,.F.)
B_SPLINE_CURVE_WITH_KNOTS((3,2,3),(6.283185307,7.853981634,9.424777961),.UNSPECIFIED.)
CURVE()
GEOMETRIC_REPRESENTATION_ITEM()
RATIONAL_B_SPLINE_CURVE((1.,0.707106781,1.,0.707106781,1.))
REPRESENTATION_ITEM(''));
#1167=EDGE_CURVE('',#1160,#1151,#1166,.T.);
#1168=ORIENTED_EDGE('',*,*,#1167,.F.);
#1169=CARTESIAN_POINT('',(-98.5,-18.,54.25));
#1170=VERTEX_POINT('',#1169);
#1171=CARTESIAN_POINT('',(-98.5,-18.,54.25));
#1172=CARTESIAN_POINT('',(-98.5,-18.,55.75));
#1173=CARTESIAN_POINT('',(-98.5,-19.5,55.75));
#1174=CARTESIAN_POINT('',(-98.5,-21.,55.75));
#1175=CARTESIAN_POINT('',(-98.5,-21.,54.25));
#1176=(BOUNDED_CURVE()
B_SPLINE_CURVE(2,(#1171,#1172,#1173,#1174,#1175),.UNSPECIFIED.,.F.,.F.)
B_SPLINE_CURVE_WITH_KNOTS((3,2,3),(6.283185307,7.853981634,9.424777961),.UNSPECIFIED.)
CURVE()
GEOMETRIC_REPRESENTATION_ITEM()
RATIONAL_B_SPLINE_CURVE((1.,0.707106781,1.,0.707106781,1.))
REPRESENTATION_ITEM(''));
#1177=EDGE_CURVE('',#1170,#1160,#1176,.T.);
#1178=ORIENTED_EDGE('',*,*,#1177,.F.);
#1179=CARTESIAN_POINT('',(-98.5,-18.,7.25));
#1180=VERTEX_POINT('',#1179);
#1181=CARTESIAN_POINT('',(-98.5,-18.,7.25));
#1182=CARTESIAN_POINT('',(-98.5,-18.,54.25));
#1183=B_SPLINE_CURVE_WITH_KNOTS('',1,(#1181,#1182),.UNSPECIFIED.,.F.,.F.,(2,2),(0.00575,0.05275),.UNSPECIFIED.);
#1184=EDGE_CURVE('',#1180,#1170,#1183,.T.);
#1185=ORIENTED_EDGE('',*,*,#1184,.F.);
#1186=CARTESIAN_POINT('',(-98.5,-21.,7.25));
#1187=CARTESIAN_POINT('',(-98.5,-21.,5.75));
#1188=CARTESIAN_POINT('',(-98.5,-19.5,5.75));
#1189=CARTESIAN_POINT('',(-98.5,-18.,5.75));
#1190=CARTESIAN_POINT('',(-98.5,-18.,7.25));
#1191=(BOUNDED_CURVE()
B_SPLINE_CURVE(2,(#1186,#1187,#1188,#1189,#1190),.UNSPECIFIED.,.F.,.F.)
B_SPLINE_CURVE_WITH_KNOTS((3,2,3),(3.141592654,4.71238898,6.283185307),.UNSPECIFIED.)
CURVE()
GEOMETRIC_REPRESENTATION_ITEM()
RATIONAL_B_SPLINE_CURVE((1.,0.707106781,1.,0.707106781,1.))
REPRESENTATION_ITEM(''));
#1192=EDGE_CURVE('',#1153,#1180,#1191,.T.);
#1193=ORIENTED_EDGE('',*,*,#1192,.F.);
#1194=EDGE_LOOP('',(#1158,#1168,#1178,#1185,#1193));
#1195=FACE_BOUND('',#1194,.T.);
#1196=CARTESIAN_POINT('',(-98.5,19.,54.25));
#1197=VERTEX_POINT('',#1196);
#1198=CARTESIAN_POINT('',(-98.5,19.,7.25));
#1199=VERTEX_POINT('',#1198);
#1200=CARTESIAN_POINT('',(-98.5,19.,54.25));
#1201=CARTESIAN_POINT('',(-98.5,19.,7.25));
#1202=B_SPLINE_CURVE_WITH_KNOTS('',1,(#1200,#1201),.UNSPECIFIED.,.F.,.F.,(2,2),(-0.05275,-0.00575),.UNSPECIFIED.);
#1203=EDGE_CURVE('',#1197,#1199,#1202,.T.);
#1204=ORIENTED_EDGE('',*,*,#1203,.F.);
#1205=CARTESIAN_POINT('',(-98.5,20.5,55.75));
#1206=VERTEX_POINT('',#1205);
#1207=CARTESIAN_POINT('',(-98.5,22.,54.25));
#1208=CARTESIAN_POINT('',(-98.5,22.,55.75));
#1209=CARTESIAN_POINT('',(-98.5,20.5,55.75));
#1210=CARTESIAN_POINT('',(-98.5,19.,55.75));
#1211=CARTESIAN_POINT('',(-98.5,19.,54.25));
#1212=(BOUNDED_CURVE()
B_SPLINE_CURVE(2,(#1207,#1208,#1209,#1210,#1211),.UNSPECIFIED.,.F.,.F.)
B_SPLINE_CURVE_WITH_KNOTS((3,2,3),(6.283185307,7.853981634,9.424777961),.UNSPECIFIED.)
CURVE()
GEOMETRIC_REPRESENTATION_ITEM()
RATIONAL_B_SPLINE_CURVE((1.,0.707106781,1.,0.707106781,1.))
REPRESENTATION_ITEM(''));
#1213=EDGE_CURVE('',#1206,#1197,#1212,.T.);
#1214=ORIENTED_EDGE('',*,*,#1213,.F.);
#1215=CARTESIAN_POINT('',(-98.5,22.,54.25));
#1216=VERTEX_POINT('',#1215);
#1217=CARTESIAN_POINT('',(-98.5,22.,54.25));
#1218=CARTESIAN_POINT('',(-98.5,22.,55.75));
#1219=CARTESIAN_POINT('',(-98.5,20.5,55.75));
#1220=CARTESIAN_POINT('',(-98.5,19.,55.75));
#1221=CARTESIAN_POINT('',(-98.5,19.,54.25));
#1222=(BOUNDED_CURVE()
B_SPLINE_CURVE(2,(#1217,#1218,#1219,#1220,#1221),.UNSPECIFIED.,.F.,.F.)
B_SPLINE_CURVE_WITH_KNOTS((3,2,3),(6.283185307,7.853981634,9.424777961),.UNSPECIFIED.)
CURVE()
GEOMETRIC_REPRESENTATION_ITEM()
RATIONAL_B_SPLINE_CURVE((1.,0.707106781,1.,0.707106781,1.))
REPRESENTATION_ITEM(''));
#1223=EDGE_CURVE('',#1216,#1206,#1222,.T.);
#1224=ORIENTED_EDGE('',*,*,#1223,.F.);
#1225=CARTESIAN_POINT('',(-98.5,22.,7.25));
#1226=VERTEX_POINT('',#1225);
#1227=CARTESIAN_POINT('',(-98.5,22.,7.25));
#1228=CARTESIAN_POINT('',(-98.5,22.,54.25));
#1229=B_SPLINE_CURVE_WITH_KNOTS('',1,(#1227,#1228),.UNSPECIFIED.,.F.,.F.,(2,2),(0.00575,0.05275),.UNSPECIFIED.);
#1230=EDGE_CURVE('',#1226,#1216,#1229,.T.);
#1231=ORIENTED_EDGE('',*,*,#1230,.F.);
#1232=CARTESIAN_POINT('',(-98.5,19.,7.25));
#1233=CARTESIAN_POINT('',(-98.5,19.,5.75));
#1234=CARTESIAN_POINT('',(-98.5,20.5,5.75));
#1235=CARTESIAN_POINT('',(-98.5,22.,5.75));
#1236=CARTESIAN_POINT('',(-98.5,22.,7.25));
#1237=(BOUNDED_CURVE()
B_SPLINE_CURVE(2,(#1232,#1233,#1234,#1235,#1236),.UNSPECIFIED.,.F.,.F.)
B_SPLINE_CURVE_WITH_KNOTS((3,2,3),(3.141592654,4.71238898,6.283185307),.UNSPECIFIED.)
CURVE()
GEOMETRIC_REPRESENTATION_ITEM()
RATIONAL_B_SPLINE_CURVE((1.,0.707106781,1.,0.707106781,1.))
REPRESENTATION_ITEM(''));
#1238=EDGE_CURVE('',#1199,#1226,#1237,.T.);
#1239=ORIENTED_EDGE('',*,*,#1238,.F.);
#1240=EDGE_LOOP('',(#1204,#1214,#1224,#1231,#1239));
#1241=FACE_BOUND('',#1240,.T.);
#1242=CARTESIAN_POINT('',(-98.5,-30.5,1.5));
#1243=VERTEX_POINT('',#1242);
#1244=CARTESIAN_POINT('',(-98.5,30.5,1.5));
#1245=VERTEX_POINT('',#1244);
#1246=CARTESIAN_POINT('',(-98.5,-30.5,1.5));
#1247=CARTESIAN_POINT('',(-98.5,30.5,1.5));
#1248=B_SPLINE_CURVE_WITH_KNOTS('',1,(#1246,#1247),.UNSPECIFIED.,.F.,.F.,(2,2),(0.0055,0.0665),.UNSPECIFIED.);
#1249=EDGE_CURVE('',#1243,#1245,#1248,.T.);
#1250=ORIENTED_EDGE('',*,*,#1249,.T.);
#1251=CARTESIAN_POINT('',(-98.5,30.5,61.5));
#1252=CARTESIAN_POINT('',(-98.5,30.5,1.5));
#1253=B_SPLINE_CURVE_WITH_KNOTS('',1,(#1251,#1252),.UNSPECIFIED.,.F.,.F.,(2,2),(0.,0.06),.UNSPECIFIED.);
#1254=EDGE_CURVE('',#197,#1245,#1253,.T.);
#1255=ORIENTED_EDGE('',*,*,#1254,.F.);
#1256=ORIENTED_EDGE('',*,*,#201,.F.);
#1257=CARTESIAN_POINT('',(-98.5,-30.5,1.5));
#1258=CARTESIAN_POINT('',(-98.5,-30.5,61.5));
#1259=B_SPLINE_CURVE_WITH_KNOTS('',1,(#1257,#1258),.UNSPECIFIED.,.F.,.F.,(2,2),(0.,0.06),.UNSPECIFIED.);
#1260=EDGE_CURVE('',#1243,#190,#1259,.T.);
#1261=ORIENTED_EDGE('',*,*,#1260,.F.);
#1262=EDGE_LOOP('',(#1250,#1255,#1256,#1261));
#1263=FACE_BOUND('',#1262,.T.);
#1264=CARTESIAN_POINT('',(-98.5,-23.,55.75));
#1265=VERTEX_POINT('',#1264);
#1266=CARTESIAN_POINT('',(-98.5,-25.,57.75));
#1267=VERTEX_POINT('',#1266);
#1268=CARTESIAN_POINT('',(-98.5,-23.,55.75));
#1269=CARTESIAN_POINT('',(-98.5,-23.,53.75));
#1270=CARTESIAN_POINT('',(-98.5,-25.,53.75));
#1271=CARTESIAN_POINT('',(-98.5,-27.,53.75));
#1272=CARTESIAN_POINT('',(-98.5,-27.,55.75));
#1273=CARTESIAN_POINT('',(-98.5,-27.,57.75));
#1274=CARTESIAN_POINT('',(-98.5,-25.,57.75));
#1275=CARTESIAN_POINT('',(-98.5,-23.,57.75));
#1276=CARTESIAN_POINT('',(-98.5,-23.,55.75));
#1277=(BOUNDED_CURVE()
B_SPLINE_CURVE(2,(#1268,#1269,#1270,#1271,#1272,#1273,#1274,#1275,#1276),.UNSPECIFIED.,.T.,.F.)
B_SPLINE_CURVE_WITH_KNOTS((3,2,2,2,3),(0.,1.570796327,3.141592654,4.71238898,6.283185307),.UNSPECIFIED.)
CURVE()
GEOMETRIC_REPRESENTATION_ITEM()
RATIONAL_B_SPLINE_CURVE((1.,0.707106781,1.,0.707106781,1.,0.707106781,1.,0.707106781,1.))
REPRESENTATION_ITEM(''));
#1278=EDGE_CURVE('',#1265,#1267,#1277,.T.);
#1279=ORIENTED_EDGE('',*,*,#1278,.T.);
#1280=CARTESIAN_POINT('',(-98.5,-23.,55.75));
#1281=CARTESIAN_POINT('',(-98.5,-23.,53.75));
#1282=CARTESIAN_POINT('',(-98.5,-25.,53.75));
#1283=CARTESIAN_POINT('',(-98.5,-27.,53.75));
#1284=CARTESIAN_POINT('',(-98.5,-27.,55.75));
#1285=CARTESIAN_POINT('',(-98.5,-27.,57.75));
#1286=CARTESIAN_POINT('',(-98.5,-25.,57.75));
#1287=CARTESIAN_POINT('',(-98.5,-23.,57.75));
#1288=CARTESIAN_POINT('',(-98.5,-23.,55.75));
#1289=(BOUNDED_CURVE()
B_SPLINE_CURVE(2,(#1280,#1281,#1282,#1283,#1284,#1285,#1286,#1287,#1288),.UNSPECIFIED.,.T.,.F.)
B_SPLINE_CURVE_WITH_KNOTS((3,2,2,2,3),(0.,1.570796327,3.141592654,4.71238898,6.283185307),.UNSPECIFIED.)
CURVE()
GEOMETRIC_REPRESENTATION_ITEM()
RATIONAL_B_SPLINE_CURVE((1.,0.707106781,1.,0.707106781,1.,0.707106781,1.,0.707106781,1.))
REPRESENTATION_ITEM(''));
#1290=EDGE_CURVE('',#1267,#1265,#1289,.T.);
#1291=ORIENTED_EDGE('',*,*,#1290,.T.);
#1292=EDGE_LOOP('',(#1279,#1291));
#1293=FACE_BOUND('',#1292,.T.);
#1294=CARTESIAN_POINT('',(-98.5,27.,55.75));
#1295=VERTEX_POINT('',#1294);
#1296=CARTESIAN_POINT('',(-98.5,25.,57.75));
#1297=VERTEX_POINT('',#1296);
#1298=CARTESIAN_POINT('',(-98.5,27.,55.75));
#1299=CARTESIAN_POINT('',(-98.5,27.,53.75));
#1300=CARTESIAN_POINT('',(-98.5,25.,53.75));
#1301=CARTESIAN_POINT('',(-98.5,23.,53.75));
#1302=CARTESIAN_POINT('',(-98.5,23.,55.75));
#1303=CARTESIAN_POINT('',(-98.5,23.,57.75));
#1304=CARTESIAN_POINT('',(-98.5,25.,57.75));
#1305=CARTESIAN_POINT('',(-98.5,27.,57.75));
#1306=CARTESIAN_POINT('',(-98.5,27.,55.75));
#1307=(BOUNDED_CURVE()
B_SPLINE_CURVE(2,(#1298,#1299,#1300,#1301,#1302,#1303,#1304,#1305,#1306),.UNSPECIFIED.,.T.,.F.)
B_SPLINE_CURVE_WITH_KNOTS((3,2,2,2,3),(0.,1.570796327,3.141592654,4.71238898,6.283185307),.UNSPECIFIED.)
CURVE()
GEOMETRIC_REPRESENTATION_ITEM()
RATIONAL_B_SPLINE_CURVE((1.,0.707106781,1.,0.707106781,1.,0.707106781,1.,0.707106781,1.))
REPRESENTATION_ITEM(''));
#1308=EDGE_CURVE('',#1295,#1297,#1307,.T.);
#1309=ORIENTED_EDGE('',*,*,#1308,.T.);
#1310=CARTESIAN_POINT('',(-98.5,27.,55.75));
#1311=CARTESIAN_POINT('',(-98.5,27.,53.75));
#1312=CARTESIAN_POINT('',(-98.5,25.,53.75));
#1313=CARTESIAN_POINT('',(-98.5,23.,53.75));
#1314=CARTESIAN_POINT('',(-98.5,23.,55.75));
#1315=CARTESIAN_POINT('',(-98.5,23.,57.75));
#1316=CARTESIAN_POINT('',(-98.5,25.,57.75));
#1317=CARTESIAN_POINT('',(-98.5,27.,57.75));
#1318=CARTESIAN_POINT('',(-98.5,27.,55.75));
#1319=(BOUNDED_CURVE()
B_SPLINE_CURVE(2,(#1310,#1311,#1312,#1313,#1314,#1315,#1316,#1317,#1318),.UNSPECIFIED.,.T.,.F.)
B_SPLINE_CURVE_WITH_KNOTS((3,2,2,2,3),(0.,1.570796327,3.141592654,4.71238898,6.283185307),.UNSPECIFIED.)
CURVE()
GEOMETRIC_REPRESENTATION_ITEM()
RATIONAL_B_SPLINE_CURVE((1.,0.707106781,1.,0.707106781,1.,0.707106781,1.,0.707106781,1.))
REPRESENTATION_ITEM(''));
#1320=EDGE_CURVE('',#1297,#1295,#1319,.T.);
#1321=ORIENTED_EDGE('',*,*,#1320,.T.);
#1322=EDGE_LOOP('',(#1309,#1321));
#1323=FACE_BOUND('',#1322,.T.);
#1324=CARTESIAN_POINT('',(-98.5,-23.,5.75));
#1325=VERTEX_POINT('',#1324);
#1326=CARTESIAN_POINT('',(-98.5,-25.,7.75));
#1327=VERTEX_POINT('',#1326);
#1328=CARTESIAN_POINT('',(-98.5,-23.,5.75));
#1329=CARTESIAN_POINT('',(-98.5,-23.,3.75));
#1330=CARTESIAN_POINT('',(-98.5,-25.,3.75));
#1331=CARTESIAN_POINT('',(-98.5,-27.,3.75));
#1332=CARTESIAN_POINT('',(-98.5,-27.,5.75));
#1333=CARTESIAN_POINT('',(-98.5,-27.,7.75));
#1334=CARTESIAN_POINT('',(-98.5,-25.,7.75));
#1335=CARTESIAN_POINT('',(-98.5,-23.,7.75));
#1336=CARTESIAN_POINT('',(-98.5,-23.,5.75));
#1337=(BOUNDED_CURVE()
B_SPLINE_CURVE(2,(#1328,#1329,#1330,#1331,#1332,#1333,#1334,#1335,#1336),.UNSPECIFIED.,.T.,.F.)
B_SPLINE_CURVE_WITH_KNOTS((3,2,2,2,3),(0.,1.570796327,3.141592654,4.71238898,6.283185307),.UNSPECIFIED.)
CURVE()
GEOMETRIC_REPRESENTATION_ITEM()
RATIONAL_B_SPLINE_CURVE((1.,0.707106781,1.,0.707106781,1.,0.707106781,1.,0.707106781,1.))
REPRESENTATION_ITEM(''));
#1338=EDGE_CURVE('',#1325,#1327,#1337,.T.);
#1339=ORIENTED_EDGE('',*,*,#1338,.T.);
#1340=CARTESIAN_POINT('',(-98.5,-23.,5.75));
#1341=CARTESIAN_POINT('',(-98.5,-23.,3.75));
#1342=CARTESIAN_POINT('',(-98.5,-25.,3.75));
#1343=CARTESIAN_POINT('',(-98.5,-27.,3.75));
#1344=CARTESIAN_POINT('',(-98.5,-27.,5.75));
#1345=CARTESIAN_POINT('',(-98.5,-27.,7.75));
#1346=CARTESIAN_POINT('',(-98.5,-25.,7.75));
#1347=CARTESIAN_POINT('',(-98.5,-23.,7.75));
#1348=CARTESIAN_POINT('',(-98.5,-23.,5.75));
#1349=(BOUNDED_CURVE()
B_SPLINE_CURVE(2,(#1340,#1341,#1342,#1343,#1344,#1345,#1346,#1347,#1348),.UNSPECIFIED.,.T.,.F.)
B_SPLINE_CURVE_WITH_KNOTS((3,2,2,2,3),(0.,1.570796327,3.141592654,4.71238898,6.283185307),.UNSPECIFIED.)
CURVE()
GEOMETRIC_REPRESENTATION_ITEM()
RATIONAL_B_SPLINE_CURVE((1.,0.707106781,1.,0.707106781,1.,0.707106781,1.,0.707106781,1.))
REPRESENTATION_ITEM(''));
#1350=EDGE_CURVE('',#1327,#1325,#1349,.T.);
#1351=ORIENTED_EDGE('',*,*,#1350,.T.);
#1352=EDGE_LOOP('',(#1339,#1351));
#1353=FACE_BOUND('',#1352,.T.);
#1354=CARTESIAN_POINT('',(-98.5,27.,5.75));
#1355=VERTEX_POINT('',#1354);
#1356=CARTESIAN_POINT('',(-98.5,25.,7.75));
#1357=VERTEX_POINT('',#1356);
#1358=CARTESIAN_POINT('',(-98.5,27.,5.75));
#1359=CARTESIAN_POINT('',(-98.5,27.,3.75));
#1360=CARTESIAN_POINT('',(-98.5,25.,3.75));
#1361=CARTESIAN_POINT('',(-98.5,23.,3.75));
#1362=CARTESIAN_POINT('',(-98.5,23.,5.75));
#1363=CARTESIAN_POINT('',(-98.5,23.,7.75));
#1364=CARTESIAN_POINT('',(-98.5,25.,7.75));
#1365=CARTESIAN_POINT('',(-98.5,27.,7.75));
#1366=CARTESIAN_POINT('',(-98.5,27.,5.75));
#1367=(BOUNDED_CURVE()
B_SPLINE_CURVE(2,(#1358,#1359,#1360,#1361,#1362,#1363,#1364,#1365,#1366),.UNSPECIFIED.,.T.,.F.)
B_SPLINE_CURVE_WITH_KNOTS((3,2,2,2,3),(0.,1.570796327,3.141592654,4.71238898,6.283185307),.UNSPECIFIED.)
CURVE()
GEOMETRIC_REPRESENTATION_ITEM()
RATIONAL_B_SPLINE_CURVE((1.,0.707106781,1.,0.707106781,1.,0.707106781,1.,0.707106781,1.))
REPRESENTATION_ITEM(''));
#1368=EDGE_CURVE('',#1355,#1357,#1367,.T.);
#1369=ORIENTED_EDGE('',*,*,#1368,.T.);
#1370=CARTESIAN_POINT('',(-98.5,27.,5.75));
#1371=CARTESIAN_POINT('',(-98.5,27.,3.75));
#1372=CARTESIAN_POINT('',(-98.5,25.,3.75));
#1373=CARTESIAN_POINT('',(-98.5,23.,3.75));
#1374=CARTESIAN_POINT('',(-98.5,23.,5.75));
#1375=CARTESIAN_POINT('',(-98.5,23.,7.75));
#1376=CARTESIAN_POINT('',(-98.5,25.,7.75));
#1377=CARTESIAN_POINT('',(-98.5,27.,7.75));
#1378=CARTESIAN_POINT('',(-98.5,27.,5.75));
#1379=(BOUNDED_CURVE()
B_SPLINE_CURVE(2,(#1370,#1371,#1372,#1373,#1374,#1375,#1376,#1377,#1378),.UNSPECIFIED.,.T.,.F.)
B_SPLINE_CURVE_WITH_KNOTS((3,2,2,2,3),(0.,1.570796327,3.141592654,4.71238898,6.283185307),.UNSPECIFIED.)
CURVE()
GEOMETRIC_REPRESENTATION_ITEM()
RATIONAL_B_SPLINE_CURVE((1.,0.707106781,1.,0.707106781,1.,0.707106781,1.,0.707106781,1.))
REPRESENTATION_ITEM(''));
#1380=EDGE_CURVE('',#1357,#1355,#1379,.T.);
#1381=ORIENTED_EDGE('',*,*,#1380,.T.);
#1382=EDGE_LOOP('',(#1369,#1381));
#1383=FACE_BOUND('',#1382,.T.);
#1384=ADVANCED_FACE('',(#873,#919,#965,#1011,#1057,#1103,#1149,#1195,#1241,#1263,#1293,#1323,#1353,#1383),#827,.T.);
#1385=CARTESIAN_POINT('',(100.,37.5,0.));
#1386=CARTESIAN_POINT('',(100.,-37.5,0.));
#1387=CARTESIAN_POINT('',(100.,37.5,61.5));
#1388=CARTESIAN_POINT('',(100.,-37.5,61.5));
#1389=B_SPLINE_SURFACE_WITH_KNOTS('',1,1,((#1385,#1386),(#1387,#1388)),.UNSPECIFIED.,.F.,.F.,.U.,(2,2),(2,2),(0.,0.0615),(-0.075,0.),.UNSPECIFIED.);
#1390=CARTESIAN_POINT('',(100.,17.,7.25));
#1391=VERTEX_POINT('',#1390);
#1392=CARTESIAN_POINT('',(100.,15.5,5.75));
#1393=VERTEX_POINT('',#1392);
#1394=CARTESIAN_POINT('',(100.,17.,7.25));
#1395=CARTESIAN_POINT('',(100.,17.,5.75));
#1396=CARTESIAN_POINT('',(100.,15.5,5.75));
#1397=CARTESIAN_POINT('',(100.,14.,5.75));
#1398=CARTESIAN_POINT('',(100.,14.,7.25));
#1399=(BOUNDED_CURVE()
B_SPLINE_CURVE(2,(#1394,#1395,#1396,#1397,#1398),.UNSPECIFIED.,.F.,.F.)
B_SPLINE_CURVE_WITH_KNOTS((3,2,3),(1.570796327,3.141592654,4.71238898),.UNSPECIFIED.)
CURVE()
GEOMETRIC_REPRESENTATION_ITEM()
RATIONAL_B_SPLINE_CURVE((1.,0.707106781,1.,0.707106781,1.))
REPRESENTATION_ITEM(''));
#1400=EDGE_CURVE('',#1391,#1393,#1399,.T.);
#1401=ORIENTED_EDGE('',*,*,#1400,.T.);
#1402=CARTESIAN_POINT('',(100.,14.,7.25));
#1403=VERTEX_POINT('',#1402);
#1404=CARTESIAN_POINT('',(100.,17.,7.25));
#1405=CARTESIAN_POINT('',(100.,17.,5.75));
#1406=CARTESIAN_POINT('',(100.,15.5,5.75));
#1407=CARTESIAN_POINT('',(100.,14.,5.75));
#1408=CARTESIAN_POINT('',(100.,14.,7.25));
#1409=(BOUNDED_CURVE()
B_SPLINE_CURVE(2,(#1404,#1405,#1406,#1407,#1408),.UNSPECIFIED.,.F.,.F.)
B_SPLINE_CURVE_WITH_KNOTS((3,2,3),(1.570796327,3.141592654,4.71238898),.UNSPECIFIED.)
CURVE()
GEOMETRIC_REPRESENTATION_ITEM()
RATIONAL_B_SPLINE_CURVE((1.,0.707106781,1.,0.707106781,1.))
REPRESENTATION_ITEM(''));
#1410=EDGE_CURVE('',#1393,#1403,#1409,.T.);
#1411=ORIENTED_EDGE('',*,*,#1410,.T.);
#1412=CARTESIAN_POINT('',(100.,14.,54.25));
#1413=VERTEX_POINT('',#1412);
#1414=CARTESIAN_POINT('',(100.,14.,7.25));
#1415=CARTESIAN_POINT('',(100.,14.,54.25));
#1416=B_SPLINE_CURVE_WITH_KNOTS('',1,(#1414,#1415),.UNSPECIFIED.,.F.,.F.,(2,2),(0.,0.047),.UNSPECIFIED.);
#1417=EDGE_CURVE('',#1403,#1413,#1416,.T.);
#1418=ORIENTED_EDGE('',*,*,#1417,.T.);
#1419=CARTESIAN_POINT('',(100.,17.,54.25));
#1420=VERTEX_POINT('',#1419);
#1421=CARTESIAN_POINT('',(100.,14.,54.25));
#1422=CARTESIAN_POINT('',(100.,14.,55.75));
#1423=CARTESIAN_POINT('',(100.,15.5,55.75));
#1424=CARTESIAN_POINT('',(100.,17.,55.75));
#1425=CARTESIAN_POINT('',(100.,17.,54.25));
#1426=(BOUNDED_CURVE()
B_SPLINE_CURVE(2,(#1421,#1422,#1423,#1424,#1425),.UNSPECIFIED.,.F.,.F.)
B_SPLINE_CURVE_WITH_KNOTS((3,2,3),(4.71238898,6.283185307,7.853981634),.UNSPECIFIED.)
CURVE()
GEOMETRIC_REPRESENTATION_ITEM()
RATIONAL_B_SPLINE_CURVE((1.,0.707106781,1.,0.707106781,1.))
REPRESENTATION_ITEM(''));
#1427=EDGE_CURVE('',#1413,#1420,#1426,.T.);
#1428=ORIENTED_EDGE('',*,*,#1427,.T.);
#1429=CARTESIAN_POINT('',(100.,17.,54.25));
#1430=CARTESIAN_POINT('',(100.,17.,7.25));
#1431=B_SPLINE_CURVE_WITH_KNOTS('',1,(#1429,#1430),.UNSPECIFIED.,.F.,.F.,(2,2),(0.,0.047),.UNSPECIFIED.);
#1432=EDGE_CURVE('',#1420,#1391,#1431,.T.);
#1433=ORIENTED_EDGE('',*,*,#1432,.T.);
#1434=EDGE_LOOP('',(#1401,#1411,#1418,#1428,#1433));
#1435=FACE_BOUND('',#1434,.T.);
#1436=CARTESIAN_POINT('',(100.,12.,7.25));
#1437=VERTEX_POINT('',#1436);
#1438=CARTESIAN_POINT('',(100.,10.5,5.75));
#1439=VERTEX_POINT('',#1438);
#1440=CARTESIAN_POINT('',(100.,12.,7.25));
#1441=CARTESIAN_POINT('',(100.,12.,5.75));
#1442=CARTESIAN_POINT('',(100.,10.5,5.75));
#1443=CARTESIAN_POINT('',(100.,9.,5.75));
#1444=CARTESIAN_POINT('',(100.,9.,7.25));
#1445=(BOUNDED_CURVE()
B_SPLINE_CURVE(2,(#1440,#1441,#1442,#1443,#1444),.UNSPECIFIED.,.F.,.F.)
B_SPLINE_CURVE_WITH_KNOTS((3,2,3),(1.570796327,3.141592654,4.71238898),.UNSPECIFIED.)
CURVE()
GEOMETRIC_REPRESENTATION_ITEM()
RATIONAL_B_SPLINE_CURVE((1.,0.707106781,1.,0.707106781,1.))
REPRESENTATION_ITEM(''));
#1446=EDGE_CURVE('',#1437,#1439,#1445,.T.);
#1447=ORIENTED_EDGE('',*,*,#1446,.T.);
#1448=CARTESIAN_POINT('',(100.,9.,7.25));
#1449=VERTEX_POINT('',#1448);
#1450=CARTESIAN_POINT('',(100.,12.,7.25));
#1451=CARTESIAN_POINT('',(100.,12.,5.75));
#1452=CARTESIAN_POINT('',(100.,10.5,5.75));
#1453=CARTESIAN_POINT('',(100.,9.,5.75));
#1454=CARTESIAN_POINT('',(100.,9.,7.25));
#1455=(BOUNDED_CURVE()
B_SPLINE_CURVE(2,(#1450,#1451,#1452,#1453,#1454),.UNSPECIFIED.,.F.,.F.)
B_SPLINE_CURVE_WITH_KNOTS((3,2,3),(1.570796327,3.141592654,4.71238898),.UNSPECIFIED.)
CURVE()
GEOMETRIC_REPRESENTATION_ITEM()
RATIONAL_B_SPLINE_CURVE((1.,0.707106781,1.,0.707106781,1.))
REPRESENTATION_ITEM(''));
#1456=EDGE_CURVE('',#1439,#1449,#1455,.T.);
#1457=ORIENTED_EDGE('',*,*,#1456,.T.);
#1458=CARTESIAN_POINT('',(100.,9.,54.25));
#1459=VERTEX_POINT('',#1458);
#1460=CARTESIAN_POINT('',(100.,9.,7.25));
#1461=CARTESIAN_POINT('',(100.,9.,54.25));
#1462=B_SPLINE_CURVE_WITH_KNOTS('',1,(#1460,#1461),.UNSPECIFIED.,.F.,.F.,(2,2),(0.,0.047),.UNSPECIFIED.);
#1463=EDGE_CURVE('',#1449,#1459,#1462,.T.);
#1464=ORIENTED_EDGE('',*,*,#1463,.T.);
#1465=CARTESIAN_POINT('',(100.,12.,54.25));
#1466=VERTEX_POINT('',#1465);
#1467=CARTESIAN_POINT('',(100.,9.,54.25));
#1468=CARTESIAN_POINT('',(100.,9.,55.75));
#1469=CARTESIAN_POINT('',(100.,10.5,55.75));
#1470=CARTESIAN_POINT('',(100.,12.,55.75));
#1471=CARTESIAN_POINT('',(100.,12.,54.25));
#1472=(BOUNDED_CURVE()
B_SPLINE_CURVE(2,(#1467,#1468,#1469,#1470,#1471),.UNSPECIFIED.,.F.,.F.)
B_SPLINE_CURVE_WITH_KNOTS((3,2,3),(4.71238898,6.283185307,7.853981634),.UNSPECIFIED.)
CURVE()
GEOMETRIC_REPRESENTATION_ITEM()
RATIONAL_B_SPLINE_CURVE((1.,0.707106781,1.,0.707106781,1.))
REPRESENTATION_ITEM(''));
#1473=EDGE_CURVE('',#1459,#1466,#1472,.T.);
#1474=ORIENTED_EDGE('',*,*,#1473,.T.);
#1475=CARTESIAN_POINT('',(100.,12.,54.25));
#1476=CARTESIAN_POINT('',(100.,12.,7.25));
#1477=B_SPLINE_CURVE_WITH_KNOTS('',1,(#1475,#1476),.UNSPECIFIED.,.F.,.F.,(2,2),(0.,0.047),.UNSPECIFIED.);
#1478=EDGE_CURVE('',#1466,#1437,#1477,.T.);
#1479=ORIENTED_EDGE('',*,*,#1478,.T.);
#1480=EDGE_LOOP('',(#1447,#1457,#1464,#1474,#1479));
#1481=FACE_BOUND('',#1480,.T.);
#1482=CARTESIAN_POINT('',(100.,7.,7.25));
#1483=VERTEX_POINT('',#1482);
#1484=CARTESIAN_POINT('',(100.,5.5,5.75));
#1485=VERTEX_POINT('',#1484);
#1486=CARTESIAN_POINT('',(100.,7.,7.25));
#1487=CARTESIAN_POINT('',(100.,7.,5.75));
#1488=CARTESIAN_POINT('',(100.,5.5,5.75));
#1489=CARTESIAN_POINT('',(100.,4.,5.75));
#1490=CARTESIAN_POINT('',(100.,4.,7.25));
#1491=(BOUNDED_CURVE()
B_SPLINE_CURVE(2,(#1486,#1487,#1488,#1489,#1490),.UNSPECIFIED.,.F.,.F.)
B_SPLINE_CURVE_WITH_KNOTS((3,2,3),(1.570796327,3.141592654,4.71238898),.UNSPECIFIED.)
CURVE()
GEOMETRIC_REPRESENTATION_ITEM()
RATIONAL_B_SPLINE_CURVE((1.,0.707106781,1.,0.707106781,1.))
REPRESENTATION_ITEM(''));
#1492=EDGE_CURVE('',#1483,#1485,#1491,.T.);
#1493=ORIENTED_EDGE('',*,*,#1492,.T.);
#1494=CARTESIAN_POINT('',(100.,4.,7.25));
#1495=VERTEX_POINT('',#1494);
#1496=CARTESIAN_POINT('',(100.,7.,7.25));
#1497=CARTESIAN_POINT('',(100.,7.,5.75));
#1498=CARTESIAN_POINT('',(100.,5.5,5.75));
#1499=CARTESIAN_POINT('',(100.,4.,5.75));
#1500=CARTESIAN_POINT('',(100.,4.,7.25));
#1501=(BOUNDED_CURVE()
B_SPLINE_CURVE(2,(#1496,#1497,#1498,#1499,#1500),.UNSPECIFIED.,.F.,.F.)
B_SPLINE_CURVE_WITH_KNOTS((3,2,3),(1.570796327,3.141592654,4.71238898),.UNSPECIFIED.)
CURVE()
GEOMETRIC_REPRESENTATION_ITEM()
RATIONAL_B_SPLINE_CURVE((1.,0.707106781,1.,0.707106781,1.))
REPRESENTATION_ITEM(''));
#1502=EDGE_CURVE('',#1485,#1495,#1501,.T.);
#1503=ORIENTED_EDGE('',*,*,#1502,.T.);
#1504=CARTESIAN_POINT('',(100.,4.,54.25));
#1505=VERTEX_POINT('',#1504);
#1506=CARTESIAN_POINT('',(100.,4.,7.25));
#1507=CARTESIAN_POINT('',(100.,4.,54.25));
#1508=B_SPLINE_CURVE_WITH_KNOTS('',1,(#1506,#1507),.UNSPECIFIED.,.F.,.F.,(2,2),(0.,0.047),.UNSPECIFIED.);
#1509=EDGE_CURVE('',#1495,#1505,#1508,.T.);
#1510=ORIENTED_EDGE('',*,*,#1509,.T.);
#1511=CARTESIAN_POINT('',(100.,7.,54.25));
#1512=VERTEX_POINT('',#1511);
#1513=CARTESIAN_POINT('',(100.,4.,54.25));
#1514=CARTESIAN_POINT('',(100.,4.,55.75));
#1515=CARTESIAN_POINT('',(100.,5.5,55.75));
#1516=CARTESIAN_POINT('',(100.,7.,55.75));
#1517=CARTESIAN_POINT('',(100.,7.,54.25));
#1518=(BOUNDED_CURVE()
B_SPLINE_CURVE(2,(#1513,#1514,#1515,#1516,#1517),.UNSPECIFIED.,.F.,.F.)
B_SPLINE_CURVE_WITH_KNOTS((3,2,3),(4.71238898,6.283185307,7.853981634),.UNSPECIFIED.)
CURVE()
GEOMETRIC_REPRESENTATION_ITEM()
RATIONAL_B_SPLINE_CURVE((1.,0.707106781,1.,0.707106781,1.))
REPRESENTATION_ITEM(''));
#1519=EDGE_CURVE('',#1505,#1512,#1518,.T.);
#1520=ORIENTED_EDGE('',*,*,#1519,.T.);
#1521=CARTESIAN_POINT('',(100.,7.,54.25));
#1522=CARTESIAN_POINT('',(100.,7.,7.25));
#1523=B_SPLINE_CURVE_WITH_KNOTS('',1,(#1521,#1522),.UNSPECIFIED.,.F.,.F.,(2,2),(0.,0.047),.UNSPECIFIED.);
#1524=EDGE_CURVE('',#1512,#1483,#1523,.T.);
#1525=ORIENTED_EDGE('',*,*,#1524,.T.);
#1526=EDGE_LOOP('',(#1493,#1503,#1510,#1520,#1525));
#1527=FACE_BOUND('',#1526,.T.);
#1528=CARTESIAN_POINT('',(100.,2.,7.25));
#1529=VERTEX_POINT('',#1528);
#1530=CARTESIAN_POINT('',(100.,0.5,5.75));
#1531=VERTEX_POINT('',#1530);
#1532=CARTESIAN_POINT('',(100.,2.,7.25));
#1533=CARTESIAN_POINT('',(100.,2.,5.75));
#1534=CARTESIAN_POINT('',(100.,0.5,5.75));
#1535=CARTESIAN_POINT('',(100.,-1.,5.75));
#1536=CARTESIAN_POINT('',(100.,-1.,7.25));
#1537=(BOUNDED_CURVE()
B_SPLINE_CURVE(2,(#1532,#1533,#1534,#1535,#1536),.UNSPECIFIED.,.F.,.F.)
B_SPLINE_CURVE_WITH_KNOTS((3,2,3),(1.570796327,3.141592654,4.71238898),.UNSPECIFIED.)
CURVE()
GEOMETRIC_REPRESENTATION_ITEM()
RATIONAL_B_SPLINE_CURVE((1.,0.707106781,1.,0.707106781,1.))
REPRESENTATION_ITEM(''));
#1538=EDGE_CURVE('',#1529,#1531,#1537,.T.);
#1539=ORIENTED_EDGE('',*,*,#1538,.T.);
#1540=CARTESIAN_POINT('',(100.,-1.,7.25));
#1541=VERTEX_POINT('',#1540);
#1542=CARTESIAN_POINT('',(100.,2.,7.25));
#1543=CARTESIAN_POINT('',(100.,2.,5.75));
#1544=CARTESIAN_POINT('',(100.,0.5,5.75));
#1545=CARTESIAN_POINT('',(100.,-1.,5.75));
#1546=CARTESIAN_POINT('',(100.,-1.,7.25));
#1547=(BOUNDED_CURVE()
B_SPLINE_CURVE(2,(#1542,#1543,#1544,#1545,#1546),.UNSPECIFIED.,.F.,.F.)
B_SPLINE_CURVE_WITH_KNOTS((3,2,3),(1.570796327,3.141592654,4.71238898),.UNSPECIFIED.)
CURVE()
GEOMETRIC_REPRESENTATION_ITEM()
RATIONAL_B_SPLINE_CURVE((1.,0.707106781,1.,0.707106781,1.))
REPRESENTATION_ITEM(''));
#1548=EDGE_CURVE('',#1531,#1541,#1547,.T.);
#1549=ORIENTED_EDGE('',*,*,#1548,.T.);
#1550=CARTESIAN_POINT('',(100.,-1.,54.25));
#1551=VERTEX_POINT('',#1550);
#1552=CARTESIAN_POINT('',(100.,-1.,7.25));
#1553=CARTESIAN_POINT('',(100.,-1.,54.25));
#1554=B_SPLINE_CURVE_WITH_KNOTS('',1,(#1552,#1553),.UNSPECIFIED.,.F.,.F.,(2,2),(0.,0.047),.UNSPECIFIED.);
#1555=EDGE_CURVE('',#1541,#1551,#1554,.T.);
#1556=ORIENTED_EDGE('',*,*,#1555,.T.);
#1557=CARTESIAN_POINT('',(100.,2.,54.25));
#1558=VERTEX_POINT('',#1557);
#1559=CARTESIAN_POINT('',(100.,-1.,54.25));
#1560=CARTESIAN_POINT('',(100.,-1.,55.75));
#1561=CARTESIAN_POINT('',(100.,0.5,55.75));
#1562=CARTESIAN_POINT('',(100.,2.,55.75));
#1563=CARTESIAN_POINT('',(100.,2.,54.25));
#1564=(BOUNDED_CURVE()
B_SPLINE_CURVE(2,(#1559,#1560,#1561,#1562,#1563),.UNSPECIFIED.,.F.,.F.)
B_SPLINE_CURVE_WITH_KNOTS((3,2,3),(4.71238898,6.283185307,7.853981634),.UNSPECIFIED.)
CURVE()
GEOMETRIC_REPRESENTATION_ITEM()
RATIONAL_B_SPLINE_CURVE((1.,0.707106781,1.,0.707106781,1.))
REPRESENTATION_ITEM(''));
#1565=EDGE_CURVE('',#1551,#1558,#1564,.T.);
#1566=ORIENTED_EDGE('',*,*,#1565,.T.);
#1567=CARTESIAN_POINT('',(100.,2.,54.25));
#1568=CARTESIAN_POINT('',(100.,2.,7.25));
#1569=B_SPLINE_CURVE_WITH_KNOTS('',1,(#1567,#1568),.UNSPECIFIED.,.F.,.F.,(2,2),(0.,0.047),.UNSPECIFIED.);
#1570=EDGE_CURVE('',#1558,#1529,#1569,.T.);
#1571=ORIENTED_EDGE('',*,*,#1570,.T.);
#1572=EDGE_LOOP('',(#1539,#1549,#1556,#1566,#1571));
#1573=FACE_BOUND('',#1572,.T.);
#1574=CARTESIAN_POINT('',(100.,-3.,7.25));
#1575=VERTEX_POINT('',#1574);
#1576=CARTESIAN_POINT('',(100.,-4.5,5.75));
#1577=VERTEX_POINT('',#1576);
#1578=CARTESIAN_POINT('',(100.,-3.,7.25));
#1579=CARTESIAN_POINT('',(100.,-3.,5.75));
#1580=CARTESIAN_POINT('',(100.,-4.5,5.75));
#1581=CARTESIAN_POINT('',(100.,-6.,5.75));
#1582=CARTESIAN_POINT('',(100.,-6.,7.25));
#1583=(BOUNDED_CURVE()
B_SPLINE_CURVE(2,(#1578,#1579,#1580,#1581,#1582),.UNSPECIFIED.,.F.,.F.)
B_SPLINE_CURVE_WITH_KNOTS((3,2,3),(1.570796327,3.141592654,4.71238898),.UNSPECIFIED.)
CURVE()
GEOMETRIC_REPRESENTATION_ITEM()
RATIONAL_B_SPLINE_CURVE((1.,0.707106781,1.,0.707106781,1.))
REPRESENTATION_ITEM(''));
#1584=EDGE_CURVE('',#1575,#1577,#1583,.T.);
#1585=ORIENTED_EDGE('',*,*,#1584,.T.);
#1586=CARTESIAN_POINT('',(100.,-6.,7.25));
#1587=VERTEX_POINT('',#1586);
#1588=CARTESIAN_POINT('',(100.,-3.,7.25));
#1589=CARTESIAN_POINT('',(100.,-3.,5.75));
#1590=CARTESIAN_POINT('',(100.,-4.5,5.75));
#1591=CARTESIAN_POINT('',(100.,-6.,5.75));
#1592=CARTESIAN_POINT('',(100.,-6.,7.25));
#1593=(BOUNDED_CURVE()
B_SPLINE_CURVE(2,(#1588,#1589,#1590,#1591,#1592),.UNSPECIFIED.,.F.,.F.)
B_SPLINE_CURVE_WITH_KNOTS((3,2,3),(1.570796327,3.141592654,4.71238898),.UNSPECIFIED.)
CURVE()
GEOMETRIC_REPRESENTATION_ITEM()
RATIONAL_B_SPLINE_CURVE((1.,0.707106781,1.,0.707106781,1.))
REPRESENTATION_ITEM(''));
#1594=EDGE_CURVE('',#1577,#1587,#1593,.T.);
#1595=ORIENTED_EDGE('',*,*,#1594,.T.);
#1596=CARTESIAN_POINT('',(100.,-6.,54.25));
#1597=VERTEX_POINT('',#1596);
#1598=CARTESIAN_POINT('',(100.,-6.,7.25));
#1599=CARTESIAN_POINT('',(100.,-6.,54.25));
#1600=B_SPLINE_CURVE_WITH_KNOTS('',1,(#1598,#1599),.UNSPECIFIED.,.F.,.F.,(2,2),(0.,0.047),.UNSPECIFIED.);
#1601=EDGE_CURVE('',#1587,#1597,#1600,.T.);
#1602=ORIENTED_EDGE('',*,*,#1601,.T.);
#1603=CARTESIAN_POINT('',(100.,-3.,54.25));
#1604=VERTEX_POINT('',#1603);
#1605=CARTESIAN_POINT('',(100.,-6.,54.25));
#1606=CARTESIAN_POINT('',(100.,-6.,55.75));
#1607=CARTESIAN_POINT('',(100.,-4.5,55.75));
#1608=CARTESIAN_POINT('',(100.,-3.,55.75));
#1609=CARTESIAN_POINT('',(100.,-3.,54.25));
#1610=(BOUNDED_CURVE()
B_SPLINE_CURVE(2,(#1605,#1606,#1607,#1608,#1609),.UNSPECIFIED.,.F.,.F.)
B_SPLINE_CURVE_WITH_KNOTS((3,2,3),(4.71238898,6.283185307,7.853981634),.UNSPECIFIED.)
CURVE()
GEOMETRIC_REPRESENTATION_ITEM()
RATIONAL_B_SPLINE_CURVE((1.,0.707106781,1.,0.707106781,1.))
REPRESENTATION_ITEM(''));
#1611=EDGE_CURVE('',#1597,#1604,#1610,.T.);
#1612=ORIENTED_EDGE('',*,*,#1611,.T.);
#1613=CARTESIAN_POINT('',(100.,-3.,54.25));
#1614=CARTESIAN_POINT('',(100.,-3.,7.25));
#1615=B_SPLINE_CURVE_WITH_KNOTS('',1,(#1613,#1614),.UNSPECIFIED.,.F.,.F.,(2,2),(0.,0.047),.UNSPECIFIED.);
#1616=EDGE_CURVE('',#1604,#1575,#1615,.T.);
#1617=ORIENTED_EDGE('',*,*,#1616,.T.);
#1618=EDGE_LOOP('',(#1585,#1595,#1602,#1612,#1617));
#1619=FACE_BOUND('',#1618,.T.);
#1620=CARTESIAN_POINT('',(100.,-8.,7.25));
#1621=VERTEX_POINT('',#1620);
#1622=CARTESIAN_POINT('',(100.,-9.5,5.75));
#1623=VERTEX_POINT('',#1622);
#1624=CARTESIAN_POINT('',(100.,-8.,7.25));
#1625=CARTESIAN_POINT('',(100.,-8.,5.75));
#1626=CARTESIAN_POINT('',(100.,-9.5,5.75));
#1627=CARTESIAN_POINT('',(100.,-11.,5.75));
#1628=CARTESIAN_POINT('',(100.,-11.,7.25));
#1629=(BOUNDED_CURVE()
B_SPLINE_CURVE(2,(#1624,#1625,#1626,#1627,#1628),.UNSPECIFIED.,.F.,.F.)
B_SPLINE_CURVE_WITH_KNOTS((3,2,3),(1.570796327,3.141592654,4.71238898),.UNSPECIFIED.)
CURVE()
GEOMETRIC_REPRESENTATION_ITEM()
RATIONAL_B_SPLINE_CURVE((1.,0.707106781,1.,0.707106781,1.))
REPRESENTATION_ITEM(''));
#1630=EDGE_CURVE('',#1621,#1623,#1629,.T.);
#1631=ORIENTED_EDGE('',*,*,#1630,.T.);
#1632=CARTESIAN_POINT('',(100.,-11.,7.25));
#1633=VERTEX_POINT('',#1632);
#1634=CARTESIAN_POINT('',(100.,-8.,7.25));
#1635=CARTESIAN_POINT('',(100.,-8.,5.75));
#1636=CARTESIAN_POINT('',(100.,-9.5,5.75));
#1637=CARTESIAN_POINT('',(100.,-11.,5.75));
#1638=CARTESIAN_POINT('',(100.,-11.,7.25));
#1639=(BOUNDED_CURVE()
B_SPLINE_CURVE(2,(#1634,#1635,#1636,#1637,#1638),.UNSPECIFIED.,.F.,.F.)
B_SPLINE_CURVE_WITH_KNOTS((3,2,3),(1.570796327,3.141592654,4.71238898),.UNSPECIFIED.)
CURVE()
GEOMETRIC_REPRESENTATION_ITEM()
RATIONAL_B_SPLINE_CURVE((1.,0.707106781,1.,0.707106781,1.))
REPRESENTATION_ITEM(''));
#1640=EDGE_CURVE('',#1623,#1633,#1639,.T.);
#1641=ORIENTED_EDGE('',*,*,#1640,.T.);
#1642=CARTESIAN_POINT('',(100.,-11.,54.25));
#1643=VERTEX_POINT('',#1642);
#1644=CARTESIAN_POINT('',(100.,-11.,7.25));
#1645=CARTESIAN_POINT('',(100.,-11.,54.25));
#1646=B_SPLINE_CURVE_WITH_KNOTS('',1,(#1644,#1645),.UNSPECIFIED.,.F.,.F.,(2,2),(0.,0.047),.UNSPECIFIED.);
#1647=EDGE_CURVE('',#1633,#1643,#1646,.T.);
#1648=ORIENTED_EDGE('',*,*,#1647,.T.);
#1649=CARTESIAN_POINT('',(100.,-8.,54.25));
#1650=VERTEX_POINT('',#1649);
#1651=CARTESIAN_POINT('',(100.,-11.,54.25));
#1652=CARTESIAN_POINT('',(100.,-11.,55.75));
#1653=CARTESIAN_POINT('',(100.,-9.5,55.75));
#1654=CARTESIAN_POINT('',(100.,-8.,55.75));
#1655=CARTESIAN_POINT('',(100.,-8.,54.25));
#1656=(BOUNDED_CURVE()
B_SPLINE_CURVE(2,(#1651,#1652,#1653,#1654,#1655),.UNSPECIFIED.,.F.,.F.)
B_SPLINE_CURVE_WITH_KNOTS((3,2,3),(4.71238898,6.283185307,7.853981634),.UNSPECIFIED.)
CURVE()
GEOMETRIC_REPRESENTATION_ITEM()
RATIONAL_B_SPLINE_CURVE((1.,0.707106781,1.,0.707106781,1.))
REPRESENTATION_ITEM(''));
#1657=EDGE_CURVE('',#1643,#1650,#1656,.T.);
#1658=ORIENTED_EDGE('',*,*,#1657,.T.);
#1659=CARTESIAN_POINT('',(100.,-8.,54.25));
#1660=CARTESIAN_POINT('',(100.,-8.,7.25));
#1661=B_SPLINE_CURVE_WITH_KNOTS('',1,(#1659,#1660),.UNSPECIFIED.,.F.,.F.,(2,2),(0.,0.047),.UNSPECIFIED.);
#1662=EDGE_CURVE('',#1650,#1621,#1661,.T.);
#1663=ORIENTED_EDGE('',*,*,#1662,.T.);
#1664=EDGE_LOOP('',(#1631,#1641,#1648,#1658,#1663));
#1665=FACE_BOUND('',#1664,.T.);
#1666=CARTESIAN_POINT('',(100.,-13.,7.25));
#1667=VERTEX_POINT('',#1666);
#1668=CARTESIAN_POINT('',(100.,-14.5,5.75));
#1669=VERTEX_POINT('',#1668);
#1670=CARTESIAN_POINT('',(100.,-13.,7.25));
#1671=CARTESIAN_POINT('',(100.,-13.,5.75));
#1672=CARTESIAN_POINT('',(100.,-14.5,5.75));
#1673=CARTESIAN_POINT('',(100.,-16.,5.75));
#1674=CARTESIAN_POINT('',(100.,-16.,7.25));
#1675=(BOUNDED_CURVE()
B_SPLINE_CURVE(2,(#1670,#1671,#1672,#1673,#1674),.UNSPECIFIED.,.F.,.F.)
B_SPLINE_CURVE_WITH_KNOTS((3,2,3),(1.570796327,3.141592654,4.71238898),.UNSPECIFIED.)
CURVE()
GEOMETRIC_REPRESENTATION_ITEM()
RATIONAL_B_SPLINE_CURVE((1.,0.707106781,1.,0.707106781,1.))
REPRESENTATION_ITEM(''));
#1676=EDGE_CURVE('',#1667,#1669,#1675,.T.);
#1677=ORIENTED_EDGE('',*,*,#1676,.T.);
#1678=CARTESIAN_POINT('',(100.,-16.,7.25));
#1679=VERTEX_POINT('',#1678);
#1680=CARTESIAN_POINT('',(100.,-13.,7.25));
#1681=CARTESIAN_POINT('',(100.,-13.,5.75));
#1682=CARTESIAN_POINT('',(100.,-14.5,5.75));
#1683=CARTESIAN_POINT('',(100.,-16.,5.75));
#1684=CARTESIAN_POINT('',(100.,-16.,7.25));
#1685=(BOUNDED_CURVE()
B_SPLINE_CURVE(2,(#1680,#1681,#1682,#1683,#1684),.UNSPECIFIED.,.F.,.F.)
B_SPLINE_CURVE_WITH_KNOTS((3,2,3),(1.570796327,3.141592654,4.71238898),.UNSPECIFIED.)
CURVE()
GEOMETRIC_REPRESENTATION_ITEM()
RATIONAL_B_SPLINE_CURVE((1.,0.707106781,1.,0.707106781,1.))
REPRESENTATION_ITEM(''));
#1686=EDGE_CURVE('',#1669,#1679,#1685,.T.);
#1687=ORIENTED_EDGE('',*,*,#1686,.T.);
#1688=CARTESIAN_POINT('',(100.,-16.,54.25));
#1689=VERTEX_POINT('',#1688);
#1690=CARTESIAN_POINT('',(100.,-16.,7.25));
#1691=CARTESIAN_POINT('',(100.,-16.,54.25));
#1692=B_SPLINE_CURVE_WITH_KNOTS('',1,(#1690,#1691),.UNSPECIFIED.,.F.,.F.,(2,2),(0.,0.047),.UNSPECIFIED.);
#1693=EDGE_CURVE('',#1679,#1689,#1692,.T.);
#1694=ORIENTED_EDGE('',*,*,#1693,.T.);
#1695=CARTESIAN_POINT('',(100.,-13.,54.25));
#1696=VERTEX_POINT('',#1695);
#1697=CARTESIAN_POINT('',(100.,-16.,54.25));
#1698=CARTESIAN_POINT('',(100.,-16.,55.75));
#1699=CARTESIAN_POINT('',(100.,-14.5,55.75));
#1700=CARTESIAN_POINT('',(100.,-13.,55.75));
#1701=CARTESIAN_POINT('',(100.,-13.,54.25));
#1702=(BOUNDED_CURVE()
B_SPLINE_CURVE(2,(#1697,#1698,#1699,#1700,#1701),.UNSPECIFIED.,.F.,.F.)
B_SPLINE_CURVE_WITH_KNOTS((3,2,3),(4.71238898,6.283185307,7.853981634),.UNSPECIFIED.)
CURVE()
GEOMETRIC_REPRESENTATION_ITEM()
RATIONAL_B_SPLINE_CURVE((1.,0.707106781,1.,0.707106781,1.))
REPRESENTATION_ITEM(''));
#1703=EDGE_CURVE('',#1689,#1696,#1702,.T.);
#1704=ORIENTED_EDGE('',*,*,#1703,.T.);
#1705=CARTESIAN_POINT('',(100.,-13.,54.25));
#1706=CARTESIAN_POINT('',(100.,-13.,7.25));
#1707=B_SPLINE_CURVE_WITH_KNOTS('',1,(#1705,#1706),.UNSPECIFIED.,.F.,.F.,(2,2),(0.,0.047),.UNSPECIFIED.);
#1708=EDGE_CURVE('',#1696,#1667,#1707,.T.);
#1709=ORIENTED_EDGE('',*,*,#1708,.T.);
#1710=EDGE_LOOP('',(#1677,#1687,#1694,#1704,#1709));
#1711=FACE_BOUND('',#1710,.T.);
#1712=CARTESIAN_POINT('',(100.,-18.,7.25));
#1713=VERTEX_POINT('',#1712);
#1714=CARTESIAN_POINT('',(100.,-19.5,5.75));
#1715=VERTEX_POINT('',#1714);
#1716=CARTESIAN_POINT('',(100.,-18.,7.25));
#1717=CARTESIAN_POINT('',(100.,-18.,5.75));
#1718=CARTESIAN_POINT('',(100.,-19.5,5.75));
#1719=CARTESIAN_POINT('',(100.,-21.,5.75));
#1720=CARTESIAN_POINT('',(100.,-21.,7.25));
#1721=(BOUNDED_CURVE()
B_SPLINE_CURVE(2,(#1716,#1717,#1718,#1719,#1720),.UNSPECIFIED.,.F.,.F.)
B_SPLINE_CURVE_WITH_KNOTS((3,2,3),(1.570796327,3.141592654,4.71238898),.UNSPECIFIED.)
CURVE()
GEOMETRIC_REPRESENTATION_ITEM()
RATIONAL_B_SPLINE_CURVE((1.,0.707106781,1.,0.707106781,1.))
REPRESENTATION_ITEM(''));
#1722=EDGE_CURVE('',#1713,#1715,#1721,.T.);
#1723=ORIENTED_EDGE('',*,*,#1722,.T.);
#1724=CARTESIAN_POINT('',(100.,-21.,7.25));
#1725=VERTEX_POINT('',#1724);
#1726=CARTESIAN_POINT('',(100.,-18.,7.25));
#1727=CARTESIAN_POINT('',(100.,-18.,5.75));
#1728=CARTESIAN_POINT('',(100.,-19.5,5.75));
#1729=CARTESIAN_POINT('',(100.,-21.,5.75));
#1730=CARTESIAN_POINT('',(100.,-21.,7.25));
#1731=(BOUNDED_CURVE()
B_SPLINE_CURVE(2,(#1726,#1727,#1728,#1729,#1730),.UNSPECIFIED.,.F.,.F.)
B_SPLINE_CURVE_WITH_KNOTS((3,2,3),(1.570796327,3.141592654,4.71238898),.UNSPECIFIED.)
CURVE()
GEOMETRIC_REPRESENTATION_ITEM()
RATIONAL_B_SPLINE_CURVE((1.,0.707106781,1.,0.707106781,1.))
REPRESENTATION_ITEM(''));
#1732=EDGE_CURVE('',#1715,#1725,#1731,.T.);
#1733=ORIENTED_EDGE('',*,*,#1732,.T.);
#1734=CARTESIAN_POINT('',(100.,-21.,54.25));
#1735=VERTEX_POINT('',#1734);
#1736=CARTESIAN_POINT('',(100.,-21.,7.25));
#1737=CARTESIAN_POINT('',(100.,-21.,54.25));
#1738=B_SPLINE_CURVE_WITH_KNOTS('',1,(#1736,#1737),.UNSPECIFIED.,.F.,.F.,(2,2),(0.,0.047),.UNSPECIFIED.);
#1739=EDGE_CURVE('',#1725,#1735,#1738,.T.);
#1740=ORIENTED_EDGE('',*,*,#1739,.T.);
#1741=CARTESIAN_POINT('',(100.,-18.,54.25));
#1742=VERTEX_POINT('',#1741);
#1743=CARTESIAN_POINT('',(100.,-21.,54.25));
#1744=CARTESIAN_POINT('',(100.,-21.,55.75));
#1745=CARTESIAN_POINT('',(100.,-19.5,55.75));
#1746=CARTESIAN_POINT('',(100.,-18.,55.75));
#1747=CARTESIAN_POINT('',(100.,-18.,54.25));
#1748=(BOUNDED_CURVE()
B_SPLINE_CURVE(2,(#1743,#1744,#1745,#1746,#1747),.UNSPECIFIED.,.F.,.F.)
B_SPLINE_CURVE_WITH_KNOTS((3,2,3),(4.71238898,6.283185307,7.853981634),.UNSPECIFIED.)
CURVE()
GEOMETRIC_REPRESENTATION_ITEM()
RATIONAL_B_SPLINE_CURVE((1.,0.707106781,1.,0.707106781,1.))
REPRESENTATION_ITEM(''));
#1749=EDGE_CURVE('',#1735,#1742,#1748,.T.);
#1750=ORIENTED_EDGE('',*,*,#1749,.T.);
#1751=CARTESIAN_POINT('',(100.,-18.,54.25));
#1752=CARTESIAN_POINT('',(100.,-18.,7.25));
#1753=B_SPLINE_CURVE_WITH_KNOTS('',1,(#1751,#1752),.UNSPECIFIED.,.F.,.F.,(2,2),(0.,0.047),.UNSPECIFIED.);
#1754=EDGE_CURVE('',#1742,#1713,#1753,.T.);
#1755=ORIENTED_EDGE('',*,*,#1754,.T.);
#1756=EDGE_LOOP('',(#1723,#1733,#1740,#1750,#1755));
#1757=FACE_BOUND('',#1756,.T.);
#1758=CARTESIAN_POINT('',(100.,-25.,3.75));
#1759=VERTEX_POINT('',#1758);
#1760=CARTESIAN_POINT('',(100.,-23.,5.75));
#1761=VERTEX_POINT('',#1760);
#1762=CARTESIAN_POINT('',(100.,-23.,5.75));
#1763=CARTESIAN_POINT('',(100.,-23.,7.75));
#1764=CARTESIAN_POINT('',(100.,-25.,7.75));
#1765=CARTESIAN_POINT('',(100.,-27.,7.75));
#1766=CARTESIAN_POINT('',(100.,-27.,5.75));
#1767=CARTESIAN_POINT('',(100.,-27.,3.75));
#1768=CARTESIAN_POINT('',(100.,-25.,3.75));
#1769=CARTESIAN_POINT('',(100.,-23.,3.75));
#1770=CARTESIAN_POINT('',(100.,-23.,5.75));
#1771=(BOUNDED_CURVE()
B_SPLINE_CURVE(2,(#1762,#1763,#1764,#1765,#1766,#1767,#1768,#1769,#1770),.UNSPECIFIED.,.T.,.F.)
B_SPLINE_CURVE_WITH_KNOTS((3,2,2,2,3),(0.,1.570796327,3.141592654,4.71238898,6.283185307),.UNSPECIFIED.)
CURVE()
GEOMETRIC_REPRESENTATION_ITEM()
RATIONAL_B_SPLINE_CURVE((1.,0.707106781,1.,0.707106781,1.,0.707106781,1.,0.707106781,1.))
REPRESENTATION_ITEM(''));
#1772=EDGE_CURVE('',#1759,#1761,#1771,.T.);
#1773=ORIENTED_EDGE('',*,*,#1772,.F.);
#1774=CARTESIAN_POINT('',(100.,-23.,5.75));
#1775=CARTESIAN_POINT('',(100.,-23.,7.75));
#1776=CARTESIAN_POINT('',(100.,-25.,7.75));
#1777=CARTESIAN_POINT('',(100.,-27.,7.75));
#1778=CARTESIAN_POINT('',(100.,-27.,5.75));
#1779=CARTESIAN_POINT('',(100.,-27.,3.75));
#1780=CARTESIAN_POINT('',(100.,-25.,3.75));
#1781=CARTESIAN_POINT('',(100.,-23.,3.75));
#1782=CARTESIAN_POINT('',(100.,-23.,5.75));
#1783=(BOUNDED_CURVE()
B_SPLINE_CURVE(2,(#1774,#1775,#1776,#1777,#1778,#1779,#1780,#1781,#1782),.UNSPECIFIED.,.T.,.F.)
B_SPLINE_CURVE_WITH_KNOTS((3,2,2,2,3),(0.,1.570796327,3.141592654,4.71238898,6.283185307),.UNSPECIFIED.)
CURVE()
GEOMETRIC_REPRESENTATION_ITEM()
RATIONAL_B_SPLINE_CURVE((1.,0.707106781,1.,0.707106781,1.,0.707106781,1.,0.707106781,1.))
REPRESENTATION_ITEM(''));
#1784=EDGE_CURVE('',#1761,#1759,#1783,.T.);
#1785=ORIENTED_EDGE('',*,*,#1784,.F.);
#1786=EDGE_LOOP('',(#1773,#1785));
#1787=FACE_BOUND('',#1786,.T.);
#1788=CARTESIAN_POINT('',(100.,-25.,53.75));
#1789=VERTEX_POINT('',#1788);
#1790=CARTESIAN_POINT('',(100.,-23.,55.75));
#1791=VERTEX_POINT('',#1790);
#1792=CARTESIAN_POINT('',(100.,-23.,55.75));
#1793=CARTESIAN_POINT('',(100.,-23.,57.75));
#1794=CARTESIAN_POINT('',(100.,-25.,57.75));
#1795=CARTESIAN_POINT('',(100.,-27.,57.75));
#1796=CARTESIAN_POINT('',(100.,-27.,55.75));
#1797=CARTESIAN_POINT('',(100.,-27.,53.75));
#1798=CARTESIAN_POINT('',(100.,-25.,53.75));
#1799=CARTESIAN_POINT('',(100.,-23.,53.75));
#1800=CARTESIAN_POINT('',(100.,-23.,55.75));
#1801=(BOUNDED_CURVE()
B_SPLINE_CURVE(2,(#1792,#1793,#1794,#1795,#1796,#1797,#1798,#1799,#1800),.UNSPECIFIED.,.T.,.F.)
B_SPLINE_CURVE_WITH_KNOTS((3,2,2,2,3),(0.,1.570796327,3.141592654,4.71238898,6.283185307),.UNSPECIFIED.)
CURVE()
GEOMETRIC_REPRESENTATION_ITEM()
RATIONAL_B_SPLINE_CURVE((1.,0.707106781,1.,0.707106781,1.,0.707106781,1.,0.707106781,1.))
REPRESENTATION_ITEM(''));
#1802=EDGE_CURVE('',#1789,#1791,#1801,.T.);
#1803=ORIENTED_EDGE('',*,*,#1802,.F.);
#1804=CARTESIAN_POINT('',(100.,-23.,55.75));
#1805=CARTESIAN_POINT('',(100.,-23.,57.75));
#1806=CARTESIAN_POINT('',(100.,-25.,57.75));
#1807=CARTESIAN_POINT('',(100.,-27.,57.75));
#1808=CARTESIAN_POINT('',(100.,-27.,55.75));
#1809=CARTESIAN_POINT('',(100.,-27.,53.75));
#1810=CARTESIAN_POINT('',(100.,-25.,53.75));
#1811=CARTESIAN_POINT('',(100.,-23.,53.75));
#1812=CARTESIAN_POINT('',(100.,-23.,55.75));
#1813=(BOUNDED_CURVE()
B_SPLINE_CURVE(2,(#1804,#1805,#1806,#1807,#1808,#1809,#1810,#1811,#1812),.UNSPECIFIED.,.T.,.F.)
B_SPLINE_CURVE_WITH_KNOTS((3,2,2,2,3),(0.,1.570796327,3.141592654,4.71238898,6.283185307),.UNSPECIFIED.)
CURVE()
GEOMETRIC_REPRESENTATION_ITEM()
RATIONAL_B_SPLINE_CURVE((1.,0.707106781,1.,0.707106781,1.,0.707106781,1.,0.707106781,1.))
REPRESENTATION_ITEM(''));
#1814=EDGE_CURVE('',#1791,#1789,#1813,.T.);
#1815=ORIENTED_EDGE('',*,*,#1814,.F.);
#1816=EDGE_LOOP('',(#1803,#1815));
#1817=FACE_BOUND('',#1816,.T.);
#1818=CARTESIAN_POINT('',(100.,22.,7.25));
#1819=VERTEX_POINT('',#1818);
#1820=CARTESIAN_POINT('',(100.,20.5,5.75));
#1821=VERTEX_POINT('',#1820);
#1822=CARTESIAN_POINT('',(100.,22.,7.25));
#1823=CARTESIAN_POINT('',(100.,22.,5.75));
#1824=CARTESIAN_POINT('',(100.,20.5,5.75));
#1825=CARTESIAN_POINT('',(100.,19.,5.75));
#1826=CARTESIAN_POINT('',(100.,19.,7.25));
#1827=(BOUNDED_CURVE()
B_SPLINE_CURVE(2,(#1822,#1823,#1824,#1825,#1826),.UNSPECIFIED.,.F.,.F.)
B_SPLINE_CURVE_WITH_KNOTS((3,2,3),(1.570796327,3.141592654,4.71238898),.UNSPECIFIED.)
CURVE()
GEOMETRIC_REPRESENTATION_ITEM()
RATIONAL_B_SPLINE_CURVE((1.,0.707106781,1.,0.707106781,1.))
REPRESENTATION_ITEM(''));
#1828=EDGE_CURVE('',#1819,#1821,#1827,.T.);
#1829=ORIENTED_EDGE('',*,*,#1828,.T.);
#1830=CARTESIAN_POINT('',(100.,19.,7.25));
#1831=VERTEX_POINT('',#1830);
#1832=CARTESIAN_POINT('',(100.,22.,7.25));
#1833=CARTESIAN_POINT('',(100.,22.,5.75));
#1834=CARTESIAN_POINT('',(100.,20.5,5.75));
#1835=CARTESIAN_POINT('',(100.,19.,5.75));
#1836=CARTESIAN_POINT('',(100.,19.,7.25));
#1837=(BOUNDED_CURVE()
B_SPLINE_CURVE(2,(#1832,#1833,#1834,#1835,#1836),.UNSPECIFIED.,.F.,.F.)
B_SPLINE_CURVE_WITH_KNOTS((3,2,3),(1.570796327,3.141592654,4.71238898),.UNSPECIFIED.)
CURVE()
GEOMETRIC_REPRESENTATION_ITEM()
RATIONAL_B_SPLINE_CURVE((1.,0.707106781,1.,0.707106781,1.))
REPRESENTATION_ITEM(''));
#1838=EDGE_CURVE('',#1821,#1831,#1837,.T.);
#1839=ORIENTED_EDGE('',*,*,#1838,.T.);
#1840=CARTESIAN_POINT('',(100.,19.,54.25));
#1841=VERTEX_POINT('',#1840);
#1842=CARTESIAN_POINT('',(100.,19.,7.25));
#1843=CARTESIAN_POINT('',(100.,19.,54.25));
#1844=B_SPLINE_CURVE_WITH_KNOTS('',1,(#1842,#1843),.UNSPECIFIED.,.F.,.F.,(2,2),(0.,0.047),.UNSPECIFIED.);
#1845=EDGE_CURVE('',#1831,#1841,#1844,.T.);
#1846=ORIENTED_EDGE('',*,*,#1845,.T.);
#1847=CARTESIAN_POINT('',(100.,22.,54.25));
#1848=VERTEX_POINT('',#1847);
#1849=CARTESIAN_POINT('',(100.,19.,54.25));
#1850=CARTESIAN_POINT('',(100.,19.,55.75));
#1851=CARTESIAN_POINT('',(100.,20.5,55.75));
#1852=CARTESIAN_POINT('',(100.,22.,55.75));
#1853=CARTESIAN_POINT('',(100.,22.,54.25));
#1854=(BOUNDED_CURVE()
B_SPLINE_CURVE(2,(#1849,#1850,#1851,#1852,#1853),.UNSPECIFIED.,.F.,.F.)
B_SPLINE_CURVE_WITH_KNOTS((3,2,3),(4.71238898,6.283185307,7.853981634),.UNSPECIFIED.)
CURVE()
GEOMETRIC_REPRESENTATION_ITEM()
RATIONAL_B_SPLINE_CURVE((1.,0.707106781,1.,0.707106781,1.))
REPRESENTATION_ITEM(''));
#1855=EDGE_CURVE('',#1841,#1848,#1854,.T.);
#1856=ORIENTED_EDGE('',*,*,#1855,.T.);
#1857=CARTESIAN_POINT('',(100.,22.,54.25));
#1858=CARTESIAN_POINT('',(100.,22.,7.25));
#1859=B_SPLINE_CURVE_WITH_KNOTS('',1,(#1857,#1858),.UNSPECIFIED.,.F.,.F.,(2,2),(0.,0.047),.UNSPECIFIED.);
#1860=EDGE_CURVE('',#1848,#1819,#1859,.T.);
#1861=ORIENTED_EDGE('',*,*,#1860,.T.);
#1862=EDGE_LOOP('',(#1829,#1839,#1846,#1856,#1861));
#1863=FACE_BOUND('',#1862,.T.);
#1864=CARTESIAN_POINT('',(100.,-37.5,0.));
#1865=VERTEX_POINT('',#1864);
#1866=CARTESIAN_POINT('',(100.,37.5,0.));
#1867=VERTEX_POINT('',#1866);
#1868=CARTESIAN_POINT('',(100.,-37.5,0.));
#1869=CARTESIAN_POINT('',(100.,37.5,0.));
#1870=B_SPLINE_CURVE_WITH_KNOTS('',1,(#1868,#1869),.UNSPECIFIED.,.F.,.F.,(2,2),(0.,0.075),.UNSPECIFIED.);
#1871=EDGE_CURVE('',#1865,#1867,#1870,.T.);
#1872=ORIENTED_EDGE('',*,*,#1871,.T.);
#1873=CARTESIAN_POINT('',(100.,37.5,0.));
#1874=CARTESIAN_POINT('',(100.,37.5,61.5));
#1875=B_SPLINE_CURVE_WITH_KNOTS('',1,(#1873,#1874),.UNSPECIFIED.,.F.,.F.,(2,2),(0.,0.0615),.UNSPECIFIED.);
#1876=EDGE_CURVE('',#1867,#141,#1875,.T.);
#1877=ORIENTED_EDGE('',*,*,#1876,.T.);
#1878=ORIENTED_EDGE('',*,*,#145,.F.);
#1879=CARTESIAN_POINT('',(100.,-37.5,0.));
#1880=CARTESIAN_POINT('',(100.,-37.5,61.5));
#1881=B_SPLINE_CURVE_WITH_KNOTS('',1,(#1879,#1880),.UNSPECIFIED.,.F.,.F.,(2,2),(0.,0.0615),.UNSPECIFIED.);
#1882=EDGE_CURVE('',#1865,#134,#1881,.T.);
#1883=ORIENTED_EDGE('',*,*,#1882,.F.);
#1884=EDGE_LOOP('',(#1872,#1877,#1878,#1883));
#1885=FACE_BOUND('',#1884,.T.);
#1886=CARTESIAN_POINT('',(100.,25.,53.75));
#1887=VERTEX_POINT('',#1886);
#1888=CARTESIAN_POINT('',(100.,27.,55.75));
#1889=VERTEX_POINT('',#1888);
#1890=CARTESIAN_POINT('',(100.,27.,55.75));
#1891=CARTESIAN_POINT('',(100.,27.,57.75));
#1892=CARTESIAN_POINT('',(100.,25.,57.75));
#1893=CARTESIAN_POINT('',(100.,23.,57.75));
#1894=CARTESIAN_POINT('',(100.,23.,55.75));
#1895=CARTESIAN_POINT('',(100.,23.,53.75));
#1896=CARTESIAN_POINT('',(100.,25.,53.75));
#1897=CARTESIAN_POINT('',(100.,27.,53.75));
#1898=CARTESIAN_POINT('',(100.,27.,55.75));
#1899=(BOUNDED_CURVE()
B_SPLINE_CURVE(2,(#1890,#1891,#1892,#1893,#1894,#1895,#1896,#1897,#1898),.UNSPECIFIED.,.T.,.F.)
B_SPLINE_CURVE_WITH_KNOTS((3,2,2,2,3),(0.,1.570796327,3.141592654,4.71238898,6.283185307),.UNSPECIFIED.)
CURVE()
GEOMETRIC_REPRESENTATION_ITEM()
RATIONAL_B_SPLINE_CURVE((1.,0.707106781,1.,0.707106781,1.,0.707106781,1.,0.707106781,1.))
REPRESENTATION_ITEM(''));
#1900=EDGE_CURVE('',#1887,#1889,#1899,.T.);
#1901=ORIENTED_EDGE('',*,*,#1900,.F.);
#1902=CARTESIAN_POINT('',(100.,27.,55.75));
#1903=CARTESIAN_POINT('',(100.,27.,57.75));
#1904=CARTESIAN_POINT('',(100.,25.,57.75));
#1905=CARTESIAN_POINT('',(100.,23.,57.75));
#1906=CARTESIAN_POINT('',(100.,23.,55.75));
#1907=CARTESIAN_POINT('',(100.,23.,53.75));
#1908=CARTESIAN_POINT('',(100.,25.,53.75));
#1909=CARTESIAN_POINT('',(100.,27.,53.75));
#1910=CARTESIAN_POINT('',(100.,27.,55.75));
#1911=(BOUNDED_CURVE()
B_SPLINE_CURVE(2,(#1902,#1903,#1904,#1905,#1906,#1907,#1908,#1909,#1910),.UNSPECIFIED.,.T.,.F.)
B_SPLINE_CURVE_WITH_KNOTS((3,2,2,2,3),(0.,1.570796327,3.141592654,4.71238898,6.283185307),.UNSPECIFIED.)
CURVE()
GEOMETRIC_REPRESENTATION_ITEM()
RATIONAL_B_SPLINE_CURVE((1.,0.707106781,1.,0.707106781,1.,0.707106781,1.,0.707106781,1.))
REPRESENTATION_ITEM(''));
#1912=EDGE_CURVE('',#1889,#1887,#1911,.T.);
#1913=ORIENTED_EDGE('',*,*,#1912,.F.);
#1914=EDGE_LOOP('',(#1901,#1913));
#1915=FACE_BOUND('',#1914,.T.);
#1916=CARTESIAN_POINT('',(100.,25.,3.75));
#1917=VERTEX_POINT('',#1916);
#1918=CARTESIAN_POINT('',(100.,27.,5.75));
#1919=VERTEX_POINT('',#1918);
#1920=CARTESIAN_POINT('',(100.,27.,5.75));
#1921=CARTESIAN_POINT('',(100.,27.,7.75));
#1922=CARTESIAN_POINT('',(100.,25.,7.75));
#1923=CARTESIAN_POINT('',(100.,23.,7.75));
#1924=CARTESIAN_POINT('',(100.,23.,5.75));
#1925=CARTESIAN_POINT('',(100.,23.,3.75));
#1926=CARTESIAN_POINT('',(100.,25.,3.75));
#1927=CARTESIAN_POINT('',(100.,27.,3.75));
#1928=CARTESIAN_POINT('',(100.,27.,5.75));
#1929=(BOUNDED_CURVE()
B_SPLINE_CURVE(2,(#1920,#1921,#1922,#1923,#1924,#1925,#1926,#1927,#1928),.UNSPECIFIED.,.T.,.F.)
B_SPLINE_CURVE_WITH_KNOTS((3,2,2,2,3),(0.,1.570796327,3.141592654,4.71238898,6.283185307),.UNSPECIFIED.)
CURVE()
GEOMETRIC_REPRESENTATION_ITEM()
RATIONAL_B_SPLINE_CURVE((1.,0.707106781,1.,0.707106781,1.,0.707106781,1.,0.707106781,1.))
REPRESENTATION_ITEM(''));
#1930=EDGE_CURVE('',#1917,#1919,#1929,.T.);
#1931=ORIENTED_EDGE('',*,*,#1930,.F.);
#1932=CARTESIAN_POINT('',(100.,27.,5.75));
#1933=CARTESIAN_POINT('',(100.,27.,7.75));
#1934=CARTESIAN_POINT('',(100.,25.,7.75));
#1935=CARTESIAN_POINT('',(100.,23.,7.75));
#1936=CARTESIAN_POINT('',(100.,23.,5.75));
#1937=CARTESIAN_POINT('',(100.,23.,3.75));
#1938=CARTESIAN_POINT('',(100.,25.,3.75));
#1939=CARTESIAN_POINT('',(100.,27.,3.75));
#1940=CARTESIAN_POINT('',(100.,27.,5.75));
#1941=(BOUNDED_CURVE()
B_SPLINE_CURVE(2,(#1932,#1933,#1934,#1935,#1936,#1937,#1938,#1939,#1940),.UNSPECIFIED.,.T.,.F.)
B_SPLINE_CURVE_WITH_KNOTS((3,2,2,2,3),(0.,1.570796327,3.141592654,4.71238898,6.283185307),.UNSPECIFIED.)
CURVE()
GEOMETRIC_REPRESENTATION_ITEM()
RATIONAL_B_SPLINE_CURVE((1.,0.707106781,1.,0.707106781,1.,0.707106781,1.,0.707106781,1.))
REPRESENTATION_ITEM(''));
#1942=EDGE_CURVE('',#1919,#1917,#1941,.T.);
#1943=ORIENTED_EDGE('',*,*,#1942,.F.);
#1944=EDGE_LOOP('',(#1931,#1943));
#1945=FACE_BOUND('',#1944,.T.);
#1946=ADVANCED_FACE('',(#1435,#1481,#1527,#1573,#1619,#1665,#1711,#1757,#1787,#1817,#1863,#1885,#1915,#1945),#1389,.T.);
#1947=CARTESIAN_POINT('',(98.5,30.5,1.5));
#1948=CARTESIAN_POINT('',(98.5,30.5,61.5));
#1949=CARTESIAN_POINT('',(98.5,-30.5,1.5));
#1950=CARTESIAN_POINT('',(98.5,-30.5,61.5));
#1951=B_SPLINE_SURFACE_WITH_KNOTS('',1,1,((#1947,#1948),(#1949,#1950)),.UNSPECIFIED.,.F.,.F.,.U.,(2,2),(2,2),(0.0055,0.0665),(0.,0.06),.UNSPECIFIED.);
#1952=CARTESIAN_POINT('',(98.5,17.,54.25));
#1953=VERTEX_POINT('',#1952);
#1954=CARTESIAN_POINT('',(98.5,14.,54.25));
#1955=VERTEX_POINT('',#1954);
#1956=CARTESIAN_POINT('',(98.5,17.,54.25));
#1957=CARTESIAN_POINT('',(98.5,17.,55.75));
#1958=CARTESIAN_POINT('',(98.5,15.5,55.75));
#1959=CARTESIAN_POINT('',(98.5,14.,55.75));
#1960=CARTESIAN_POINT('',(98.5,14.,54.25));
#1961=(BOUNDED_CURVE()
B_SPLINE_CURVE(2,(#1956,#1957,#1958,#1959,#1960),.UNSPECIFIED.,.F.,.F.)
B_SPLINE_CURVE_WITH_KNOTS((3,2,3),(6.283185307,7.853981634,9.424777961),.UNSPECIFIED.)
CURVE()
GEOMETRIC_REPRESENTATION_ITEM()
RATIONAL_B_SPLINE_CURVE((1.,0.707106781,1.,0.707106781,1.))
REPRESENTATION_ITEM(''));
#1962=EDGE_CURVE('',#1953,#1955,#1961,.T.);
#1963=ORIENTED_EDGE('',*,*,#1962,.T.);
#1964=CARTESIAN_POINT('',(98.5,14.,7.25));
#1965=VERTEX_POINT('',#1964);
#1966=CARTESIAN_POINT('',(98.5,14.,54.25));
#1967=CARTESIAN_POINT('',(98.5,14.,7.25));
#1968=B_SPLINE_CURVE_WITH_KNOTS('',1,(#1966,#1967),.UNSPECIFIED.,.F.,.F.,(2,2),(-0.05275,-0.00575),.UNSPECIFIED.);
#1969=EDGE_CURVE('',#1955,#1965,#1968,.T.);
#1970=ORIENTED_EDGE('',*,*,#1969,.T.);
#1971=CARTESIAN_POINT('',(98.5,15.5,5.75));
#1972=VERTEX_POINT('',#1971);
#1973=CARTESIAN_POINT('',(98.5,14.,7.25));
#1974=CARTESIAN_POINT('',(98.5,14.,5.75));
#1975=CARTESIAN_POINT('',(98.5,15.5,5.75));
#1976=CARTESIAN_POINT('',(98.5,17.,5.75));
#1977=CARTESIAN_POINT('',(98.5,17.,7.25));
#1978=(BOUNDED_CURVE()
B_SPLINE_CURVE(2,(#1973,#1974,#1975,#1976,#1977),.UNSPECIFIED.,.F.,.F.)
B_SPLINE_CURVE_WITH_KNOTS((3,2,3),(3.141592654,4.71238898,6.283185307),.UNSPECIFIED.)
CURVE()
GEOMETRIC_REPRESENTATION_ITEM()
RATIONAL_B_SPLINE_CURVE((1.,0.707106781,1.,0.707106781,1.))
REPRESENTATION_ITEM(''));
#1979=EDGE_CURVE('',#1965,#1972,#1978,.T.);
#1980=ORIENTED_EDGE('',*,*,#1979,.T.);
#1981=CARTESIAN_POINT('',(98.5,17.,7.25));
#1982=VERTEX_POINT('',#1981);
#1983=CARTESIAN_POINT('',(98.5,14.,7.25));
#1984=CARTESIAN_POINT('',(98.5,14.,5.75));
#1985=CARTESIAN_POINT('',(98.5,15.5,5.75));
#1986=CARTESIAN_POINT('',(98.5,17.,5.75));
#1987=CARTESIAN_POINT('',(98.5,17.,7.25));
#1988=(BOUNDED_CURVE()
B_SPLINE_CURVE(2,(#1983,#1984,#1985,#1986,#1987),.UNSPECIFIED.,.F.,.F.)
B_SPLINE_CURVE_WITH_KNOTS((3,2,3),(3.141592654,4.71238898,6.283185307),.UNSPECIFIED.)
CURVE()
GEOMETRIC_REPRESENTATION_ITEM()
RATIONAL_B_SPLINE_CURVE((1.,0.707106781,1.,0.707106781,1.))
REPRESENTATION_ITEM(''));
#1989=EDGE_CURVE('',#1972,#1982,#1988,.T.);
#1990=ORIENTED_EDGE('',*,*,#1989,.T.);
#1991=CARTESIAN_POINT('',(98.5,17.,7.25));
#1992=CARTESIAN_POINT('',(98.5,17.,54.25));
#1993=B_SPLINE_CURVE_WITH_KNOTS('',1,(#1991,#1992),.UNSPECIFIED.,.F.,.F.,(2,2),(0.00575,0.05275),.UNSPECIFIED.);
#1994=EDGE_CURVE('',#1982,#1953,#1993,.T.);
#1995=ORIENTED_EDGE('',*,*,#1994,.T.);
#1996=EDGE_LOOP('',(#1963,#1970,#1980,#1990,#1995));
#1997=FACE_BOUND('',#1996,.T.);
#1998=CARTESIAN_POINT('',(98.5,12.,54.25));
#1999=VERTEX_POINT('',#1998);
#2000=CARTESIAN_POINT('',(98.5,9.,54.25));
#2001=VERTEX_POINT('',#2000);
#2002=CARTESIAN_POINT('',(98.5,12.,54.25));
#2003=CARTESIAN_POINT('',(98.5,12.,55.75));
#2004=CARTESIAN_POINT('',(98.5,10.5,55.75));
#2005=CARTESIAN_POINT('',(98.5,9.,55.75));
#2006=CARTESIAN_POINT('',(98.5,9.,54.25));
#2007=(BOUNDED_CURVE()
B_SPLINE_CURVE(2,(#2002,#2003,#2004,#2005,#2006),.UNSPECIFIED.,.F.,.F.)
B_SPLINE_CURVE_WITH_KNOTS((3,2,3),(6.283185307,7.853981634,9.424777961),.UNSPECIFIED.)
CURVE()
GEOMETRIC_REPRESENTATION_ITEM()
RATIONAL_B_SPLINE_CURVE((1.,0.707106781,1.,0.707106781,1.))
REPRESENTATION_ITEM(''));
#2008=EDGE_CURVE('',#1999,#2001,#2007,.T.);
#2009=ORIENTED_EDGE('',*,*,#2008,.T.);
#2010=CARTESIAN_POINT('',(98.5,9.,7.25));
#2011=VERTEX_POINT('',#2010);
#2012=CARTESIAN_POINT('',(98.5,9.,54.25));
#2013=CARTESIAN_POINT('',(98.5,9.,7.25));
#2014=B_SPLINE_CURVE_WITH_KNOTS('',1,(#2012,#2013),.UNSPECIFIED.,.F.,.F.,(2,2),(-0.05275,-0.00575),.UNSPECIFIED.);
#2015=EDGE_CURVE('',#2001,#2011,#2014,.T.);
#2016=ORIENTED_EDGE('',*,*,#2015,.T.);
#2017=CARTESIAN_POINT('',(98.5,10.5,5.75));
#2018=VERTEX_POINT('',#2017);
#2019=CARTESIAN_POINT('',(98.5,9.,7.25));
#2020=CARTESIAN_POINT('',(98.5,9.,5.75));
#2021=CARTESIAN_POINT('',(98.5,10.5,5.75));
#2022=CARTESIAN_POINT('',(98.5,12.,5.75));
#2023=CARTESIAN_POINT('',(98.5,12.,7.25));
#2024=(BOUNDED_CURVE()
B_SPLINE_CURVE(2,(#2019,#2020,#2021,#2022,#2023),.UNSPECIFIED.,.F.,.F.)
B_SPLINE_CURVE_WITH_KNOTS((3,2,3),(3.141592654,4.71238898,6.283185307),.UNSPECIFIED.)
CURVE()
GEOMETRIC_REPRESENTATION_ITEM()
RATIONAL_B_SPLINE_CURVE((1.,0.707106781,1.,0.707106781,1.))
REPRESENTATION_ITEM(''));
#2025=EDGE_CURVE('',#2011,#2018,#2024,.T.);
#2026=ORIENTED_EDGE('',*,*,#2025,.T.);
#2027=CARTESIAN_POINT('',(98.5,12.,7.25));
#2028=VERTEX_POINT('',#2027);
#2029=CARTESIAN_POINT('',(98.5,9.,7.25));
#2030=CARTESIAN_POINT('',(98.5,9.,5.75));
#2031=CARTESIAN_POINT('',(98.5,10.5,5.75));
#2032=CARTESIAN_POINT('',(98.5,12.,5.75));
#2033=CARTESIAN_POINT('',(98.5,12.,7.25));
#2034=(BOUNDED_CURVE()
B_SPLINE_CURVE(2,(#2029,#2030,#2031,#2032,#2033),.UNSPECIFIED.,.F.,.F.)
B_SPLINE_CURVE_WITH_KNOTS((3,2,3),(3.141592654,4.71238898,6.283185307),.UNSPECIFIED.)
CURVE()
GEOMETRIC_REPRESENTATION_ITEM()
RATIONAL_B_SPLINE_CURVE((1.,0.707106781,1.,0.707106781,1.))
REPRESENTATION_ITEM(''));
#2035=EDGE_CURVE('',#2018,#2028,#2034,.T.);
#2036=ORIENTED_EDGE('',*,*,#2035,.T.);
#2037=CARTESIAN_POINT('',(98.5,12.,7.25));
#2038=CARTESIAN_POINT('',(98.5,12.,54.25));
#2039=B_SPLINE_CURVE_WITH_KNOTS('',1,(#2037,#2038),.UNSPECIFIED.,.F.,.F.,(2,2),(0.00575,0.05275),.UNSPECIFIED.);
#2040=EDGE_CURVE('',#2028,#1999,#2039,.T.);
#2041=ORIENTED_EDGE('',*,*,#2040,.T.);
#2042=EDGE_LOOP('',(#2009,#2016,#2026,#2036,#2041));
#2043=FACE_BOUND('',#2042,.T.);
#2044=CARTESIAN_POINT('',(98.5,7.,54.25));
#2045=VERTEX_POINT('',#2044);
#2046=CARTESIAN_POINT('',(98.5,4.,54.25));
#2047=VERTEX_POINT('',#2046);
#2048=CARTESIAN_POINT('',(98.5,7.,54.25));
#2049=CARTESIAN_POINT('',(98.5,7.,55.75));
#2050=CARTESIAN_POINT('',(98.5,5.5,55.75));
#2051=CARTESIAN_POINT('',(98.5,4.,55.75));
#2052=CARTESIAN_POINT('',(98.5,4.,54.25));
#2053=(BOUNDED_CURVE()
B_SPLINE_CURVE(2,(#2048,#2049,#2050,#2051,#2052),.UNSPECIFIED.,.F.,.F.)
B_SPLINE_CURVE_WITH_KNOTS((3,2,3),(6.283185307,7.853981634,9.424777961),.UNSPECIFIED.)
CURVE()
GEOMETRIC_REPRESENTATION_ITEM()
RATIONAL_B_SPLINE_CURVE((1.,0.707106781,1.,0.707106781,1.))
REPRESENTATION_ITEM(''));
#2054=EDGE_CURVE('',#2045,#2047,#2053,.T.);
#2055=ORIENTED_EDGE('',*,*,#2054,.T.);
#2056=CARTESIAN_POINT('',(98.5,4.,7.25));
#2057=VERTEX_POINT('',#2056);
#2058=CARTESIAN_POINT('',(98.5,4.,54.25));
#2059=CARTESIAN_POINT('',(98.5,4.,7.25));
#2060=B_SPLINE_CURVE_WITH_KNOTS('',1,(#2058,#2059),.UNSPECIFIED.,.F.,.F.,(2,2),(-0.05275,-0.00575),.UNSPECIFIED.);
#2061=EDGE_CURVE('',#2047,#2057,#2060,.T.);
#2062=ORIENTED_EDGE('',*,*,#2061,.T.);
#2063=CARTESIAN_POINT('',(98.5,5.5,5.75));
#2064=VERTEX_POINT('',#2063);
#2065=CARTESIAN_POINT('',(98.5,4.,7.25));
#2066=CARTESIAN_POINT('',(98.5,4.,5.75));
#2067=CARTESIAN_POINT('',(98.5,5.5,5.75));
#2068=CARTESIAN_POINT('',(98.5,7.,5.75));
#2069=CARTESIAN_POINT('',(98.5,7.,7.25));
#2070=(BOUNDED_CURVE()
B_SPLINE_CURVE(2,(#2065,#2066,#2067,#2068,#2069),.UNSPECIFIED.,.F.,.F.)
B_SPLINE_CURVE_WITH_KNOTS((3,2,3),(3.141592654,4.71238898,6.283185307),.UNSPECIFIED.)
CURVE()
GEOMETRIC_REPRESENTATION_ITEM()
RATIONAL_B_SPLINE_CURVE((1.,0.707106781,1.,0.707106781,1.))
REPRESENTATION_ITEM(''));
#2071=EDGE_CURVE('',#2057,#2064,#2070,.T.);
#2072=ORIENTED_EDGE('',*,*,#2071,.T.);
#2073=CARTESIAN_POINT('',(98.5,7.,7.25));
#2074=VERTEX_POINT('',#2073);
#2075=CARTESIAN_POINT('',(98.5,4.,7.25));
#2076=CARTESIAN_POINT('',(98.5,4.,5.75));
#2077=CARTESIAN_POINT('',(98.5,5.5,5.75));
#2078=CARTESIAN_POINT('',(98.5,7.,5.75));
#2079=CARTESIAN_POINT('',(98.5,7.,7.25));
#2080=(BOUNDED_CURVE()
B_SPLINE_CURVE(2,(#2075,#2076,#2077,#2078,#2079),.UNSPECIFIED.,.F.,.F.)
B_SPLINE_CURVE_WITH_KNOTS((3,2,3),(3.141592654,4.71238898,6.283185307),.UNSPECIFIED.)
CURVE()
GEOMETRIC_REPRESENTATION_ITEM()
RATIONAL_B_SPLINE_CURVE((1.,0.707106781,1.,0.707106781,1.))
REPRESENTATION_ITEM(''));
#2081=EDGE_CURVE('',#2064,#2074,#2080,.T.);
#2082=ORIENTED_EDGE('',*,*,#2081,.T.);
#2083=CARTESIAN_POINT('',(98.5,7.,7.25));
#2084=CARTESIAN_POINT('',(98.5,7.,54.25));
#2085=B_SPLINE_CURVE_WITH_KNOTS('',1,(#2083,#2084),.UNSPECIFIED.,.F.,.F.,(2,2),(0.00575,0.05275),.UNSPECIFIED.);
#2086=EDGE_CURVE('',#2074,#2045,#2085,.T.);
#2087=ORIENTED_EDGE('',*,*,#2086,.T.);
#2088=EDGE_LOOP('',(#2055,#2062,#2072,#2082,#2087));
#2089=FACE_BOUND('',#2088,.T.);
#2090=CARTESIAN_POINT('',(98.5,2.,54.25));
#2091=VERTEX_POINT('',#2090);
#2092=CARTESIAN_POINT('',(98.5,-1.,54.25));
#2093=VERTEX_POINT('',#2092);
#2094=CARTESIAN_POINT('',(98.5,2.,54.25));
#2095=CARTESIAN_POINT('',(98.5,2.,55.75));
#2096=CARTESIAN_POINT('',(98.5,0.5,55.75));
#2097=CARTESIAN_POINT('',(98.5,-1.,55.75));
#2098=CARTESIAN_POINT('',(98.5,-1.,54.25));
#2099=(BOUNDED_CURVE()
B_SPLINE_CURVE(2,(#2094,#2095,#2096,#2097,#2098),.UNSPECIFIED.,.F.,.F.)
B_SPLINE_CURVE_WITH_KNOTS((3,2,3),(6.283185307,7.853981634,9.424777961),.UNSPECIFIED.)
CURVE()
GEOMETRIC_REPRESENTATION_ITEM()
RATIONAL_B_SPLINE_CURVE((1.,0.707106781,1.,0.707106781,1.))
REPRESENTATION_ITEM(''));
#2100=EDGE_CURVE('',#2091,#2093,#2099,.T.);
#2101=ORIENTED_EDGE('',*,*,#2100,.T.);
#2102=CARTESIAN_POINT('',(98.5,-1.,7.25));
#2103=VERTEX_POINT('',#2102);
#2104=CARTESIAN_POINT('',(98.5,-1.,54.25));
#2105=CARTESIAN_POINT('',(98.5,-1.,7.25));
#2106=B_SPLINE_CURVE_WITH_KNOTS('',1,(#2104,#2105),.UNSPECIFIED.,.F.,.F.,(2,2),(-0.05275,-0.00575),.UNSPECIFIED.);
#2107=EDGE_CURVE('',#2093,#2103,#2106,.T.);
#2108=ORIENTED_EDGE('',*,*,#2107,.T.);
#2109=CARTESIAN_POINT('',(98.5,0.5,5.75));
#2110=VERTEX_POINT('',#2109);
#2111=CARTESIAN_POINT('',(98.5,-1.,7.25));
#2112=CARTESIAN_POINT('',(98.5,-1.,5.75));
#2113=CARTESIAN_POINT('',(98.5,0.5,5.75));
#2114=CARTESIAN_POINT('',(98.5,2.,5.75));
#2115=CARTESIAN_POINT('',(98.5,2.,7.25));
#2116=(BOUNDED_CURVE()
B_SPLINE_CURVE(2,(#2111,#2112,#2113,#2114,#2115),.UNSPECIFIED.,.F.,.F.)
B_SPLINE_CURVE_WITH_KNOTS((3,2,3),(3.141592654,4.71238898,6.283185307),.UNSPECIFIED.)
CURVE()
GEOMETRIC_REPRESENTATION_ITEM()
RATIONAL_B_SPLINE_CURVE((1.,0.707106781,1.,0.707106781,1.))
REPRESENTATION_ITEM(''));
#2117=EDGE_CURVE('',#2103,#2110,#2116,.T.);
#2118=ORIENTED_EDGE('',*,*,#2117,.T.);
#2119=CARTESIAN_POINT('',(98.5,2.,7.25));
#2120=VERTEX_POINT('',#2119);
#2121=CARTESIAN_POINT('',(98.5,-1.,7.25));
#2122=CARTESIAN_POINT('',(98.5,-1.,5.75));
#2123=CARTESIAN_POINT('',(98.5,0.5,5.75));
#2124=CARTESIAN_POINT('',(98.5,2.,5.75));
#2125=CARTESIAN_POINT('',(98.5,2.,7.25));
#2126=(BOUNDED_CURVE()
B_SPLINE_CURVE(2,(#2121,#2122,#2123,#2124,#2125),.UNSPECIFIED.,.F.,.F.)
B_SPLINE_CURVE_WITH_KNOTS((3,2,3),(3.141592654,4.71238898,6.283185307),.UNSPECIFIED.)
CURVE()
GEOMETRIC_REPRESENTATION_ITEM()
RATIONAL_B_SPLINE_CURVE((1.,0.707106781,1.,0.707106781,1.))
REPRESENTATION_ITEM(''));
#2127=EDGE_CURVE('',#2110,#2120,#2126,.T.);
#2128=ORIENTED_EDGE('',*,*,#2127,.T.);
#2129=CARTESIAN_POINT('',(98.5,2.,7.25));
#2130=CARTESIAN_POINT('',(98.5,2.,54.25));
#2131=B_SPLINE_CURVE_WITH_KNOTS('',1,(#2129,#2130),.UNSPECIFIED.,.F.,.F.,(2,2),(0.00575,0.05275),.UNSPECIFIED.);
#2132=EDGE_CURVE('',#2120,#2091,#2131,.T.);
#2133=ORIENTED_EDGE('',*,*,#2132,.T.);
#2134=EDGE_LOOP('',(#2101,#2108,#2118,#2128,#2133));
#2135=FACE_BOUND('',#2134,.T.);
#2136=CARTESIAN_POINT('',(98.5,-3.,54.25));
#2137=VERTEX_POINT('',#2136);
#2138=CARTESIAN_POINT('',(98.5,-6.,54.25));
#2139=VERTEX_POINT('',#2138);
#2140=CARTESIAN_POINT('',(98.5,-3.,54.25));
#2141=CARTESIAN_POINT('',(98.5,-3.,55.75));
#2142=CARTESIAN_POINT('',(98.5,-4.5,55.75));
#2143=CARTESIAN_POINT('',(98.5,-6.,55.75));
#2144=CARTESIAN_POINT('',(98.5,-6.,54.25));
#2145=(BOUNDED_CURVE()
B_SPLINE_CURVE(2,(#2140,#2141,#2142,#2143,#2144),.UNSPECIFIED.,.F.,.F.)
B_SPLINE_CURVE_WITH_KNOTS((3,2,3),(6.283185307,7.853981634,9.424777961),.UNSPECIFIED.)
CURVE()
GEOMETRIC_REPRESENTATION_ITEM()
RATIONAL_B_SPLINE_CURVE((1.,0.707106781,1.,0.707106781,1.))
REPRESENTATION_ITEM(''));
#2146=EDGE_CURVE('',#2137,#2139,#2145,.T.);
#2147=ORIENTED_EDGE('',*,*,#2146,.T.);
#2148=CARTESIAN_POINT('',(98.5,-6.,7.25));
#2149=VERTEX_POINT('',#2148);
#2150=CARTESIAN_POINT('',(98.5,-6.,54.25));
#2151=CARTESIAN_POINT('',(98.5,-6.,7.25));
#2152=B_SPLINE_CURVE_WITH_KNOTS('',1,(#2150,#2151),.UNSPECIFIED.,.F.,.F.,(2,2),(-0.05275,-0.00575),.UNSPECIFIED.);
#2153=EDGE_CURVE('',#2139,#2149,#2152,.T.);
#2154=ORIENTED_EDGE('',*,*,#2153,.T.);
#2155=CARTESIAN_POINT('',(98.5,-4.5,5.75));
#2156=VERTEX_POINT('',#2155);
#2157=CARTESIAN_POINT('',(98.5,-6.,7.25));
#2158=CARTESIAN_POINT('',(98.5,-6.,5.75));
#2159=CARTESIAN_POINT('',(98.5,-4.5,5.75));
#2160=CARTESIAN_POINT('',(98.5,-3.,5.75));
#2161=CARTESIAN_POINT('',(98.5,-3.,7.25));
#2162=(BOUNDED_CURVE()
B_SPLINE_CURVE(2,(#2157,#2158,#2159,#2160,#2161),.UNSPECIFIED.,.F.,.F.)
B_SPLINE_CURVE_WITH_KNOTS((3,2,3),(3.141592654,4.71238898,6.283185307),.UNSPECIFIED.)
CURVE()
GEOMETRIC_REPRESENTATION_ITEM()
RATIONAL_B_SPLINE_CURVE((1.,0.707106781,1.,0.707106781,1.))
REPRESENTATION_ITEM(''));
#2163=EDGE_CURVE('',#2149,#2156,#2162,.T.);
#2164=ORIENTED_EDGE('',*,*,#2163,.T.);
#2165=CARTESIAN_POINT('',(98.5,-3.,7.25));
#2166=VERTEX_POINT('',#2165);
#2167=CARTESIAN_POINT('',(98.5,-6.,7.25));
#2168=CARTESIAN_POINT('',(98.5,-6.,5.75));
#2169=CARTESIAN_POINT('',(98.5,-4.5,5.75));
#2170=CARTESIAN_POINT('',(98.5,-3.,5.75));
#2171=CARTESIAN_POINT('',(98.5,-3.,7.25));
#2172=(BOUNDED_CURVE()
B_SPLINE_CURVE(2,(#2167,#2168,#2169,#2170,#2171),.UNSPECIFIED.,.F.,.F.)
B_SPLINE_CURVE_WITH_KNOTS((3,2,3),(3.141592654,4.71238898,6.283185307),.UNSPECIFIED.)
CURVE()
GEOMETRIC_REPRESENTATION_ITEM()
RATIONAL_B_SPLINE_CURVE((1.,0.707106781,1.,0.707106781,1.))
REPRESENTATION_ITEM(''));
#2173=EDGE_CURVE('',#2156,#2166,#2172,.T.);
#2174=ORIENTED_EDGE('',*,*,#2173,.T.);
#2175=CARTESIAN_POINT('',(98.5,-3.,7.25));
#2176=CARTESIAN_POINT('',(98.5,-3.,54.25));
#2177=B_SPLINE_CURVE_WITH_KNOTS('',1,(#2175,#2176),.UNSPECIFIED.,.F.,.F.,(2,2),(0.00575,0.05275),.UNSPECIFIED.);
#2178=EDGE_CURVE('',#2166,#2137,#2177,.T.);
#2179=ORIENTED_EDGE('',*,*,#2178,.T.);
#2180=EDGE_LOOP('',(#2147,#2154,#2164,#2174,#2179));
#2181=FACE_BOUND('',#2180,.T.);
#2182=CARTESIAN_POINT('',(98.5,-8.,54.25));
#2183=VERTEX_POINT('',#2182);
#2184=CARTESIAN_POINT('',(98.5,-11.,54.25));
#2185=VERTEX_POINT('',#2184);
#2186=CARTESIAN_POINT('',(98.5,-8.,54.25));
#2187=CARTESIAN_POINT('',(98.5,-8.,55.75));
#2188=CARTESIAN_POINT('',(98.5,-9.5,55.75));
#2189=CARTESIAN_POINT('',(98.5,-11.,55.75));
#2190=CARTESIAN_POINT('',(98.5,-11.,54.25));
#2191=(BOUNDED_CURVE()
B_SPLINE_CURVE(2,(#2186,#2187,#2188,#2189,#2190),.UNSPECIFIED.,.F.,.F.)
B_SPLINE_CURVE_WITH_KNOTS((3,2,3),(6.283185307,7.853981634,9.424777961),.UNSPECIFIED.)
CURVE()
GEOMETRIC_REPRESENTATION_ITEM()
RATIONAL_B_SPLINE_CURVE((1.,0.707106781,1.,0.707106781,1.))
REPRESENTATION_ITEM(''));
#2192=EDGE_CURVE('',#2183,#2185,#2191,.T.);
#2193=ORIENTED_EDGE('',*,*,#2192,.T.);
#2194=CARTESIAN_POINT('',(98.5,-11.,7.25));
#2195=VERTEX_POINT('',#2194);
#2196=CARTESIAN_POINT('',(98.5,-11.,54.25));
#2197=CARTESIAN_POINT('',(98.5,-11.,7.25));
#2198=B_SPLINE_CURVE_WITH_KNOTS('',1,(#2196,#2197),.UNSPECIFIED.,.F.,.F.,(2,2),(-0.05275,-0.00575),.UNSPECIFIED.);
#2199=EDGE_CURVE('',#2185,#2195,#2198,.T.);
#2200=ORIENTED_EDGE('',*,*,#2199,.T.);
#2201=CARTESIAN_POINT('',(98.5,-9.5,5.75));
#2202=VERTEX_POINT('',#2201);
#2203=CARTESIAN_POINT('',(98.5,-11.,7.25));
#2204=CARTESIAN_POINT('',(98.5,-11.,5.75));
#2205=CARTESIAN_POINT('',(98.5,-9.5,5.75));
#2206=CARTESIAN_POINT('',(98.5,-8.,5.75));
#2207=CARTESIAN_POINT('',(98.5,-8.,7.25));
#2208=(BOUNDED_CURVE()
B_SPLINE_CURVE(2,(#2203,#2204,#2205,#2206,#2207),.UNSPECIFIED.,.F.,.F.)
B_SPLINE_CURVE_WITH_KNOTS((3,2,3),(3.141592654,4.71238898,6.283185307),.UNSPECIFIED.)
CURVE()
GEOMETRIC_REPRESENTATION_ITEM()
RATIONAL_B_SPLINE_CURVE((1.,0.707106781,1.,0.707106781,1.))
REPRESENTATION_ITEM(''));
#2209=EDGE_CURVE('',#2195,#2202,#2208,.T.);
#2210=ORIENTED_EDGE('',*,*,#2209,.T.);
#2211=CARTESIAN_POINT('',(98.5,-8.,7.25));
#2212=VERTEX_POINT('',#2211);
#2213=CARTESIAN_POINT('',(98.5,-11.,7.25));
#2214=CARTESIAN_POINT('',(98.5,-11.,5.75));
#2215=CARTESIAN_POINT('',(98.5,-9.5,5.75));
#2216=CARTESIAN_POINT('',(98.5,-8.,5.75));
#2217=CARTESIAN_POINT('',(98.5,-8.,7.25));
#2218=(BOUNDED_CURVE()
B_SPLINE_CURVE(2,(#2213,#2214,#2215,#2216,#2217),.UNSPECIFIED.,.F.,.F.)
B_SPLINE_CURVE_WITH_KNOTS((3,2,3),(3.141592654,4.71238898,6.283185307),.UNSPECIFIED.)
CURVE()
GEOMETRIC_REPRESENTATION_ITEM()
RATIONAL_B_SPLINE_CURVE((1.,0.707106781,1.,0.707106781,1.))
REPRESENTATION_ITEM(''));
#2219=EDGE_CURVE('',#2202,#2212,#2218,.T.);
#2220=ORIENTED_EDGE('',*,*,#2219,.T.);
#2221=CARTESIAN_POINT('',(98.5,-8.,7.25));
#2222=CARTESIAN_POINT('',(98.5,-8.,54.25));
#2223=B_SPLINE_CURVE_WITH_KNOTS('',1,(#2221,#2222),.UNSPECIFIED.,.F.,.F.,(2,2),(0.00575,0.05275),.UNSPECIFIED.);
#2224=EDGE_CURVE('',#2212,#2183,#2223,.T.);
#2225=ORIENTED_EDGE('',*,*,#2224,.T.);
#2226=EDGE_LOOP('',(#2193,#2200,#2210,#2220,#2225));
#2227=FACE_BOUND('',#2226,.T.);
#2228=CARTESIAN_POINT('',(98.5,-13.,54.25));
#2229=VERTEX_POINT('',#2228);
#2230=CARTESIAN_POINT('',(98.5,-16.,54.25));
#2231=VERTEX_POINT('',#2230);
#2232=CARTESIAN_POINT('',(98.5,-13.,54.25));
#2233=CARTESIAN_POINT('',(98.5,-13.,55.75));
#2234=CARTESIAN_POINT('',(98.5,-14.5,55.75));
#2235=CARTESIAN_POINT('',(98.5,-16.,55.75));
#2236=CARTESIAN_POINT('',(98.5,-16.,54.25));
#2237=(BOUNDED_CURVE()
B_SPLINE_CURVE(2,(#2232,#2233,#2234,#2235,#2236),.UNSPECIFIED.,.F.,.F.)
B_SPLINE_CURVE_WITH_KNOTS((3,2,3),(6.283185307,7.853981634,9.424777961),.UNSPECIFIED.)
CURVE()
GEOMETRIC_REPRESENTATION_ITEM()
RATIONAL_B_SPLINE_CURVE((1.,0.707106781,1.,0.707106781,1.))
REPRESENTATION_ITEM(''));
#2238=EDGE_CURVE('',#2229,#2231,#2237,.T.);
#2239=ORIENTED_EDGE('',*,*,#2238,.T.);
#2240=CARTESIAN_POINT('',(98.5,-16.,7.25));
#2241=VERTEX_POINT('',#2240);
#2242=CARTESIAN_POINT('',(98.5,-16.,54.25));
#2243=CARTESIAN_POINT('',(98.5,-16.,7.25));
#2244=B_SPLINE_CURVE_WITH_KNOTS('',1,(#2242,#2243),.UNSPECIFIED.,.F.,.F.,(2,2),(-0.05275,-0.00575),.UNSPECIFIED.);
#2245=EDGE_CURVE('',#2231,#2241,#2244,.T.);
#2246=ORIENTED_EDGE('',*,*,#2245,.T.);
#2247=CARTESIAN_POINT('',(98.5,-14.5,5.75));
#2248=VERTEX_POINT('',#2247);
#2249=CARTESIAN_POINT('',(98.5,-16.,7.25));
#2250=CARTESIAN_POINT('',(98.5,-16.,5.75));
#2251=CARTESIAN_POINT('',(98.5,-14.5,5.75));
#2252=CARTESIAN_POINT('',(98.5,-13.,5.75));
#2253=CARTESIAN_POINT('',(98.5,-13.,7.25));
#2254=(BOUNDED_CURVE()
B_SPLINE_CURVE(2,(#2249,#2250,#2251,#2252,#2253),.UNSPECIFIED.,.F.,.F.)
B_SPLINE_CURVE_WITH_KNOTS((3,2,3),(3.141592654,4.71238898,6.283185307),.UNSPECIFIED.)
CURVE()
GEOMETRIC_REPRESENTATION_ITEM()
RATIONAL_B_SPLINE_CURVE((1.,0.707106781,1.,0.707106781,1.))
REPRESENTATION_ITEM(''));
#2255=EDGE_CURVE('',#2241,#2248,#2254,.T.);
#2256=ORIENTED_EDGE('',*,*,#2255,.T.);
#2257=CARTESIAN_POINT('',(98.5,-13.,7.25));
#2258=VERTEX_POINT('',#2257);
#2259=CARTESIAN_POINT('',(98.5,-16.,7.25));
#2260=CARTESIAN_POINT('',(98.5,-16.,5.75));
#2261=CARTESIAN_POINT('',(98.5,-14.5,5.75));
#2262=CARTESIAN_POINT('',(98.5,-13.,5.75));
#2263=CARTESIAN_POINT('',(98.5,-13.,7.25));
#2264=(BOUNDED_CURVE()
B_SPLINE_CURVE(2,(#2259,#2260,#2261,#2262,#2263),.UNSPECIFIED.,.F.,.F.)
B_SPLINE_CURVE_WITH_KNOTS((3,2,3),(3.141592654,4.71238898,6.283185307),.UNSPECIFIED.)
CURVE()
GEOMETRIC_REPRESENTATION_ITEM()
RATIONAL_B_SPLINE_CURVE((1.,0.707106781,1.,0.707106781,1.))
REPRESENTATION_ITEM(''));
#2265=EDGE_CURVE('',#2248,#2258,#2264,.T.);
#2266=ORIENTED_EDGE('',*,*,#2265,.T.);
#2267=CARTESIAN_POINT('',(98.5,-13.,7.25));
#2268=CARTESIAN_POINT('',(98.5,-13.,54.25));
#2269=B_SPLINE_CURVE_WITH_KNOTS('',1,(#2267,#2268),.UNSPECIFIED.,.F.,.F.,(2,2),(0.00575,0.05275),.UNSPECIFIED.);
#2270=EDGE_CURVE('',#2258,#2229,#2269,.T.);
#2271=ORIENTED_EDGE('',*,*,#2270,.T.);
#2272=EDGE_LOOP('',(#2239,#2246,#2256,#2266,#2271));
#2273=FACE_BOUND('',#2272,.T.);
#2274=CARTESIAN_POINT('',(98.5,-18.,54.25));
#2275=VERTEX_POINT('',#2274);
#2276=CARTESIAN_POINT('',(98.5,-21.,54.25));
#2277=VERTEX_POINT('',#2276);
#2278=CARTESIAN_POINT('',(98.5,-18.,54.25));
#2279=CARTESIAN_POINT('',(98.5,-18.,55.75));
#2280=CARTESIAN_POINT('',(98.5,-19.5,55.75));
#2281=CARTESIAN_POINT('',(98.5,-21.,55.75));
#2282=CARTESIAN_POINT('',(98.5,-21.,54.25));
#2283=(BOUNDED_CURVE()
B_SPLINE_CURVE(2,(#2278,#2279,#2280,#2281,#2282),.UNSPECIFIED.,.F.,.F.)
B_SPLINE_CURVE_WITH_KNOTS((3,2,3),(6.283185307,7.853981634,9.424777961),.UNSPECIFIED.)
CURVE()
GEOMETRIC_REPRESENTATION_ITEM()
RATIONAL_B_SPLINE_CURVE((1.,0.707106781,1.,0.707106781,1.))
REPRESENTATION_ITEM(''));
#2284=EDGE_CURVE('',#2275,#2277,#2283,.T.);
#2285=ORIENTED_EDGE('',*,*,#2284,.T.);
#2286=CARTESIAN_POINT('',(98.5,-21.,7.25));
#2287=VERTEX_POINT('',#2286);
#2288=CARTESIAN_POINT('',(98.5,-21.,54.25));
#2289=CARTESIAN_POINT('',(98.5,-21.,7.25));
#2290=B_SPLINE_CURVE_WITH_KNOTS('',1,(#2288,#2289),.UNSPECIFIED.,.F.,.F.,(2,2),(-0.05275,-0.00575),.UNSPECIFIED.);
#2291=EDGE_CURVE('',#2277,#2287,#2290,.T.);
#2292=ORIENTED_EDGE('',*,*,#2291,.T.);
#2293=CARTESIAN_POINT('',(98.5,-19.5,5.75));
#2294=VERTEX_POINT('',#2293);
#2295=CARTESIAN_POINT('',(98.5,-21.,7.25));
#2296=CARTESIAN_POINT('',(98.5,-21.,5.75));
#2297=CARTESIAN_POINT('',(98.5,-19.5,5.75));
#2298=CARTESIAN_POINT('',(98.5,-18.,5.75));
#2299=CARTESIAN_POINT('',(98.5,-18.,7.25));
#2300=(BOUNDED_CURVE()
B_SPLINE_CURVE(2,(#2295,#2296,#2297,#2298,#2299),.UNSPECIFIED.,.F.,.F.)
B_SPLINE_CURVE_WITH_KNOTS((3,2,3),(3.141592654,4.71238898,6.283185307),.UNSPECIFIED.)
CURVE()
GEOMETRIC_REPRESENTATION_ITEM()
RATIONAL_B_SPLINE_CURVE((1.,0.707106781,1.,0.707106781,1.))
REPRESENTATION_ITEM(''));
#2301=EDGE_CURVE('',#2287,#2294,#2300,.T.);
#2302=ORIENTED_EDGE('',*,*,#2301,.T.);
#2303=CARTESIAN_POINT('',(98.5,-18.,7.25));
#2304=VERTEX_POINT('',#2303);
#2305=CARTESIAN_POINT('',(98.5,-21.,7.25));
#2306=CARTESIAN_POINT('',(98.5,-21.,5.75));
#2307=CARTESIAN_POINT('',(98.5,-19.5,5.75));
#2308=CARTESIAN_POINT('',(98.5,-18.,5.75));
#2309=CARTESIAN_POINT('',(98.5,-18.,7.25));
#2310=(BOUNDED_CURVE()
B_SPLINE_CURVE(2,(#2305,#2306,#2307,#2308,#2309),.UNSPECIFIED.,.F.,.F.)
B_SPLINE_CURVE_WITH_KNOTS((3,2,3),(3.141592654,4.71238898,6.283185307),.UNSPECIFIED.)
CURVE()
GEOMETRIC_REPRESENTATION_ITEM()
RATIONAL_B_SPLINE_CURVE((1.,0.707106781,1.,0.707106781,1.))
REPRESENTATION_ITEM(''));
#2311=EDGE_CURVE('',#2294,#2304,#2310,.T.);
#2312=ORIENTED_EDGE('',*,*,#2311,.T.);
#2313=CARTESIAN_POINT('',(98.5,-18.,7.25));
#2314=CARTESIAN_POINT('',(98.5,-18.,54.25));
#2315=B_SPLINE_CURVE_WITH_KNOTS('',1,(#2313,#2314),.UNSPECIFIED.,.F.,.F.,(2,2),(0.00575,0.05275),.UNSPECIFIED.);
#2316=EDGE_CURVE('',#2304,#2275,#2315,.T.);
#2317=ORIENTED_EDGE('',*,*,#2316,.T.);
#2318=EDGE_LOOP('',(#2285,#2292,#2302,#2312,#2317));
#2319=FACE_BOUND('',#2318,.T.);
#2320=CARTESIAN_POINT('',(98.5,-25.,3.75));
#2321=VERTEX_POINT('',#2320);
#2322=CARTESIAN_POINT('',(98.5,-23.,5.75));
#2323=VERTEX_POINT('',#2322);
#2324=CARTESIAN_POINT('',(98.5,-23.,5.75));
#2325=CARTESIAN_POINT('',(98.5,-23.,3.75));
#2326=CARTESIAN_POINT('',(98.5,-25.,3.75));
#2327=CARTESIAN_POINT('',(98.5,-27.,3.75));
#2328=CARTESIAN_POINT('',(98.5,-27.,5.75));
#2329=CARTESIAN_POINT('',(98.5,-27.,7.75));
#2330=CARTESIAN_POINT('',(98.5,-25.,7.75));
#2331=CARTESIAN_POINT('',(98.5,-23.,7.75));
#2332=CARTESIAN_POINT('',(98.5,-23.,5.75));
#2333=(BOUNDED_CURVE()
B_SPLINE_CURVE(2,(#2324,#2325,#2326,#2327,#2328,#2329,#2330,#2331,#2332),.UNSPECIFIED.,.T.,.F.)
B_SPLINE_CURVE_WITH_KNOTS((3,2,2,2,3),(3.141592654,4.71238898,6.283185307,7.853981634,9.424777961),.UNSPECIFIED.)
CURVE()
GEOMETRIC_REPRESENTATION_ITEM()
RATIONAL_B_SPLINE_CURVE((1.,0.707106781,1.,0.707106781,1.,0.707106781,1.,0.707106781,1.))
REPRESENTATION_ITEM(''));
#2334=EDGE_CURVE('',#2321,#2323,#2333,.T.);
#2335=ORIENTED_EDGE('',*,*,#2334,.F.);
#2336=CARTESIAN_POINT('',(98.5,-23.,5.75));
#2337=CARTESIAN_POINT('',(98.5,-23.,3.75));
#2338=CARTESIAN_POINT('',(98.5,-25.,3.75));
#2339=CARTESIAN_POINT('',(98.5,-27.,3.75));
#2340=CARTESIAN_POINT('',(98.5,-27.,5.75));
#2341=CARTESIAN_POINT('',(98.5,-27.,7.75));
#2342=CARTESIAN_POINT('',(98.5,-25.,7.75));
#2343=CARTESIAN_POINT('',(98.5,-23.,7.75));
#2344=CARTESIAN_POINT('',(98.5,-23.,5.75));
#2345=(BOUNDED_CURVE()
B_SPLINE_CURVE(2,(#2336,#2337,#2338,#2339,#2340,#2341,#2342,#2343,#2344),.UNSPECIFIED.,.T.,.F.)
B_SPLINE_CURVE_WITH_KNOTS((3,2,2,2,3),(3.141592654,4.71238898,6.283185307,7.853981634,9.424777961),.UNSPECIFIED.)
CURVE()
GEOMETRIC_REPRESENTATION_ITEM()
RATIONAL_B_SPLINE_CURVE((1.,0.707106781,1.,0.707106781,1.,0.707106781,1.,0.707106781,1.))
REPRESENTATION_ITEM(''));
#2346=EDGE_CURVE('',#2323,#2321,#2345,.T.);
#2347=ORIENTED_EDGE('',*,*,#2346,.F.);
#2348=EDGE_LOOP('',(#2335,#2347));
#2349=FACE_BOUND('',#2348,.T.);
#2350=CARTESIAN_POINT('',(98.5,-25.,53.75));
#2351=VERTEX_POINT('',#2350);
#2352=CARTESIAN_POINT('',(98.5,-23.,55.75));
#2353=VERTEX_POINT('',#2352);
#2354=CARTESIAN_POINT('',(98.5,-23.,55.75));
#2355=CARTESIAN_POINT('',(98.5,-23.,53.75));
#2356=CARTESIAN_POINT('',(98.5,-25.,53.75));
#2357=CARTESIAN_POINT('',(98.5,-27.,53.75));
#2358=CARTESIAN_POINT('',(98.5,-27.,55.75));
#2359=CARTESIAN_POINT('',(98.5,-27.,57.75));
#2360=CARTESIAN_POINT('',(98.5,-25.,57.75));
#2361=CARTESIAN_POINT('',(98.5,-23.,57.75));
#2362=CARTESIAN_POINT('',(98.5,-23.,55.75));
#2363=(BOUNDED_CURVE()
B_SPLINE_CURVE(2,(#2354,#2355,#2356,#2357,#2358,#2359,#2360,#2361,#2362),.UNSPECIFIED.,.T.,.F.)
B_SPLINE_CURVE_WITH_KNOTS((3,2,2,2,3),(3.141592654,4.71238898,6.283185307,7.853981634,9.424777961),.UNSPECIFIED.)
CURVE()
GEOMETRIC_REPRESENTATION_ITEM()
RATIONAL_B_SPLINE_CURVE((1.,0.707106781,1.,0.707106781,1.,0.707106781,1.,0.707106781,1.))
REPRESENTATION_ITEM(''));
#2364=EDGE_CURVE('',#2351,#2353,#2363,.T.);
#2365=ORIENTED_EDGE('',*,*,#2364,.F.);
#2366=CARTESIAN_POINT('',(98.5,-23.,55.75));
#2367=CARTESIAN_POINT('',(98.5,-23.,53.75));
#2368=CARTESIAN_POINT('',(98.5,-25.,53.75));
#2369=CARTESIAN_POINT('',(98.5,-27.,53.75));
#2370=CARTESIAN_POINT('',(98.5,-27.,55.75));
#2371=CARTESIAN_POINT('',(98.5,-27.,57.75));
#2372=CARTESIAN_POINT('',(98.5,-25.,57.75));
#2373=CARTESIAN_POINT('',(98.5,-23.,57.75));
#2374=CARTESIAN_POINT('',(98.5,-23.,55.75));
#2375=(BOUNDED_CURVE()
B_SPLINE_CURVE(2,(#2366,#2367,#2368,#2369,#2370,#2371,#2372,#2373,#2374),.UNSPECIFIED.,.T.,.F.)
B_SPLINE_CURVE_WITH_KNOTS((3,2,2,2,3),(3.141592654,4.71238898,6.283185307,7.853981634,9.424777961),.UNSPECIFIED.)
CURVE()
GEOMETRIC_REPRESENTATION_ITEM()
RATIONAL_B_SPLINE_CURVE((1.,0.707106781,1.,0.707106781,1.,0.707106781,1.,0.707106781,1.))
REPRESENTATION_ITEM(''));
#2376=EDGE_CURVE('',#2353,#2351,#2375,.T.);
#2377=ORIENTED_EDGE('',*,*,#2376,.F.);
#2378=EDGE_LOOP('',(#2365,#2377));
#2379=FACE_BOUND('',#2378,.T.);
#2380=CARTESIAN_POINT('',(98.5,22.,54.25));
#2381=VERTEX_POINT('',#2380);
#2382=CARTESIAN_POINT('',(98.5,19.,54.25));
#2383=VERTEX_POINT('',#2382);
#2384=CARTESIAN_POINT('',(98.5,22.,54.25));
#2385=CARTESIAN_POINT('',(98.5,22.,55.75));
#2386=CARTESIAN_POINT('',(98.5,20.5,55.75));
#2387=CARTESIAN_POINT('',(98.5,19.,55.75));
#2388=CARTESIAN_POINT('',(98.5,19.,54.25));
#2389=(BOUNDED_CURVE()
B_SPLINE_CURVE(2,(#2384,#2385,#2386,#2387,#2388),.UNSPECIFIED.,.F.,.F.)
B_SPLINE_CURVE_WITH_KNOTS((3,2,3),(6.283185307,7.853981634,9.424777961),.UNSPECIFIED.)
CURVE()
GEOMETRIC_REPRESENTATION_ITEM()
RATIONAL_B_SPLINE_CURVE((1.,0.707106781,1.,0.707106781,1.))
REPRESENTATION_ITEM(''));
#2390=EDGE_CURVE('',#2381,#2383,#2389,.T.);
#2391=ORIENTED_EDGE('',*,*,#2390,.T.);
#2392=CARTESIAN_POINT('',(98.5,19.,7.25));
#2393=VERTEX_POINT('',#2392);
#2394=CARTESIAN_POINT('',(98.5,19.,54.25));
#2395=CARTESIAN_POINT('',(98.5,19.,7.25));
#2396=B_SPLINE_CURVE_WITH_KNOTS('',1,(#2394,#2395),.UNSPECIFIED.,.F.,.F.,(2,2),(-0.05275,-0.00575),.UNSPECIFIED.);
#2397=EDGE_CURVE('',#2383,#2393,#2396,.T.);
#2398=ORIENTED_EDGE('',*,*,#2397,.T.);
#2399=CARTESIAN_POINT('',(98.5,20.5,5.75));
#2400=VERTEX_POINT('',#2399);
#2401=CARTESIAN_POINT('',(98.5,19.,7.25));
#2402=CARTESIAN_POINT('',(98.5,19.,5.75));
#2403=CARTESIAN_POINT('',(98.5,20.5,5.75));
#2404=CARTESIAN_POINT('',(98.5,22.,5.75));
#2405=CARTESIAN_POINT('',(98.5,22.,7.25));
#2406=(BOUNDED_CURVE()
B_SPLINE_CURVE(2,(#2401,#2402,#2403,#2404,#2405),.UNSPECIFIED.,.F.,.F.)
B_SPLINE_CURVE_WITH_KNOTS((3,2,3),(3.141592654,4.71238898,6.283185307),.UNSPECIFIED.)
CURVE()
GEOMETRIC_REPRESENTATION_ITEM()
RATIONAL_B_SPLINE_CURVE((1.,0.707106781,1.,0.707106781,1.))
REPRESENTATION_ITEM(''));
#2407=EDGE_CURVE('',#2393,#2400,#2406,.T.);
#2408=ORIENTED_EDGE('',*,*,#2407,.T.);
#2409=CARTESIAN_POINT('',(98.5,22.,7.25));
#2410=VERTEX_POINT('',#2409);
#2411=CARTESIAN_POINT('',(98.5,19.,7.25));
#2412=CARTESIAN_POINT('',(98.5,19.,5.75));
#2413=CARTESIAN_POINT('',(98.5,20.5,5.75));
#2414=CARTESIAN_POINT('',(98.5,22.,5.75));
#2415=CARTESIAN_POINT('',(98.5,22.,7.25));
#2416=(BOUNDED_CURVE()
B_SPLINE_CURVE(2,(#2411,#2412,#2413,#2414,#2415),.UNSPECIFIED.,.F.,.F.)
B_SPLINE_CURVE_WITH_KNOTS((3,2,3),(3.141592654,4.71238898,6.283185307),.UNSPECIFIED.)
CURVE()
GEOMETRIC_REPRESENTATION_ITEM()
RATIONAL_B_SPLINE_CURVE((1.,0.707106781,1.,0.707106781,1.))
REPRESENTATION_ITEM(''));
#2417=EDGE_CURVE('',#2400,#2410,#2416,.T.);
#2418=ORIENTED_EDGE('',*,*,#2417,.T.);
#2419=CARTESIAN_POINT('',(98.5,22.,7.25));
#2420=CARTESIAN_POINT('',(98.5,22.,54.25));
#2421=B_SPLINE_CURVE_WITH_KNOTS('',1,(#2419,#2420),.UNSPECIFIED.,.F.,.F.,(2,2),(0.00575,0.05275),.UNSPECIFIED.);
#2422=EDGE_CURVE('',#2410,#2381,#2421,.T.);
#2423=ORIENTED_EDGE('',*,*,#2422,.T.);
#2424=EDGE_LOOP('',(#2391,#2398,#2408,#2418,#2423));
#2425=FACE_BOUND('',#2424,.T.);
#2426=ORIENTED_EDGE('',*,*,#103,.F.);
#2427=CARTESIAN_POINT('',(98.5,30.5,1.5));
#2428=VERTEX_POINT('',#2427);
#2429=CARTESIAN_POINT('',(98.5,30.5,61.5));
#2430=CARTESIAN_POINT('',(98.5,30.5,1.5));
#2431=B_SPLINE_CURVE_WITH_KNOTS('',1,(#2429,#2430),.UNSPECIFIED.,.F.,.F.,(2,2),(0.,0.06),.UNSPECIFIED.);
#2432=EDGE_CURVE('',#97,#2428,#2431,.T.);
#2433=ORIENTED_EDGE('',*,*,#2432,.T.);
#2434=CARTESIAN_POINT('',(98.5,-30.5,1.5));
#2435=VERTEX_POINT('',#2434);
#2436=CARTESIAN_POINT('',(98.5,30.5,1.5));
#2437=CARTESIAN_POINT('',(98.5,-30.5,1.5));
#2438=B_SPLINE_CURVE_WITH_KNOTS('',1,(#2436,#2437),.UNSPECIFIED.,.F.,.F.,(2,2),(0.0055,0.0665),.UNSPECIFIED.);
#2439=EDGE_CURVE('',#2428,#2435,#2438,.T.);
#2440=ORIENTED_EDGE('',*,*,#2439,.T.);
#2441=CARTESIAN_POINT('',(98.5,-30.5,1.5));
#2442=CARTESIAN_POINT('',(98.5,-30.5,61.5));
#2443=B_SPLINE_CURVE_WITH_KNOTS('',1,(#2441,#2442),.UNSPECIFIED.,.F.,.F.,(2,2),(0.,0.06),.UNSPECIFIED.);
#2444=EDGE_CURVE('',#2435,#99,#2443,.T.);
#2445=ORIENTED_EDGE('',*,*,#2444,.T.);
#2446=EDGE_LOOP('',(#2426,#2433,#2440,#2445));
#2447=FACE_BOUND('',#2446,.T.);
#2448=CARTESIAN_POINT('',(98.5,25.,53.75));
#2449=VERTEX_POINT('',#2448);
#2450=CARTESIAN_POINT('',(98.5,27.,55.75));
#2451=VERTEX_POINT('',#2450);
#2452=CARTESIAN_POINT('',(98.5,27.,55.75));
#2453=CARTESIAN_POINT('',(98.5,27.,53.75));
#2454=CARTESIAN_POINT('',(98.5,25.,53.75));
#2455=CARTESIAN_POINT('',(98.5,23.,53.75));
#2456=CARTESIAN_POINT('',(98.5,23.,55.75));
#2457=CARTESIAN_POINT('',(98.5,23.,57.75));
#2458=CARTESIAN_POINT('',(98.5,25.,57.75));
#2459=CARTESIAN_POINT('',(98.5,27.,57.75));
#2460=CARTESIAN_POINT('',(98.5,27.,55.75));
#2461=(BOUNDED_CURVE()
B_SPLINE_CURVE(2,(#2452,#2453,#2454,#2455,#2456,#2457,#2458,#2459,#2460),.UNSPECIFIED.,.T.,.F.)
B_SPLINE_CURVE_WITH_KNOTS((3,2,2,2,3),(3.141592654,4.71238898,6.283185307,7.853981634,9.424777961),.UNSPECIFIED.)
CURVE()
GEOMETRIC_REPRESENTATION_ITEM()
RATIONAL_B_SPLINE_CURVE((1.,0.707106781,1.,0.707106781,1.,0.707106781,1.,0.707106781,1.))
REPRESENTATION_ITEM(''));
#2462=EDGE_CURVE('',#2449,#2451,#2461,.T.);
#2463=ORIENTED_EDGE('',*,*,#2462,.F.);
#2464=CARTESIAN_POINT('',(98.5,27.,55.75));
#2465=CARTESIAN_POINT('',(98.5,27.,53.75));
#2466=CARTESIAN_POINT('',(98.5,25.,53.75));
#2467=CARTESIAN_POINT('',(98.5,23.,53.75));
#2468=CARTESIAN_POINT('',(98.5,23.,55.75));
#2469=CARTESIAN_POINT('',(98.5,23.,57.75));
#2470=CARTESIAN_POINT('',(98.5,25.,57.75));
#2471=CARTESIAN_POINT('',(98.5,27.,57.75));
#2472=CARTESIAN_POINT('',(98.5,27.,55.75));
#2473=(BOUNDED_CURVE()
B_SPLINE_CURVE(2,(#2464,#2465,#2466,#2467,#2468,#2469,#2470,#2471,#2472),.UNSPECIFIED.,.T.,.F.)
B_SPLINE_CURVE_WITH_KNOTS((3,2,2,2,3),(3.141592654,4.71238898,6.283185307,7.853981634,9.424777961),.UNSPECIFIED.)
CURVE()
GEOMETRIC_REPRESENTATION_ITEM()
RATIONAL_B_SPLINE_CURVE((1.,0.707106781,1.,0.707106781,1.,0.707106781,1.,0.707106781,1.))
REPRESENTATION_ITEM(''));
#2474=EDGE_CURVE('',#2451,#2449,#2473,.T.);
#2475=ORIENTED_EDGE('',*,*,#2474,.F.);
#2476=EDGE_LOOP('',(#2463,#2475));
#2477=FACE_BOUND('',#2476,.T.);
#2478=CARTESIAN_POINT('',(98.5,25.,3.75));
#2479=VERTEX_POINT('',#2478);
#2480=CARTESIAN_POINT('',(98.5,27.,5.75));
#2481=VERTEX_POINT('',#2480);
#2482=CARTESIAN_POINT('',(98.5,27.,5.75));
#2483=CARTESIAN_POINT('',(98.5,27.,3.75));
#2484=CARTESIAN_POINT('',(98.5,25.,3.75));
#2485=CARTESIAN_POINT('',(98.5,23.,3.75));
#2486=CARTESIAN_POINT('',(98.5,23.,5.75));
#2487=CARTESIAN_POINT('',(98.5,23.,7.75));
#2488=CARTESIAN_POINT('',(98.5,25.,7.75));
#2489=CARTESIAN_POINT('',(98.5,27.,7.75));
#2490=CARTESIAN_POINT('',(98.5,27.,5.75));
#2491=(BOUNDED_CURVE()
B_SPLINE_CURVE(2,(#2482,#2483,#2484,#2485,#2486,#2487,#2488,#2489,#2490),.UNSPECIFIED.,.T.,.F.)
B_SPLINE_CURVE_WITH_KNOTS((3,2,2,2,3),(3.141592654,4.71238898,6.283185307,7.853981634,9.424777961),.UNSPECIFIED.)
CURVE()
GEOMETRIC_REPRESENTATION_ITEM()
RATIONAL_B_SPLINE_CURVE((1.,0.707106781,1.,0.707106781,1.,0.707106781,1.,0.707106781,1.))
REPRESENTATION_ITEM(''));
#2492=EDGE_CURVE('',#2479,#2481,#2491,.T.);
#2493=ORIENTED_EDGE('',*,*,#2492,.F.);
#2494=CARTESIAN_POINT('',(98.5,27.,5.75));
#2495=CARTESIAN_POINT('',(98.5,27.,3.75));
#2496=CARTESIAN_POINT('',(98.5,25.,3.75));
#2497=CARTESIAN_POINT('',(98.5,23.,3.75));
#2498=CARTESIAN_POINT('',(98.5,23.,5.75));
#2499=CARTESIAN_POINT('',(98.5,23.,7.75));
#2500=CARTESIAN_POINT('',(98.5,25.,7.75));
#2501=CARTESIAN_POINT('',(98.5,27.,7.75));
#2502=CARTESIAN_POINT('',(98.5,27.,5.75));
#2503=(BOUNDED_CURVE()
B_SPLINE_CURVE(2,(#2494,#2495,#2496,#2497,#2498,#2499,#2500,#2501,#2502),.UNSPECIFIED.,.T.,.F.)
B_SPLINE_CURVE_WITH_KNOTS((3,2,2,2,3),(3.141592654,4.71238898,6.283185307,7.853981634,9.424777961),.UNSPECIFIED.)
CURVE()
GEOMETRIC_REPRESENTATION_ITEM()
RATIONAL_B_SPLINE_CURVE((1.,0.707106781,1.,0.707106781,1.,0.707106781,1.,0.707106781,1.))
REPRESENTATION_ITEM(''));
#2504=EDGE_CURVE('',#2481,#2479,#2503,.T.);
#2505=ORIENTED_EDGE('',*,*,#2504,.F.);
#2506=EDGE_LOOP('',(#2493,#2505));
#2507=FACE_BOUND('',#2506,.T.);
#2508=ADVANCED_FACE('',(#1997,#2043,#2089,#2135,#2181,#2227,#2273,#2319,#2349,#2379,#2425,#2447,#2477,#2507),#1951,.T.);
#2509=CARTESIAN_POINT('',(100.,-37.5,0.));
#2510=CARTESIAN_POINT('',(-100.,-37.5,0.));
#2511=CARTESIAN_POINT('',(100.,-37.5,61.5));
#2512=CARTESIAN_POINT('',(-100.,-37.5,61.5));
#2513=B_SPLINE_SURFACE_WITH_KNOTS('',1,1,((#2509,#2510),(#2511,#2512)),.UNSPECIFIED.,.F.,.F.,.U.,(2,2),(2,2),(0.,0.0615),(-0.2,0.),.UNSPECIFIED.);
#2514=CARTESIAN_POINT('',(3.63,-37.5,54.));
#2515=VERTEX_POINT('',#2514);
#2516=CARTESIAN_POINT('',(3.63,-37.5,54.));
#2517=CARTESIAN_POINT('',(3.63,-37.5,51.5));
#2518=CARTESIAN_POINT('',(6.13,-37.5,51.5));
#2519=CARTESIAN_POINT('',(8.63,-37.5,51.5));
#2520=CARTESIAN_POINT('',(8.63,-37.5,54.));
#2521=CARTESIAN_POINT('',(8.63,-37.5,56.5));
#2522=CARTESIAN_POINT('',(6.13,-37.5,56.5));
#2523=CARTESIAN_POINT('',(3.63,-37.5,56.5));
#2524=CARTESIAN_POINT('',(3.63,-37.5,54.));
#2525=(BOUNDED_CURVE()
B_SPLINE_CURVE(2,(#2516,#2517,#2518,#2519,#2520,#2521,#2522,#2523,#2524),.UNSPECIFIED.,.T.,.F.)
B_SPLINE_CURVE_WITH_KNOTS((3,2,2,2,3),(4.71238898,6.283185307,7.853981634,9.424777961,10.995574288),.UNSPECIFIED.)
CURVE()
GEOMETRIC_REPRESENTATION_ITEM()
RATIONAL_B_SPLINE_CURVE((1.,0.707106781,1.,0.707106781,1.,0.707106781,1.,0.707106781,1.))
REPRESENTATION_ITEM(''));
#2526=EDGE_CURVE('',#2515,#2515,#2525,.T.);
#2527=ORIENTED_EDGE('',*,*,#2526,.F.);
#2528=EDGE_LOOP('',(#2527));
#2529=FACE_BOUND('',#2528,.T.);
#2530=CARTESIAN_POINT('',(68.63,-37.5,54.));
#2531=VERTEX_POINT('',#2530);
#2532=CARTESIAN_POINT('',(68.63,-37.5,54.));
#2533=CARTESIAN_POINT('',(68.63,-37.5,51.5));
#2534=CARTESIAN_POINT('',(71.13,-37.5,51.5));
#2535=CARTESIAN_POINT('',(73.63,-37.5,51.5));
#2536=CARTESIAN_POINT('',(73.63,-37.5,54.));
#2537=CARTESIAN_POINT('',(73.63,-37.5,56.5));
#2538=CARTESIAN_POINT('',(71.13,-37.5,56.5));
#2539=CARTESIAN_POINT('',(68.63,-37.5,56.5));
#2540=CARTESIAN_POINT('',(68.63,-37.5,54.));
#2541=(BOUNDED_CURVE()
B_SPLINE_CURVE(2,(#2532,#2533,#2534,#2535,#2536,#2537,#2538,#2539,#2540),.UNSPECIFIED.,.T.,.F.)
B_SPLINE_CURVE_WITH_KNOTS((3,2,2,2,3),(4.71238898,6.283185307,7.853981634,9.424777961,10.995574288),.UNSPECIFIED.)
CURVE()
GEOMETRIC_REPRESENTATION_ITEM()
RATIONAL_B_SPLINE_CURVE((1.,0.707106781,1.,0.707106781,1.,0.707106781,1.,0.707106781,1.))
REPRESENTATION_ITEM(''));
#2542=EDGE_CURVE('',#2531,#2531,#2541,.T.);
#2543=ORIENTED_EDGE('',*,*,#2542,.F.);
#2544=EDGE_LOOP('',(#2543));
#2545=FACE_BOUND('',#2544,.T.);
#2546=ORIENTED_EDGE('',*,*,#138,.F.);
#2547=CARTESIAN_POINT('',(58.63,-37.5,51.5));
#2548=VERTEX_POINT('',#2547);
#2549=CARTESIAN_POINT('',(58.63,-37.5,61.5));
#2550=CARTESIAN_POINT('',(58.63,-37.5,51.5));
#2551=B_SPLINE_CURVE_WITH_KNOTS('',1,(#2549,#2550),.UNSPECIFIED.,.F.,.F.,(2,2),(-0.0615,-0.0515),.UNSPECIFIED.);
#2552=EDGE_CURVE('',#127,#2548,#2551,.T.);
#2553=ORIENTED_EDGE('',*,*,#2552,.T.);
#2554=CARTESIAN_POINT('',(18.63,-37.5,51.5));
#2555=VERTEX_POINT('',#2554);
#2556=CARTESIAN_POINT('',(58.63,-37.5,51.5));
#2557=CARTESIAN_POINT('',(18.63,-37.5,51.5));
#2558=B_SPLINE_CURVE_WITH_KNOTS('',1,(#2556,#2557),.UNSPECIFIED.,.F.,.F.,(2,2),(-0.15863,-0.11863),.UNSPECIFIED.);
#2559=EDGE_CURVE('',#2548,#2555,#2558,.T.);
#2560=ORIENTED_EDGE('',*,*,#2559,.T.);
#2561=CARTESIAN_POINT('',(18.63,-37.5,51.5));
#2562=CARTESIAN_POINT('',(18.63,-37.5,61.5));
#2563=B_SPLINE_CURVE_WITH_KNOTS('',1,(#2561,#2562),.UNSPECIFIED.,.F.,.F.,(2,2),(0.0515,0.0615),.UNSPECIFIED.);
#2564=EDGE_CURVE('',#2555,#162,#2563,.T.);
#2565=ORIENTED_EDGE('',*,*,#2564,.T.);
#2566=ORIENTED_EDGE('',*,*,#166,.F.);
#2567=ORIENTED_EDGE('',*,*,#670,.F.);
#2568=CARTESIAN_POINT('',(-100.,-37.5,0.));
#2569=CARTESIAN_POINT('',(100.,-37.5,0.));
#2570=B_SPLINE_CURVE_WITH_KNOTS('',1,(#2568,#2569),.UNSPECIFIED.,.F.,.F.,(2,2),(0.,0.2),.UNSPECIFIED.);
#2571=EDGE_CURVE('',#661,#1865,#2570,.T.);
#2572=ORIENTED_EDGE('',*,*,#2571,.T.);
#2573=ORIENTED_EDGE('',*,*,#1882,.T.);
#2574=EDGE_LOOP('',(#2546,#2553,#2560,#2565,#2566,#2567,#2572,#2573));
#2575=FACE_BOUND('',#2574,.T.);
#2576=ADVANCED_FACE('',(#2529,#2545,#2575),#2513,.T.);
#2577=CARTESIAN_POINT('',(90.5,-36.,1.5));
#2578=CARTESIAN_POINT('',(90.5,-36.,61.5));
#2579=CARTESIAN_POINT('',(-90.5,-36.,1.5));
#2580=CARTESIAN_POINT('',(-90.5,-36.,61.5));
#2581=B_SPLINE_SURFACE_WITH_KNOTS('',1,1,((#2577,#2578),(#2579,#2580)),.UNSPECIFIED.,.F.,.F.,.U.,(2,2),(2,2),(0.008,0.189),(0.,0.06),.UNSPECIFIED.);
#2582=CARTESIAN_POINT('',(3.63,-36.,54.));
#2583=VERTEX_POINT('',#2582);
#2584=CARTESIAN_POINT('',(3.63,-36.,54.));
#2585=CARTESIAN_POINT('',(3.63,-36.,56.5));
#2586=CARTESIAN_POINT('',(6.13,-36.,56.5));
#2587=CARTESIAN_POINT('',(8.63,-36.,56.5));
#2588=CARTESIAN_POINT('',(8.63,-36.,54.));
#2589=CARTESIAN_POINT('',(8.63,-36.,51.5));
#2590=CARTESIAN_POINT('',(6.13,-36.,51.5));
#2591=CARTESIAN_POINT('',(3.63,-36.,51.5));
#2592=CARTESIAN_POINT('',(3.63,-36.,54.));
#2593=(BOUNDED_CURVE()
B_SPLINE_CURVE(2,(#2584,#2585,#2586,#2587,#2588,#2589,#2590,#2591,#2592),.UNSPECIFIED.,.T.,.F.)
B_SPLINE_CURVE_WITH_KNOTS((3,2,2,2,3),(0.,1.570796327,3.141592654,4.71238898,6.283185307),.UNSPECIFIED.)
CURVE()
GEOMETRIC_REPRESENTATION_ITEM()
RATIONAL_B_SPLINE_CURVE((1.,0.707106781,1.,0.707106781,1.,0.707106781,1.,0.707106781,1.))
REPRESENTATION_ITEM(''));
#2594=EDGE_CURVE('',#2583,#2583,#2593,.T.);
#2595=ORIENTED_EDGE('',*,*,#2594,.F.);
#2596=EDGE_LOOP('',(#2595));
#2597=FACE_BOUND('',#2596,.T.);
#2598=CARTESIAN_POINT('',(68.63,-36.,54.));
#2599=VERTEX_POINT('',#2598);
#2600=CARTESIAN_POINT('',(68.63,-36.,54.));
#2601=CARTESIAN_POINT('',(68.63,-36.,56.5));
#2602=CARTESIAN_POINT('',(71.13,-36.,56.5));
#2603=CARTESIAN_POINT('',(73.63,-36.,56.5));
#2604=CARTESIAN_POINT('',(73.63,-36.,54.));
#2605=CARTESIAN_POINT('',(73.63,-36.,51.5));
#2606=CARTESIAN_POINT('',(71.13,-36.,51.5));
#2607=CARTESIAN_POINT('',(68.63,-36.,51.5));
#2608=CARTESIAN_POINT('',(68.63,-36.,54.));
#2609=(BOUNDED_CURVE()
B_SPLINE_CURVE(2,(#2600,#2601,#2602,#2603,#2604,#2605,#2606,#2607,#2608),.UNSPECIFIED.,.T.,.F.)
B_SPLINE_CURVE_WITH_KNOTS((3,2,2,2,3),(0.,1.570796327,3.141592654,4.71238898,6.283185307),.UNSPECIFIED.)
CURVE()
GEOMETRIC_REPRESENTATION_ITEM()
RATIONAL_B_SPLINE_CURVE((1.,0.707106781,1.,0.707106781,1.,0.707106781,1.,0.707106781,1.))
REPRESENTATION_ITEM(''));
#2610=EDGE_CURVE('',#2599,#2599,#2609,.T.);
#2611=ORIENTED_EDGE('',*,*,#2610,.F.);
#2612=EDGE_LOOP('',(#2611));
#2613=FACE_BOUND('',#2612,.T.);
#2614=CARTESIAN_POINT('',(-81.,-36.,1.5));
#2615=VERTEX_POINT('',#2614);
#2616=CARTESIAN_POINT('',(-90.5,-36.,1.5));
#2617=VERTEX_POINT('',#2616);
#2618=CARTESIAN_POINT('',(-81.,-36.,1.5));
#2619=CARTESIAN_POINT('',(-90.5,-36.,1.5));
#2620=B_SPLINE_CURVE_WITH_KNOTS('',1,(#2618,#2619),.UNSPECIFIED.,.F.,.F.,(2,2),(0.1795,0.189),.UNSPECIFIED.);
#2621=EDGE_CURVE('',#2615,#2617,#2620,.T.);
#2622=ORIENTED_EDGE('',*,*,#2621,.T.);
#2623=CARTESIAN_POINT('',(-90.5,-36.,1.5));
#2624=CARTESIAN_POINT('',(-90.5,-36.,61.5));
#2625=B_SPLINE_CURVE_WITH_KNOTS('',1,(#2623,#2624),.UNSPECIFIED.,.F.,.F.,(2,2),(-0.06,0.),.UNSPECIFIED.);
#2626=EDGE_CURVE('',#2617,#176,#2625,.T.);
#2627=ORIENTED_EDGE('',*,*,#2626,.T.);
#2628=ORIENTED_EDGE('',*,*,#180,.F.);
#2629=CARTESIAN_POINT('',(18.63,-36.,51.5));
#2630=VERTEX_POINT('',#2629);
#2631=CARTESIAN_POINT('',(18.63,-36.,61.5));
#2632=CARTESIAN_POINT('',(18.63,-36.,51.5));
#2633=B_SPLINE_CURVE_WITH_KNOTS('',1,(#2631,#2632),.UNSPECIFIED.,.F.,.F.,(2,2),(0.,0.01),.UNSPECIFIED.);
#2634=EDGE_CURVE('',#169,#2630,#2633,.T.);
#2635=ORIENTED_EDGE('',*,*,#2634,.T.);
#2636=CARTESIAN_POINT('',(58.63,-36.,51.5));
#2637=VERTEX_POINT('',#2636);
#2638=CARTESIAN_POINT('',(18.63,-36.,51.5));
#2639=CARTESIAN_POINT('',(58.63,-36.,51.5));
#2640=B_SPLINE_CURVE_WITH_KNOTS('',1,(#2638,#2639),.UNSPECIFIED.,.F.,.F.,(2,2),(0.,0.04),.UNSPECIFIED.);
#2641=EDGE_CURVE('',#2630,#2637,#2640,.T.);
#2642=ORIENTED_EDGE('',*,*,#2641,.T.);
#2643=CARTESIAN_POINT('',(58.63,-36.,51.5));
#2644=CARTESIAN_POINT('',(58.63,-36.,61.5));
#2645=B_SPLINE_CURVE_WITH_KNOTS('',1,(#2643,#2644),.UNSPECIFIED.,.F.,.F.,(2,2),(0.,0.01),.UNSPECIFIED.);
#2646=EDGE_CURVE('',#2637,#120,#2645,.T.);
#2647=ORIENTED_EDGE('',*,*,#2646,.T.);
#2648=ORIENTED_EDGE('',*,*,#124,.F.);
#2649=CARTESIAN_POINT('',(90.5,-36.,1.5));
#2650=VERTEX_POINT('',#2649);
#2651=CARTESIAN_POINT('',(90.5,-36.,61.5));
#2652=CARTESIAN_POINT('',(90.5,-36.,1.5));
#2653=B_SPLINE_CURVE_WITH_KNOTS('',1,(#2651,#2652),.UNSPECIFIED.,.F.,.F.,(2,2),(-0.06,0.),.UNSPECIFIED.);
#2654=EDGE_CURVE('',#113,#2650,#2653,.T.);
#2655=ORIENTED_EDGE('',*,*,#2654,.T.);
#2656=CARTESIAN_POINT('',(45.,-36.,1.5));
#2657=VERTEX_POINT('',#2656);
#2658=CARTESIAN_POINT('',(90.5,-36.,1.5));
#2659=CARTESIAN_POINT('',(45.,-36.,1.5));
#2660=B_SPLINE_CURVE_WITH_KNOTS('',1,(#2658,#2659),.UNSPECIFIED.,.F.,.F.,(2,2),(0.008,0.0535),.UNSPECIFIED.);
#2661=EDGE_CURVE('',#2650,#2657,#2660,.T.);
#2662=ORIENTED_EDGE('',*,*,#2661,.T.);
#2663=CARTESIAN_POINT('',(45.,-36.,5.5));
#2664=VERTEX_POINT('',#2663);
#2665=CARTESIAN_POINT('',(45.,-36.,1.5));
#2666=CARTESIAN_POINT('',(45.,-36.,5.5));
#2667=B_SPLINE_CURVE_WITH_KNOTS('',1,(#2665,#2666),.UNSPECIFIED.,.F.,.F.,(2,2),(0.,0.004),.UNSPECIFIED.);
#2668=EDGE_CURVE('',#2657,#2664,#2667,.T.);
#2669=ORIENTED_EDGE('',*,*,#2668,.T.);
#2670=CARTESIAN_POINT('',(38.,-36.,5.5));
#2671=VERTEX_POINT('',#2670);
#2672=CARTESIAN_POINT('',(38.,-36.,5.5));
#2673=CARTESIAN_POINT('',(45.,-36.,5.5));
#2674=B_SPLINE_CURVE_WITH_KNOTS('',1,(#2672,#2673),.UNSPECIFIED.,.F.,.F.,(2,2),(-0.007,-0.),.UNSPECIFIED.);
#2675=EDGE_CURVE('',#2671,#2664,#2674,.T.);
#2676=ORIENTED_EDGE('',*,*,#2675,.F.);
#2677=CARTESIAN_POINT('',(38.,-36.,1.5));
#2678=VERTEX_POINT('',#2677);
#2679=CARTESIAN_POINT('',(38.,-36.,1.5));
#2680=CARTESIAN_POINT('',(38.,-36.,5.5));
#2681=B_SPLINE_CURVE_WITH_KNOTS('',1,(#2679,#2680),.UNSPECIFIED.,.F.,.F.,(2,2),(0.,0.004),.UNSPECIFIED.);
#2682=EDGE_CURVE('',#2678,#2671,#2681,.T.);
#2683=ORIENTED_EDGE('',*,*,#2682,.F.);
#2684=CARTESIAN_POINT('',(25.63,-36.,1.5));
#2685=VERTEX_POINT('',#2684);
#2686=CARTESIAN_POINT('',(38.,-36.,1.5));
#2687=CARTESIAN_POINT('',(25.63,-36.,1.5));
#2688=B_SPLINE_CURVE_WITH_KNOTS('',1,(#2686,#2687),.UNSPECIFIED.,.F.,.F.,(2,2),(0.0605,0.07287),.UNSPECIFIED.);
#2689=EDGE_CURVE('',#2678,#2685,#2688,.T.);
#2690=ORIENTED_EDGE('',*,*,#2689,.T.);
#2691=CARTESIAN_POINT('',(25.63,-36.,5.5));
#2692=VERTEX_POINT('',#2691);
#2693=CARTESIAN_POINT('',(25.63,-36.,1.5));
#2694=CARTESIAN_POINT('',(25.63,-36.,5.5));
#2695=B_SPLINE_CURVE_WITH_KNOTS('',1,(#2693,#2694),.UNSPECIFIED.,.F.,.F.,(2,2),(0.,0.004),.UNSPECIFIED.);
#2696=EDGE_CURVE('',#2685,#2692,#2695,.T.);
#2697=ORIENTED_EDGE('',*,*,#2696,.T.);
#2698=CARTESIAN_POINT('',(18.63,-36.,5.5));
#2699=VERTEX_POINT('',#2698);
#2700=CARTESIAN_POINT('',(18.63,-36.,5.5));
#2701=CARTESIAN_POINT('',(25.63,-36.,5.5));
#2702=B_SPLINE_CURVE_WITH_KNOTS('',1,(#2700,#2701),.UNSPECIFIED.,.F.,.F.,(2,2),(-0.007,-0.),.UNSPECIFIED.);
#2703=EDGE_CURVE('',#2699,#2692,#2702,.T.);
#2704=ORIENTED_EDGE('',*,*,#2703,.F.);
#2705=CARTESIAN_POINT('',(18.63,-36.,1.5));
#2706=VERTEX_POINT('',#2705);
#2707=CARTESIAN_POINT('',(18.63,-36.,1.5));
#2708=CARTESIAN_POINT('',(18.63,-36.,5.5));
#2709=B_SPLINE_CURVE_WITH_KNOTS('',1,(#2707,#2708),.UNSPECIFIED.,.F.,.F.,(2,2),(0.,0.004),.UNSPECIFIED.);
#2710=EDGE_CURVE('',#2706,#2699,#2709,.T.);
#2711=ORIENTED_EDGE('',*,*,#2710,.F.);
#2712=CARTESIAN_POINT('',(-10.5,-36.,1.5));
#2713=VERTEX_POINT('',#2712);
#2714=CARTESIAN_POINT('',(18.63,-36.,1.5));
#2715=CARTESIAN_POINT('',(-10.5,-36.,1.5));
#2716=B_SPLINE_CURVE_WITH_KNOTS('',1,(#2714,#2715),.UNSPECIFIED.,.F.,.F.,(2,2),(0.07987,0.109),.UNSPECIFIED.);
#2717=EDGE_CURVE('',#2706,#2713,#2716,.T.);
#2718=ORIENTED_EDGE('',*,*,#2717,.T.);
#2719=CARTESIAN_POINT('',(-10.5,-36.,5.5));
#2720=VERTEX_POINT('',#2719);
#2721=CARTESIAN_POINT('',(-10.5,-36.,1.5));
#2722=CARTESIAN_POINT('',(-10.5,-36.,5.5));
#2723=B_SPLINE_CURVE_WITH_KNOTS('',1,(#2721,#2722),.UNSPECIFIED.,.F.,.F.,(2,2),(0.,0.004),.UNSPECIFIED.);
#2724=EDGE_CURVE('',#2713,#2720,#2723,.T.);
#2725=ORIENTED_EDGE('',*,*,#2724,.T.);
#2726=CARTESIAN_POINT('',(-16.5,-36.,5.5));
#2727=VERTEX_POINT('',#2726);
#2728=CARTESIAN_POINT('',(-10.5,-36.,5.5));
#2729=CARTESIAN_POINT('',(-16.5,-36.,5.5));
#2730=B_SPLINE_CURVE_WITH_KNOTS('',1,(#2728,#2729),.UNSPECIFIED.,.F.,.F.,(2,2),(0.,0.006),.UNSPECIFIED.);
#2731=EDGE_CURVE('',#2720,#2727,#2730,.T.);
#2732=ORIENTED_EDGE('',*,*,#2731,.T.);
#2733=CARTESIAN_POINT('',(-16.5,-36.,1.5));
#2734=VERTEX_POINT('',#2733);
#2735=CARTESIAN_POINT('',(-16.5,-36.,1.5));
#2736=CARTESIAN_POINT('',(-16.5,-36.,5.5));
#2737=B_SPLINE_CURVE_WITH_KNOTS('',1,(#2735,#2736),.UNSPECIFIED.,.F.,.F.,(2,2),(0.,0.004),.UNSPECIFIED.);
#2738=EDGE_CURVE('',#2734,#2727,#2737,.T.);
#2739=ORIENTED_EDGE('',*,*,#2738,.F.);
#2740=CARTESIAN_POINT('',(-49.,-36.,1.5));
#2741=VERTEX_POINT('',#2740);
#2742=CARTESIAN_POINT('',(-16.5,-36.,1.5));
#2743=CARTESIAN_POINT('',(-49.,-36.,1.5));
#2744=B_SPLINE_CURVE_WITH_KNOTS('',1,(#2742,#2743),.UNSPECIFIED.,.F.,.F.,(2,2),(0.115,0.1475),.UNSPECIFIED.);
#2745=EDGE_CURVE('',#2734,#2741,#2744,.T.);
#2746=ORIENTED_EDGE('',*,*,#2745,.T.);
#2747=CARTESIAN_POINT('',(-49.,-36.,5.5));
#2748=VERTEX_POINT('',#2747);
#2749=CARTESIAN_POINT('',(-49.,-36.,1.5));
#2750=CARTESIAN_POINT('',(-49.,-36.,5.5));
#2751=B_SPLINE_CURVE_WITH_KNOTS('',1,(#2749,#2750),.UNSPECIFIED.,.F.,.F.,(2,2),(0.,0.004),.UNSPECIFIED.);
#2752=EDGE_CURVE('',#2741,#2748,#2751,.T.);
#2753=ORIENTED_EDGE('',*,*,#2752,.T.);
#2754=CARTESIAN_POINT('',(-55.,-36.,5.5));
#2755=VERTEX_POINT('',#2754);
#2756=CARTESIAN_POINT('',(-49.,-36.,5.5));
#2757=CARTESIAN_POINT('',(-55.,-36.,5.5));
#2758=B_SPLINE_CURVE_WITH_KNOTS('',1,(#2756,#2757),.UNSPECIFIED.,.F.,.F.,(2,2),(0.,0.006),.UNSPECIFIED.);
#2759=EDGE_CURVE('',#2748,#2755,#2758,.T.);
#2760=ORIENTED_EDGE('',*,*,#2759,.T.);
#2761=CARTESIAN_POINT('',(-55.,-36.,1.5));
#2762=VERTEX_POINT('',#2761);
#2763=CARTESIAN_POINT('',(-55.,-36.,1.5));
#2764=CARTESIAN_POINT('',(-55.,-36.,5.5));
#2765=B_SPLINE_CURVE_WITH_KNOTS('',1,(#2763,#2764),.UNSPECIFIED.,.F.,.F.,(2,2),(0.,0.004),.UNSPECIFIED.);
#2766=EDGE_CURVE('',#2762,#2755,#2765,.T.);
#2767=ORIENTED_EDGE('',*,*,#2766,.F.);
#2768=CARTESIAN_POINT('',(-75.,-36.,1.5));
#2769=VERTEX_POINT('',#2768);
#2770=CARTESIAN_POINT('',(-55.,-36.,1.5));
#2771=CARTESIAN_POINT('',(-75.,-36.,1.5));
#2772=B_SPLINE_CURVE_WITH_KNOTS('',1,(#2770,#2771),.UNSPECIFIED.,.F.,.F.,(2,2),(0.1535,0.1735),.UNSPECIFIED.);
#2773=EDGE_CURVE('',#2762,#2769,#2772,.T.);
#2774=ORIENTED_EDGE('',*,*,#2773,.T.);
#2775=CARTESIAN_POINT('',(-75.,-36.,5.5));
#2776=VERTEX_POINT('',#2775);
#2777=CARTESIAN_POINT('',(-75.,-36.,1.5));
#2778=CARTESIAN_POINT('',(-75.,-36.,5.5));
#2779=B_SPLINE_CURVE_WITH_KNOTS('',1,(#2777,#2778),.UNSPECIFIED.,.F.,.F.,(2,2),(0.,0.004),.UNSPECIFIED.);
#2780=EDGE_CURVE('',#2769,#2776,#2779,.T.);
#2781=ORIENTED_EDGE('',*,*,#2780,.T.);
#2782=CARTESIAN_POINT('',(-81.,-36.,5.5));
#2783=VERTEX_POINT('',#2782);
#2784=CARTESIAN_POINT('',(-81.,-36.,5.5));
#2785=CARTESIAN_POINT('',(-75.,-36.,5.5));
#2786=B_SPLINE_CURVE_WITH_KNOTS('',1,(#2784,#2785),.UNSPECIFIED.,.F.,.F.,(2,2),(0.,0.006),.UNSPECIFIED.);
#2787=EDGE_CURVE('',#2783,#2776,#2786,.T.);
#2788=ORIENTED_EDGE('',*,*,#2787,.F.);
#2789=CARTESIAN_POINT('',(-81.,-36.,1.5));
#2790=CARTESIAN_POINT('',(-81.,-36.,5.5));
#2791=B_SPLINE_CURVE_WITH_KNOTS('',1,(#2789,#2790),.UNSPECIFIED.,.F.,.F.,(2,2),(0.,0.004),.UNSPECIFIED.);
#2792=EDGE_CURVE('',#2615,#2783,#2791,.T.);
#2793=ORIENTED_EDGE('',*,*,#2792,.F.);
#2794=EDGE_LOOP('',(#2622,#2627,#2628,#2635,#2642,#2647,#2648,#2655,#2662,#2669,#2676,#2683,#2690,#2697,#2704,#2711,#2718,#2725,#2732,#2739,#2746,#2753,#2760,#2767,#2774,#2781,
#2788,#2793));
#2795=FACE_BOUND('',#2794,.T.);
#2796=ADVANCED_FACE('',(#2597,#2613,#2795),#2581,.T.);
#2797=CARTESIAN_POINT('',(-100.,37.5,0.));
#2798=CARTESIAN_POINT('',(100.,37.5,0.));
#2799=CARTESIAN_POINT('',(-100.,37.5,61.5));
#2800=CARTESIAN_POINT('',(100.,37.5,61.5));
#2801=B_SPLINE_SURFACE_WITH_KNOTS('',1,1,((#2797,#2798),(#2799,#2800)),.UNSPECIFIED.,.F.,.F.,.U.,(2,2),(2,2),(0.,0.0615),(-0.2,0.),.UNSPECIFIED.);
#2802=CARTESIAN_POINT('',(2.5,37.5,0.));
#2803=VERTEX_POINT('',#2802);
#2804=CARTESIAN_POINT('',(100.,37.5,0.));
#2805=CARTESIAN_POINT('',(2.5,37.5,0.));
#2806=B_SPLINE_CURVE_WITH_KNOTS('',1,(#2804,#2805),.UNSPECIFIED.,.F.,.F.,(2,2),(0.,0.0975),.UNSPECIFIED.);
#2807=EDGE_CURVE('',#1867,#2803,#2806,.T.);
#2808=ORIENTED_EDGE('',*,*,#2807,.T.);
#2809=CARTESIAN_POINT('',(2.5,37.5,5.));
#2810=VERTEX_POINT('',#2809);
#2811=CARTESIAN_POINT('',(2.5,37.5,0.));
#2812=CARTESIAN_POINT('',(2.5,37.5,5.));
#2813=B_SPLINE_CURVE_WITH_KNOTS('',1,(#2811,#2812),.UNSPECIFIED.,.F.,.F.,(2,2),(0.,0.005),.UNSPECIFIED.);
#2814=EDGE_CURVE('',#2803,#2810,#2813,.T.);
#2815=ORIENTED_EDGE('',*,*,#2814,.T.);
#2816=CARTESIAN_POINT('',(2.5,37.5,5.));
#2817=CARTESIAN_POINT('',(-100.,37.5,5.));
#2818=B_SPLINE_CURVE_WITH_KNOTS('',1,(#2816,#2817),.UNSPECIFIED.,.F.,.F.,(2,2),(0.0975,0.2),.UNSPECIFIED.);
#2819=EDGE_CURVE('',#2810,#674,#2818,.T.);
#2820=ORIENTED_EDGE('',*,*,#2819,.T.);
#2821=ORIENTED_EDGE('',*,*,#678,.T.);
#2822=ORIENTED_EDGE('',*,*,#152,.F.);
#2823=ORIENTED_EDGE('',*,*,#1876,.F.);
#2824=EDGE_LOOP('',(#2808,#2815,#2820,#2821,#2822,#2823));
#2825=FACE_BOUND('',#2824,.T.);
#2826=CARTESIAN_POINT('',(59.5,37.5,6.6));
#2827=VERTEX_POINT('',#2826);
#2828=CARTESIAN_POINT('',(59.5,37.5,19.6));
#2829=VERTEX_POINT('',#2828);
#2830=CARTESIAN_POINT('',(59.5,37.5,6.6));
#2831=CARTESIAN_POINT('',(59.5,37.5,19.6));
#2832=B_SPLINE_CURVE_WITH_KNOTS('',1,(#2830,#2831),.UNSPECIFIED.,.F.,.F.,(2,2),(0.,0.013),.UNSPECIFIED.);
#2833=EDGE_CURVE('',#2827,#2829,#2832,.T.);
#2834=ORIENTED_EDGE('',*,*,#2833,.T.);
#2835=CARTESIAN_POINT('',(46.5,37.5,19.6));
#2836=VERTEX_POINT('',#2835);
#2837=CARTESIAN_POINT('',(59.5,37.5,19.6));
#2838=CARTESIAN_POINT('',(46.5,37.5,19.6));
#2839=B_SPLINE_CURVE_WITH_KNOTS('',1,(#2837,#2838),.UNSPECIFIED.,.F.,.F.,(2,2),(-0.,0.013),.UNSPECIFIED.);
#2840=EDGE_CURVE('',#2829,#2836,#2839,.T.);
#2841=ORIENTED_EDGE('',*,*,#2840,.T.);
#2842=CARTESIAN_POINT('',(46.5,37.5,6.6));
#2843=VERTEX_POINT('',#2842);
#2844=CARTESIAN_POINT('',(46.5,37.5,19.6));
#2845=CARTESIAN_POINT('',(46.5,37.5,6.6));
#2846=B_SPLINE_CURVE_WITH_KNOTS('',1,(#2844,#2845),.UNSPECIFIED.,.F.,.F.,(2,2),(0.,0.013),.UNSPECIFIED.);
#2847=EDGE_CURVE('',#2836,#2843,#2846,.T.);
#2848=ORIENTED_EDGE('',*,*,#2847,.T.);
#2849=CARTESIAN_POINT('',(46.5,37.5,6.6));
#2850=CARTESIAN_POINT('',(59.5,37.5,6.6));
#2851=B_SPLINE_CURVE_WITH_KNOTS('',1,(#2849,#2850),.UNSPECIFIED.,.F.,.F.,(2,2),(-0.,0.013),.UNSPECIFIED.);
#2852=EDGE_CURVE('',#2843,#2827,#2851,.T.);
#2853=ORIENTED_EDGE('',*,*,#2852,.T.);
#2854=EDGE_LOOP('',(#2834,#2841,#2848,#2853));
#2855=FACE_BOUND('',#2854,.T.);
#2856=CARTESIAN_POINT('',(27.5,37.5,6.6));
#2857=VERTEX_POINT('',#2856);
#2858=CARTESIAN_POINT('',(27.5,37.5,19.6));
#2859=VERTEX_POINT('',#2858);
#2860=CARTESIAN_POINT('',(27.5,37.5,6.6));
#2861=CARTESIAN_POINT('',(27.5,37.5,19.6));
#2862=B_SPLINE_CURVE_WITH_KNOTS('',1,(#2860,#2861),.UNSPECIFIED.,.F.,.F.,(2,2),(0.,0.013),.UNSPECIFIED.);
#2863=EDGE_CURVE('',#2857,#2859,#2862,.T.);
#2864=ORIENTED_EDGE('',*,*,#2863,.T.);
#2865=CARTESIAN_POINT('',(17.5,37.5,19.6));
#2866=VERTEX_POINT('',#2865);
#2867=CARTESIAN_POINT('',(27.5,37.5,19.6));
#2868=CARTESIAN_POINT('',(17.5,37.5,19.6));
#2869=B_SPLINE_CURVE_WITH_KNOTS('',1,(#2867,#2868),.UNSPECIFIED.,.F.,.F.,(2,2),(0.,0.01),.UNSPECIFIED.);
#2870=EDGE_CURVE('',#2859,#2866,#2869,.T.);
#2871=ORIENTED_EDGE('',*,*,#2870,.T.);
#2872=CARTESIAN_POINT('',(17.5,37.5,6.6));
#2873=VERTEX_POINT('',#2872);
#2874=CARTESIAN_POINT('',(17.5,37.5,19.6));
#2875=CARTESIAN_POINT('',(17.5,37.5,6.6));
#2876=B_SPLINE_CURVE_WITH_KNOTS('',1,(#2874,#2875),.UNSPECIFIED.,.F.,.F.,(2,2),(0.,0.013),.UNSPECIFIED.);
#2877=EDGE_CURVE('',#2866,#2873,#2876,.T.);
#2878=ORIENTED_EDGE('',*,*,#2877,.T.);
#2879=CARTESIAN_POINT('',(17.5,37.5,6.6));
#2880=CARTESIAN_POINT('',(27.5,37.5,6.6));
#2881=B_SPLINE_CURVE_WITH_KNOTS('',1,(#2879,#2880),.UNSPECIFIED.,.F.,.F.,(2,2),(-0.,0.01),.UNSPECIFIED.);
#2882=EDGE_CURVE('',#2873,#2857,#2881,.T.);
#2883=ORIENTED_EDGE('',*,*,#2882,.T.);
#2884=EDGE_LOOP('',(#2864,#2871,#2878,#2883));
#2885=FACE_BOUND('',#2884,.T.);
#2886=ADVANCED_FACE('',(#2825,#2855,#2885),#2801,.T.);
#2887=CARTESIAN_POINT('',(-90.5,36.,1.5));
#2888=CARTESIAN_POINT('',(-90.5,36.,61.5));
#2889=CARTESIAN_POINT('',(90.5,36.,1.5));
#2890=CARTESIAN_POINT('',(90.5,36.,61.5));
#2891=B_SPLINE_SURFACE_WITH_KNOTS('',1,1,((#2887,#2888),(#2889,#2890)),.UNSPECIFIED.,.F.,.F.,.U.,(2,2),(2,2),(0.008,0.189),(0.,0.06),.UNSPECIFIED.);
#2892=ORIENTED_EDGE('',*,*,#222,.F.);
#2893=CARTESIAN_POINT('',(-90.5,36.,1.5));
#2894=VERTEX_POINT('',#2893);
#2895=CARTESIAN_POINT('',(-90.5,36.,61.5));
#2896=CARTESIAN_POINT('',(-90.5,36.,1.5));
#2897=B_SPLINE_CURVE_WITH_KNOTS('',1,(#2895,#2896),.UNSPECIFIED.,.F.,.F.,(2,2),(-0.06,0.),.UNSPECIFIED.);
#2898=EDGE_CURVE('',#211,#2894,#2897,.T.);
#2899=ORIENTED_EDGE('',*,*,#2898,.T.);
#2900=CARTESIAN_POINT('',(-16.5,36.,1.5));
#2901=VERTEX_POINT('',#2900);
#2902=CARTESIAN_POINT('',(-90.5,36.,1.5));
#2903=CARTESIAN_POINT('',(-16.5,36.,1.5));
#2904=B_SPLINE_CURVE_WITH_KNOTS('',1,(#2902,#2903),.UNSPECIFIED.,.F.,.F.,(2,2),(0.008,0.082),.UNSPECIFIED.);
#2905=EDGE_CURVE('',#2894,#2901,#2904,.T.);
#2906=ORIENTED_EDGE('',*,*,#2905,.T.);
#2907=CARTESIAN_POINT('',(-16.5,36.,5.5));
#2908=VERTEX_POINT('',#2907);
#2909=CARTESIAN_POINT('',(-16.5,36.,1.5));
#2910=CARTESIAN_POINT('',(-16.5,36.,5.5));
#2911=B_SPLINE_CURVE_WITH_KNOTS('',1,(#2909,#2910),.UNSPECIFIED.,.F.,.F.,(2,2),(0.,0.004),.UNSPECIFIED.);
#2912=EDGE_CURVE('',#2901,#2908,#2911,.T.);
#2913=ORIENTED_EDGE('',*,*,#2912,.T.);
#2914=CARTESIAN_POINT('',(-10.5,36.,5.5));
#2915=VERTEX_POINT('',#2914);
#2916=CARTESIAN_POINT('',(-16.5,36.,5.5));
#2917=CARTESIAN_POINT('',(-10.5,36.,5.5));
#2918=B_SPLINE_CURVE_WITH_KNOTS('',1,(#2916,#2917),.UNSPECIFIED.,.F.,.F.,(2,2),(0.,0.006),.UNSPECIFIED.);
#2919=EDGE_CURVE('',#2908,#2915,#2918,.T.);
#2920=ORIENTED_EDGE('',*,*,#2919,.T.);
#2921=CARTESIAN_POINT('',(-10.5,36.,1.5));
#2922=VERTEX_POINT('',#2921);
#2923=CARTESIAN_POINT('',(-10.5,36.,1.5));
#2924=CARTESIAN_POINT('',(-10.5,36.,5.5));
#2925=B_SPLINE_CURVE_WITH_KNOTS('',1,(#2923,#2924),.UNSPECIFIED.,.F.,.F.,(2,2),(0.,0.004),.UNSPECIFIED.);
#2926=EDGE_CURVE('',#2922,#2915,#2925,.T.);
#2927=ORIENTED_EDGE('',*,*,#2926,.F.);
#2928=CARTESIAN_POINT('',(90.5,36.,1.5));
#2929=VERTEX_POINT('',#2928);
#2930=CARTESIAN_POINT('',(-10.5,36.,1.5));
#2931=CARTESIAN_POINT('',(90.5,36.,1.5));
#2932=B_SPLINE_CURVE_WITH_KNOTS('',1,(#2930,#2931),.UNSPECIFIED.,.F.,.F.,(2,2),(0.088,0.189),.UNSPECIFIED.);
#2933=EDGE_CURVE('',#2922,#2929,#2932,.T.);
#2934=ORIENTED_EDGE('',*,*,#2933,.T.);
#2935=CARTESIAN_POINT('',(90.5,36.,1.5));
#2936=CARTESIAN_POINT('',(90.5,36.,61.5));
#2937=B_SPLINE_CURVE_WITH_KNOTS('',1,(#2935,#2936),.UNSPECIFIED.,.F.,.F.,(2,2),(-0.06,0.),.UNSPECIFIED.);
#2938=EDGE_CURVE('',#2929,#218,#2937,.T.);
#2939=ORIENTED_EDGE('',*,*,#2938,.T.);
#2940=EDGE_LOOP('',(#2892,#2899,#2906,#2913,#2920,#2927,#2934,#2939));
#2941=FACE_BOUND('',#2940,.T.);
#2942=CARTESIAN_POINT('',(46.5,36.,6.6));
#2943=VERTEX_POINT('',#2942);
#2944=CARTESIAN_POINT('',(46.5,36.,19.6));
#2945=VERTEX_POINT('',#2944);
#2946=CARTESIAN_POINT('',(46.5,36.,6.6));
#2947=CARTESIAN_POINT('',(46.5,36.,19.6));
#2948=B_SPLINE_CURVE_WITH_KNOTS('',1,(#2946,#2947),.UNSPECIFIED.,.F.,.F.,(2,2),(0.0051,0.0181),.UNSPECIFIED.);
#2949=EDGE_CURVE('',#2943,#2945,#2948,.T.);
#2950=ORIENTED_EDGE('',*,*,#2949,.T.);
#2951=CARTESIAN_POINT('',(59.5,36.,19.6));
#2952=VERTEX_POINT('',#2951);
#2953=CARTESIAN_POINT('',(46.5,36.,19.6));
#2954=CARTESIAN_POINT('',(59.5,36.,19.6));
#2955=B_SPLINE_CURVE_WITH_KNOTS('',1,(#2953,#2954),.UNSPECIFIED.,.F.,.F.,(2,2),(0.145,0.158),.UNSPECIFIED.);
#2956=EDGE_CURVE('',#2945,#2952,#2955,.T.);
#2957=ORIENTED_EDGE('',*,*,#2956,.T.);
#2958=CARTESIAN_POINT('',(59.5,36.,6.6));
#2959=VERTEX_POINT('',#2958);
#2960=CARTESIAN_POINT('',(59.5,36.,19.6));
#2961=CARTESIAN_POINT('',(59.5,36.,6.6));
#2962=B_SPLINE_CURVE_WITH_KNOTS('',1,(#2960,#2961),.UNSPECIFIED.,.F.,.F.,(2,2),(-0.0181,-0.0051),.UNSPECIFIED.);
#2963=EDGE_CURVE('',#2952,#2959,#2962,.T.);
#2964=ORIENTED_EDGE('',*,*,#2963,.T.);
#2965=CARTESIAN_POINT('',(59.5,36.,6.6));
#2966=CARTESIAN_POINT('',(46.5,36.,6.6));
#2967=B_SPLINE_CURVE_WITH_KNOTS('',1,(#2965,#2966),.UNSPECIFIED.,.F.,.F.,(2,2),(-0.158,-0.145),.UNSPECIFIED.);
#2968=EDGE_CURVE('',#2959,#2943,#2967,.T.);
#2969=ORIENTED_EDGE('',*,*,#2968,.T.);
#2970=EDGE_LOOP('',(#2950,#2957,#2964,#2969));
#2971=FACE_BOUND('',#2970,.T.);
#2972=CARTESIAN_POINT('',(17.5,36.,6.6));
#2973=VERTEX_POINT('',#2972);
#2974=CARTESIAN_POINT('',(17.5,36.,19.6));
#2975=VERTEX_POINT('',#2974);
#2976=CARTESIAN_POINT('',(17.5,36.,6.6));
#2977=CARTESIAN_POINT('',(17.5,36.,19.6));
#2978=B_SPLINE_CURVE_WITH_KNOTS('',1,(#2976,#2977),.UNSPECIFIED.,.F.,.F.,(2,2),(0.0051,0.0181),.UNSPECIFIED.);
#2979=EDGE_CURVE('',#2973,#2975,#2978,.T.);
#2980=ORIENTED_EDGE('',*,*,#2979,.T.);
#2981=CARTESIAN_POINT('',(27.5,36.,19.6));
#2982=VERTEX_POINT('',#2981);
#2983=CARTESIAN_POINT('',(17.5,36.,19.6));
#2984=CARTESIAN_POINT('',(27.5,36.,19.6));
#2985=B_SPLINE_CURVE_WITH_KNOTS('',1,(#2983,#2984),.UNSPECIFIED.,.F.,.F.,(2,2),(0.116,0.126),.UNSPECIFIED.);
#2986=EDGE_CURVE('',#2975,#2982,#2985,.T.);
#2987=ORIENTED_EDGE('',*,*,#2986,.T.);
#2988=CARTESIAN_POINT('',(27.5,36.,6.6));
#2989=VERTEX_POINT('',#2988);
#2990=CARTESIAN_POINT('',(27.5,36.,19.6));
#2991=CARTESIAN_POINT('',(27.5,36.,6.6));
#2992=B_SPLINE_CURVE_WITH_KNOTS('',1,(#2990,#2991),.UNSPECIFIED.,.F.,.F.,(2,2),(-0.0181,-0.0051),.UNSPECIFIED.);
#2993=EDGE_CURVE('',#2982,#2989,#2992,.T.);
#2994=ORIENTED_EDGE('',*,*,#2993,.T.);
#2995=CARTESIAN_POINT('',(27.5,36.,6.6));
#2996=CARTESIAN_POINT('',(17.5,36.,6.6));
#2997=B_SPLINE_CURVE_WITH_KNOTS('',1,(#2995,#2996),.UNSPECIFIED.,.F.,.F.,(2,2),(-0.126,-0.116),.UNSPECIFIED.);
#2998=EDGE_CURVE('',#2989,#2973,#2997,.T.);
#2999=ORIENTED_EDGE('',*,*,#2998,.T.);
#3000=EDGE_LOOP('',(#2980,#2987,#2994,#2999));
#3001=FACE_BOUND('',#3000,.T.);
#3002=ADVANCED_FACE('',(#2941,#2971,#3001),#2891,.T.);
#3003=CARTESIAN_POINT('',(-98.5,36.,1.5));
#3004=CARTESIAN_POINT('',(-98.5,-36.,1.5));
#3005=CARTESIAN_POINT('',(98.5,36.,1.5));
#3006=CARTESIAN_POINT('',(98.5,-36.,1.5));
#3007=B_SPLINE_SURFACE_WITH_KNOTS('',1,1,((#3003,#3004),(#3005,#3006)),.UNSPECIFIED.,.F.,.F.,.U.,(2,2),(2,2),(-0.0985,0.0985),(-0.036,0.036),.UNSPECIFIED.);
#3008=ORIENTED_EDGE('',*,*,#2439,.F.);
#3009=CARTESIAN_POINT('',(96.,30.5,1.5));
#3010=VERTEX_POINT('',#3009);
#3011=CARTESIAN_POINT('',(98.5,30.5,1.5));
#3012=CARTESIAN_POINT('',(96.,30.5,1.5));
#3013=B_SPLINE_CURVE_WITH_KNOTS('',1,(#3011,#3012),.UNSPECIFIED.,.F.,.F.,(2,2),(0.,0.0025),.UNSPECIFIED.);
#3014=EDGE_CURVE('',#2428,#3010,#3013,.T.);
#3015=ORIENTED_EDGE('',*,*,#3014,.T.);
#3016=CARTESIAN_POINT('',(96.,30.5,1.5));
#3017=CARTESIAN_POINT('',(90.5,36.,1.5));
#3018=B_SPLINE_CURVE_WITH_KNOTS('',1,(#3016,#3017),.UNSPECIFIED.,.F.,.F.,(2,2),(0.,0.007778175),.UNSPECIFIED.);
#3019=EDGE_CURVE('',#3010,#2929,#3018,.T.);
#3020=ORIENTED_EDGE('',*,*,#3019,.T.);
#3021=ORIENTED_EDGE('',*,*,#2933,.F.);
#3022=CARTESIAN_POINT('',(-10.5,31.5,1.5));
#3023=VERTEX_POINT('',#3022);
#3024=CARTESIAN_POINT('',(-10.5,36.,1.5));
#3025=CARTESIAN_POINT('',(-10.5,31.5,1.5));
#3026=B_SPLINE_CURVE_WITH_KNOTS('',1,(#3024,#3025),.UNSPECIFIED.,.F.,.F.,(2,2),(0.,0.0045),.UNSPECIFIED.);
#3027=EDGE_CURVE('',#2922,#3023,#3026,.T.);
#3028=ORIENTED_EDGE('',*,*,#3027,.T.);
#3029=CARTESIAN_POINT('',(-16.5,31.5,1.5));
#3030=VERTEX_POINT('',#3029);
#3031=CARTESIAN_POINT('',(-10.5,31.5,1.5));
#3032=CARTESIAN_POINT('',(-10.5,28.5,1.5));
#3033=CARTESIAN_POINT('',(-13.5,28.5,1.5));
#3034=CARTESIAN_POINT('',(-16.5,28.5,1.5));
#3035=CARTESIAN_POINT('',(-16.5,31.5,1.5));
#3036=(BOUNDED_CURVE()
B_SPLINE_CURVE(2,(#3031,#3032,#3033,#3034,#3035),.UNSPECIFIED.,.F.,.F.)
B_SPLINE_CURVE_WITH_KNOTS((3,2,3),(3.141592654,4.71238898,6.283185307),.UNSPECIFIED.)
CURVE()
GEOMETRIC_REPRESENTATION_ITEM()
RATIONAL_B_SPLINE_CURVE((1.,0.707106781,1.,0.707106781,1.))
REPRESENTATION_ITEM(''));
#3037=EDGE_CURVE('',#3023,#3030,#3036,.T.);
#3038=ORIENTED_EDGE('',*,*,#3037,.T.);
#3039=CARTESIAN_POINT('',(-16.5,31.5,1.5));
#3040=CARTESIAN_POINT('',(-16.5,36.,1.5));
#3041=B_SPLINE_CURVE_WITH_KNOTS('',1,(#3039,#3040),.UNSPECIFIED.,.F.,.F.,(2,2),(0.,0.0045),.UNSPECIFIED.);
#3042=EDGE_CURVE('',#3030,#2901,#3041,.T.);
#3043=ORIENTED_EDGE('',*,*,#3042,.T.);
#3044=ORIENTED_EDGE('',*,*,#2905,.F.);
#3045=CARTESIAN_POINT('',(-96.,30.5,1.5));
#3046=VERTEX_POINT('',#3045);
#3047=CARTESIAN_POINT('',(-90.5,36.,1.5));
#3048=CARTESIAN_POINT('',(-96.,30.5,1.5));
#3049=B_SPLINE_CURVE_WITH_KNOTS('',1,(#3047,#3048),.UNSPECIFIED.,.F.,.F.,(2,2),(0.003535534,0.011313708),.UNSPECIFIED.);
#3050=EDGE_CURVE('',#2894,#3046,#3049,.T.);
#3051=ORIENTED_EDGE('',*,*,#3050,.T.);
#3052=CARTESIAN_POINT('',(-96.,30.5,1.5));
#3053=CARTESIAN_POINT('',(-98.5,30.5,1.5));
#3054=B_SPLINE_CURVE_WITH_KNOTS('',1,(#3052,#3053),.UNSPECIFIED.,.F.,.F.,(2,2),(0.0075,0.01),.UNSPECIFIED.);
#3055=EDGE_CURVE('',#3046,#1245,#3054,.T.);
#3056=ORIENTED_EDGE('',*,*,#3055,.T.);
#3057=ORIENTED_EDGE('',*,*,#1249,.F.);
#3058=CARTESIAN_POINT('',(-96.,-30.5,1.5));
#3059=VERTEX_POINT('',#3058);
#3060=CARTESIAN_POINT('',(-96.,-30.5,1.5));
#3061=CARTESIAN_POINT('',(-98.5,-30.5,1.5));
#3062=B_SPLINE_CURVE_WITH_KNOTS('',1,(#3060,#3061),.UNSPECIFIED.,.F.,.F.,(2,2),(0.0075,0.01),.UNSPECIFIED.);
#3063=EDGE_CURVE('',#3059,#1243,#3062,.T.);
#3064=ORIENTED_EDGE('',*,*,#3063,.F.);
#3065=CARTESIAN_POINT('',(-96.,-30.5,1.5));
#3066=CARTESIAN_POINT('',(-90.5,-36.,1.5));
#3067=B_SPLINE_CURVE_WITH_KNOTS('',1,(#3065,#3066),.UNSPECIFIED.,.F.,.F.,(2,2),(0.,0.007778175),.UNSPECIFIED.);
#3068=EDGE_CURVE('',#3059,#2617,#3067,.T.);
#3069=ORIENTED_EDGE('',*,*,#3068,.T.);
#3070=ORIENTED_EDGE('',*,*,#2621,.F.);
#3071=CARTESIAN_POINT('',(-81.,-31.5,1.5));
#3072=VERTEX_POINT('',#3071);
#3073=CARTESIAN_POINT('',(-81.,-31.5,1.5));
#3074=CARTESIAN_POINT('',(-81.,-36.,1.5));
#3075=B_SPLINE_CURVE_WITH_KNOTS('',1,(#3073,#3074),.UNSPECIFIED.,.F.,.F.,(2,2),(0.,0.0045),.UNSPECIFIED.);
#3076=EDGE_CURVE('',#3072,#2615,#3075,.T.);
#3077=ORIENTED_EDGE('',*,*,#3076,.F.);
#3078=CARTESIAN_POINT('',(-75.,-31.5,1.5));
#3079=VERTEX_POINT('',#3078);
#3080=CARTESIAN_POINT('',(-75.,-31.5,1.5));
#3081=CARTESIAN_POINT('',(-75.,-28.5,1.5));
#3082=CARTESIAN_POINT('',(-78.,-28.5,1.5));
#3083=CARTESIAN_POINT('',(-81.,-28.5,1.5));
#3084=CARTESIAN_POINT('',(-81.,-31.5,1.5));
#3085=(BOUNDED_CURVE()
B_SPLINE_CURVE(2,(#3080,#3081,#3082,#3083,#3084),.UNSPECIFIED.,.F.,.F.)
B_SPLINE_CURVE_WITH_KNOTS((3,2,3),(3.141592654,4.71238898,6.283185307),.UNSPECIFIED.)
CURVE()
GEOMETRIC_REPRESENTATION_ITEM()
RATIONAL_B_SPLINE_CURVE((1.,0.707106781,1.,0.707106781,1.))
REPRESENTATION_ITEM(''));
#3086=EDGE_CURVE('',#3079,#3072,#3085,.T.);
#3087=ORIENTED_EDGE('',*,*,#3086,.F.);
#3088=CARTESIAN_POINT('',(-75.,-36.,1.5));
#3089=CARTESIAN_POINT('',(-75.,-31.5,1.5));
#3090=B_SPLINE_CURVE_WITH_KNOTS('',1,(#3088,#3089),.UNSPECIFIED.,.F.,.F.,(2,2),(0.,0.0045),.UNSPECIFIED.);
#3091=EDGE_CURVE('',#2769,#3079,#3090,.T.);
#3092=ORIENTED_EDGE('',*,*,#3091,.F.);
#3093=ORIENTED_EDGE('',*,*,#2773,.F.);
#3094=CARTESIAN_POINT('',(-55.,-31.5,1.5));
#3095=VERTEX_POINT('',#3094);
#3096=CARTESIAN_POINT('',(-55.,-36.,1.5));
#3097=CARTESIAN_POINT('',(-55.,-31.5,1.5));
#3098=B_SPLINE_CURVE_WITH_KNOTS('',1,(#3096,#3097),.UNSPECIFIED.,.F.,.F.,(2,2),(0.,0.0045),.UNSPECIFIED.);
#3099=EDGE_CURVE('',#2762,#3095,#3098,.T.);
#3100=ORIENTED_EDGE('',*,*,#3099,.T.);
#3101=CARTESIAN_POINT('',(-49.,-31.5,1.5));
#3102=VERTEX_POINT('',#3101);
#3103=CARTESIAN_POINT('',(-55.,-31.5,1.5));
#3104=CARTESIAN_POINT('',(-55.,-28.5,1.5));
#3105=CARTESIAN_POINT('',(-52.,-28.5,1.5));
#3106=CARTESIAN_POINT('',(-49.,-28.5,1.5));
#3107=CARTESIAN_POINT('',(-49.,-31.5,1.5));
#3108=(BOUNDED_CURVE()
B_SPLINE_CURVE(2,(#3103,#3104,#3105,#3106,#3107),.UNSPECIFIED.,.F.,.F.)
B_SPLINE_CURVE_WITH_KNOTS((3,2,3),(1.570796327,3.141592654,4.71238898),.UNSPECIFIED.)
CURVE()
GEOMETRIC_REPRESENTATION_ITEM()
RATIONAL_B_SPLINE_CURVE((1.,0.707106781,1.,0.707106781,1.))
REPRESENTATION_ITEM(''));
#3109=EDGE_CURVE('',#3095,#3102,#3108,.T.);
#3110=ORIENTED_EDGE('',*,*,#3109,.T.);
#3111=CARTESIAN_POINT('',(-49.,-31.5,1.5));
#3112=CARTESIAN_POINT('',(-49.,-36.,1.5));
#3113=B_SPLINE_CURVE_WITH_KNOTS('',1,(#3111,#3112),.UNSPECIFIED.,.F.,.F.,(2,2),(0.,0.0045),.UNSPECIFIED.);
#3114=EDGE_CURVE('',#3102,#2741,#3113,.T.);
#3115=ORIENTED_EDGE('',*,*,#3114,.T.);
#3116=ORIENTED_EDGE('',*,*,#2745,.F.);
#3117=CARTESIAN_POINT('',(-16.5,-32.5,1.5));
#3118=VERTEX_POINT('',#3117);
#3119=CARTESIAN_POINT('',(-16.5,-36.,1.5));
#3120=CARTESIAN_POINT('',(-16.5,-32.5,1.5));
#3121=B_SPLINE_CURVE_WITH_KNOTS('',1,(#3119,#3120),.UNSPECIFIED.,.F.,.F.,(2,2),(0.,0.0035),.UNSPECIFIED.);
#3122=EDGE_CURVE('',#2734,#3118,#3121,.T.);
#3123=ORIENTED_EDGE('',*,*,#3122,.T.);
#3124=CARTESIAN_POINT('',(-10.5,-32.5,1.5));
#3125=VERTEX_POINT('',#3124);
#3126=CARTESIAN_POINT('',(-16.5,-32.5,1.5));
#3127=CARTESIAN_POINT('',(-16.5,-29.5,1.5));
#3128=CARTESIAN_POINT('',(-13.5,-29.5,1.5));
#3129=CARTESIAN_POINT('',(-10.5,-29.5,1.5));
#3130=CARTESIAN_POINT('',(-10.5,-32.5,1.5));
#3131=(BOUNDED_CURVE()
B_SPLINE_CURVE(2,(#3126,#3127,#3128,#3129,#3130),.UNSPECIFIED.,.F.,.F.)
B_SPLINE_CURVE_WITH_KNOTS((3,2,3),(1.570796327,3.141592654,4.71238898),.UNSPECIFIED.)
CURVE()
GEOMETRIC_REPRESENTATION_ITEM()
RATIONAL_B_SPLINE_CURVE((1.,0.707106781,1.,0.707106781,1.))
REPRESENTATION_ITEM(''));
#3132=EDGE_CURVE('',#3118,#3125,#3131,.T.);
#3133=ORIENTED_EDGE('',*,*,#3132,.T.);
#3134=CARTESIAN_POINT('',(-10.5,-32.5,1.5));
#3135=CARTESIAN_POINT('',(-10.5,-36.,1.5));
#3136=B_SPLINE_CURVE_WITH_KNOTS('',1,(#3134,#3135),.UNSPECIFIED.,.F.,.F.,(2,2),(0.,0.0035),.UNSPECIFIED.);
#3137=EDGE_CURVE('',#3125,#2713,#3136,.T.);
#3138=ORIENTED_EDGE('',*,*,#3137,.T.);
#3139=ORIENTED_EDGE('',*,*,#2717,.F.);
#3140=CARTESIAN_POINT('',(18.63,-30.,1.5));
#3141=VERTEX_POINT('',#3140);
#3142=CARTESIAN_POINT('',(18.63,-30.,1.5));
#3143=CARTESIAN_POINT('',(18.63,-36.,1.5));
#3144=B_SPLINE_CURVE_WITH_KNOTS('',1,(#3142,#3143),.UNSPECIFIED.,.F.,.F.,(2,2),(0.,0.006),.UNSPECIFIED.);
#3145=EDGE_CURVE('',#3141,#2706,#3144,.T.);
#3146=ORIENTED_EDGE('',*,*,#3145,.F.);
#3147=CARTESIAN_POINT('',(25.63,-30.,1.5));
#3148=VERTEX_POINT('',#3147);
#3149=CARTESIAN_POINT('',(25.63,-30.,1.5));
#3150=CARTESIAN_POINT('',(25.63,-26.5,1.5));
#3151=CARTESIAN_POINT('',(22.13,-26.5,1.5));
#3152=CARTESIAN_POINT('',(18.63,-26.5,1.5));
#3153=CARTESIAN_POINT('',(18.63,-30.,1.5));
#3154=(BOUNDED_CURVE()
B_SPLINE_CURVE(2,(#3149,#3150,#3151,#3152,#3153),.UNSPECIFIED.,.F.,.F.)
B_SPLINE_CURVE_WITH_KNOTS((3,2,3),(1.570796327,3.141592654,4.71238898),.UNSPECIFIED.)
CURVE()
GEOMETRIC_REPRESENTATION_ITEM()
RATIONAL_B_SPLINE_CURVE((1.,0.707106781,1.,0.707106781,1.))
REPRESENTATION_ITEM(''));
#3155=EDGE_CURVE('',#3148,#3141,#3154,.T.);
#3156=ORIENTED_EDGE('',*,*,#3155,.F.);
#3157=CARTESIAN_POINT('',(25.63,-36.,1.5));
#3158=CARTESIAN_POINT('',(25.63,-30.,1.5));
#3159=B_SPLINE_CURVE_WITH_KNOTS('',1,(#3157,#3158),.UNSPECIFIED.,.F.,.F.,(2,2),(0.,0.006),.UNSPECIFIED.);
#3160=EDGE_CURVE('',#2685,#3148,#3159,.T.);
#3161=ORIENTED_EDGE('',*,*,#3160,.F.);
#3162=ORIENTED_EDGE('',*,*,#2689,.F.);
#3163=CARTESIAN_POINT('',(38.,-30.,1.5));
#3164=VERTEX_POINT('',#3163);
#3165=CARTESIAN_POINT('',(38.,-30.,1.5));
#3166=CARTESIAN_POINT('',(38.,-36.,1.5));
#3167=B_SPLINE_CURVE_WITH_KNOTS('',1,(#3165,#3166),.UNSPECIFIED.,.F.,.F.,(2,2),(0.,0.006),.UNSPECIFIED.);
#3168=EDGE_CURVE('',#3164,#2678,#3167,.T.);
#3169=ORIENTED_EDGE('',*,*,#3168,.F.);
#3170=CARTESIAN_POINT('',(45.,-30.,1.5));
#3171=VERTEX_POINT('',#3170);
#3172=CARTESIAN_POINT('',(45.,-30.,1.5));
#3173=CARTESIAN_POINT('',(45.,-26.5,1.5));
#3174=CARTESIAN_POINT('',(41.5,-26.5,1.5));
#3175=CARTESIAN_POINT('',(38.,-26.5,1.5));
#3176=CARTESIAN_POINT('',(38.,-30.,1.5));
#3177=(BOUNDED_CURVE()
B_SPLINE_CURVE(2,(#3172,#3173,#3174,#3175,#3176),.UNSPECIFIED.,.F.,.F.)
B_SPLINE_CURVE_WITH_KNOTS((3,2,3),(3.141592654,4.71238898,6.283185307),.UNSPECIFIED.)
CURVE()
GEOMETRIC_REPRESENTATION_ITEM()
RATIONAL_B_SPLINE_CURVE((1.,0.707106781,1.,0.707106781,1.))
REPRESENTATION_ITEM(''));
#3178=EDGE_CURVE('',#3171,#3164,#3177,.T.);
#3179=ORIENTED_EDGE('',*,*,#3178,.F.);
#3180=CARTESIAN_POINT('',(45.,-36.,1.5));
#3181=CARTESIAN_POINT('',(45.,-30.,1.5));
#3182=B_SPLINE_CURVE_WITH_KNOTS('',1,(#3180,#3181),.UNSPECIFIED.,.F.,.F.,(2,2),(0.,0.006),.UNSPECIFIED.);
#3183=EDGE_CURVE('',#2657,#3171,#3182,.T.);
#3184=ORIENTED_EDGE('',*,*,#3183,.F.);
#3185=ORIENTED_EDGE('',*,*,#2661,.F.);
#3186=CARTESIAN_POINT('',(96.,-30.5,1.5));
#3187=VERTEX_POINT('',#3186);
#3188=CARTESIAN_POINT('',(90.5,-36.,1.5));
#3189=CARTESIAN_POINT('',(96.,-30.5,1.5));
#3190=B_SPLINE_CURVE_WITH_KNOTS('',1,(#3188,#3189),.UNSPECIFIED.,.F.,.F.,(2,2),(0.003535534,0.011313708),.UNSPECIFIED.);
#3191=EDGE_CURVE('',#2650,#3187,#3190,.T.);
#3192=ORIENTED_EDGE('',*,*,#3191,.T.);
#3193=CARTESIAN_POINT('',(98.5,-30.5,1.5));
#3194=CARTESIAN_POINT('',(96.,-30.5,1.5));
#3195=B_SPLINE_CURVE_WITH_KNOTS('',1,(#3193,#3194),.UNSPECIFIED.,.F.,.F.,(2,2),(-0.,0.0025),.UNSPECIFIED.);
#3196=EDGE_CURVE('',#2435,#3187,#3195,.T.);
#3197=ORIENTED_EDGE('',*,*,#3196,.F.);
#3198=EDGE_LOOP('',(#3008,#3015,#3020,#3021,#3028,#3038,#3043,#3044,#3051,#3056,#3057,#3064,#3069,#3070,#3077,#3087,#3092,#3093,#3100,#3110,#3115,#3116,#3123,#3133,#3138,#3139,
#3146,#3156,#3161,#3162,#3169,#3179,#3184,#3185,#3192,#3197));
#3199=FACE_BOUND('',#3198,.T.);
#3200=CARTESIAN_POINT('',(-49.,26.5,1.5));
#3201=VERTEX_POINT('',#3200);
#3202=CARTESIAN_POINT('',(-55.,26.5,1.5));
#3203=VERTEX_POINT('',#3202);
#3204=CARTESIAN_POINT('',(-55.,26.5,1.5));
#3205=CARTESIAN_POINT('',(-55.,23.5,1.5));
#3206=CARTESIAN_POINT('',(-52.,23.5,1.5));
#3207=CARTESIAN_POINT('',(-49.,23.5,1.5));
#3208=CARTESIAN_POINT('',(-49.,26.5,1.5));
#3209=CARTESIAN_POINT('',(-49.,29.5,1.5));
#3210=CARTESIAN_POINT('',(-52.,29.5,1.5));
#3211=CARTESIAN_POINT('',(-55.,29.5,1.5));
#3212=CARTESIAN_POINT('',(-55.,26.5,1.5));
#3213=(BOUNDED_CURVE()
B_SPLINE_CURVE(2,(#3204,#3205,#3206,#3207,#3208,#3209,#3210,#3211,#3212),.UNSPECIFIED.,.T.,.F.)
B_SPLINE_CURVE_WITH_KNOTS((3,2,2,2,3),(0.,1.570796327,3.141592654,4.71238898,6.283185307),.UNSPECIFIED.)
CURVE()
GEOMETRIC_REPRESENTATION_ITEM()
RATIONAL_B_SPLINE_CURVE((1.,0.707106781,1.,0.707106781,1.,0.707106781,1.,0.707106781,1.))
REPRESENTATION_ITEM(''));
#3214=EDGE_CURVE('',#3201,#3203,#3213,.T.);
#3215=ORIENTED_EDGE('',*,*,#3214,.F.);
#3216=CARTESIAN_POINT('',(-55.,26.5,1.5));
#3217=CARTESIAN_POINT('',(-55.,23.5,1.5));
#3218=CARTESIAN_POINT('',(-52.,23.5,1.5));
#3219=CARTESIAN_POINT('',(-49.,23.5,1.5));
#3220=CARTESIAN_POINT('',(-49.,26.5,1.5));
#3221=CARTESIAN_POINT('',(-49.,29.5,1.5));
#3222=CARTESIAN_POINT('',(-52.,29.5,1.5));
#3223=CARTESIAN_POINT('',(-55.,29.5,1.5));
#3224=CARTESIAN_POINT('',(-55.,26.5,1.5));
#3225=(BOUNDED_CURVE()
B_SPLINE_CURVE(2,(#3216,#3217,#3218,#3219,#3220,#3221,#3222,#3223,#3224),.UNSPECIFIED.,.T.,.F.)
B_SPLINE_CURVE_WITH_KNOTS((3,2,2,2,3),(0.,1.570796327,3.141592654,4.71238898,6.283185307),.UNSPECIFIED.)
CURVE()
GEOMETRIC_REPRESENTATION_ITEM()
RATIONAL_B_SPLINE_CURVE((1.,0.707106781,1.,0.707106781,1.,0.707106781,1.,0.707106781,1.))
REPRESENTATION_ITEM(''));
#3226=EDGE_CURVE('',#3203,#3201,#3225,.T.);
#3227=ORIENTED_EDGE('',*,*,#3226,.F.);
#3228=EDGE_LOOP('',(#3215,#3227));
#3229=FACE_BOUND('',#3228,.T.);
#3230=CARTESIAN_POINT('',(-75.,26.5,1.5));
#3231=VERTEX_POINT('',#3230);
#3232=CARTESIAN_POINT('',(-81.,26.5,1.5));
#3233=VERTEX_POINT('',#3232);
#3234=CARTESIAN_POINT('',(-81.,26.5,1.5));
#3235=CARTESIAN_POINT('',(-81.,23.5,1.5));
#3236=CARTESIAN_POINT('',(-78.,23.5,1.5));
#3237=CARTESIAN_POINT('',(-75.,23.5,1.5));
#3238=CARTESIAN_POINT('',(-75.,26.5,1.5));
#3239=CARTESIAN_POINT('',(-75.,29.5,1.5));
#3240=CARTESIAN_POINT('',(-78.,29.5,1.5));
#3241=CARTESIAN_POINT('',(-81.,29.5,1.5));
#3242=CARTESIAN_POINT('',(-81.,26.5,1.5));
#3243=(BOUNDED_CURVE()
B_SPLINE_CURVE(2,(#3234,#3235,#3236,#3237,#3238,#3239,#3240,#3241,#3242),.UNSPECIFIED.,.T.,.F.)
B_SPLINE_CURVE_WITH_KNOTS((3,2,2,2,3),(0.,1.570796327,3.141592654,4.71238898,6.283185307),.UNSPECIFIED.)
CURVE()
GEOMETRIC_REPRESENTATION_ITEM()
RATIONAL_B_SPLINE_CURVE((1.,0.707106781,1.,0.707106781,1.,0.707106781,1.,0.707106781,1.))
REPRESENTATION_ITEM(''));
#3244=EDGE_CURVE('',#3231,#3233,#3243,.T.);
#3245=ORIENTED_EDGE('',*,*,#3244,.F.);
#3246=CARTESIAN_POINT('',(-81.,26.5,1.5));
#3247=CARTESIAN_POINT('',(-81.,23.5,1.5));
#3248=CARTESIAN_POINT('',(-78.,23.5,1.5));
#3249=CARTESIAN_POINT('',(-75.,23.5,1.5));
#3250=CARTESIAN_POINT('',(-75.,26.5,1.5));
#3251=CARTESIAN_POINT('',(-75.,29.5,1.5));
#3252=CARTESIAN_POINT('',(-78.,29.5,1.5));
#3253=CARTESIAN_POINT('',(-81.,29.5,1.5));
#3254=CARTESIAN_POINT('',(-81.,26.5,1.5));
#3255=(BOUNDED_CURVE()
B_SPLINE_CURVE(2,(#3246,#3247,#3248,#3249,#3250,#3251,#3252,#3253,#3254),.UNSPECIFIED.,.T.,.F.)
B_SPLINE_CURVE_WITH_KNOTS((3,2,2,2,3),(0.,1.570796327,3.141592654,4.71238898,6.283185307),.UNSPECIFIED.)
CURVE()
GEOMETRIC_REPRESENTATION_ITEM()
RATIONAL_B_SPLINE_CURVE((1.,0.707106781,1.,0.707106781,1.,0.707106781,1.,0.707106781,1.))
REPRESENTATION_ITEM(''));
#3256=EDGE_CURVE('',#3233,#3231,#3255,.T.);
#3257=ORIENTED_EDGE('',*,*,#3256,.F.);
#3258=EDGE_LOOP('',(#3245,#3257));
#3259=FACE_BOUND('',#3258,.T.);
#3260=CARTESIAN_POINT('',(-10.5,-3.5,1.5));
#3261=VERTEX_POINT('',#3260);
#3262=CARTESIAN_POINT('',(-10.5,2.5,1.5));
#3263=VERTEX_POINT('',#3262);
#3264=CARTESIAN_POINT('',(-10.5,-3.5,1.5));
#3265=CARTESIAN_POINT('',(-10.5,2.5,1.5));
#3266=B_SPLINE_CURVE_WITH_KNOTS('',1,(#3264,#3265),.UNSPECIFIED.,.F.,.F.,(2,2),(-0.006,0.),.UNSPECIFIED.);
#3267=EDGE_CURVE('',#3261,#3263,#3266,.T.);
#3268=ORIENTED_EDGE('',*,*,#3267,.F.);
#3269=CARTESIAN_POINT('',(-16.5,-3.5,1.5));
#3270=VERTEX_POINT('',#3269);
#3271=CARTESIAN_POINT('',(-16.5,-3.5,1.5));
#3272=CARTESIAN_POINT('',(-16.5,-6.5,1.5));
#3273=CARTESIAN_POINT('',(-13.5,-6.5,1.5));
#3274=CARTESIAN_POINT('',(-10.5,-6.5,1.5));
#3275=CARTESIAN_POINT('',(-10.5,-3.5,1.5));
#3276=(BOUNDED_CURVE()
B_SPLINE_CURVE(2,(#3271,#3272,#3273,#3274,#3275),.UNSPECIFIED.,.F.,.F.)
B_SPLINE_CURVE_WITH_KNOTS((3,2,3),(6.283185307,7.853981634,9.424777961),.UNSPECIFIED.)
CURVE()
GEOMETRIC_REPRESENTATION_ITEM()
RATIONAL_B_SPLINE_CURVE((1.,0.707106781,1.,0.707106781,1.))
REPRESENTATION_ITEM(''));
#3277=EDGE_CURVE('',#3270,#3261,#3276,.T.);
#3278=ORIENTED_EDGE('',*,*,#3277,.F.);
#3279=CARTESIAN_POINT('',(-16.5,2.5,1.5));
#3280=VERTEX_POINT('',#3279);
#3281=CARTESIAN_POINT('',(-16.5,2.5,1.5));
#3282=CARTESIAN_POINT('',(-16.5,-3.5,1.5));
#3283=B_SPLINE_CURVE_WITH_KNOTS('',1,(#3281,#3282),.UNSPECIFIED.,.F.,.F.,(2,2),(-0.006,0.),.UNSPECIFIED.);
#3284=EDGE_CURVE('',#3280,#3270,#3283,.T.);
#3285=ORIENTED_EDGE('',*,*,#3284,.F.);
#3286=CARTESIAN_POINT('',(-10.5,2.5,1.5));
#3287=CARTESIAN_POINT('',(-10.5,5.5,1.5));
#3288=CARTESIAN_POINT('',(-13.5,5.5,1.5));
#3289=CARTESIAN_POINT('',(-16.5,5.5,1.5));
#3290=CARTESIAN_POINT('',(-16.5,2.5,1.5));
#3291=(BOUNDED_CURVE()
B_SPLINE_CURVE(2,(#3286,#3287,#3288,#3289,#3290),.UNSPECIFIED.,.F.,.F.)
B_SPLINE_CURVE_WITH_KNOTS((3,2,3),(3.141592654,4.71238898,6.283185307),.UNSPECIFIED.)
CURVE()
GEOMETRIC_REPRESENTATION_ITEM()
RATIONAL_B_SPLINE_CURVE((1.,0.707106781,1.,0.707106781,1.))
REPRESENTATION_ITEM(''));
#3292=EDGE_CURVE('',#3263,#3280,#3291,.T.);
#3293=ORIENTED_EDGE('',*,*,#3292,.F.);
#3294=EDGE_LOOP('',(#3268,#3278,#3285,#3293));
#3295=FACE_BOUND('',#3294,.T.);
#3296=CARTESIAN_POINT('',(69.2,21.,1.5));
#3297=VERTEX_POINT('',#3296);
#3298=CARTESIAN_POINT('',(62.2,21.,1.5));
#3299=VERTEX_POINT('',#3298);
#3300=CARTESIAN_POINT('',(62.2,21.,1.5));
#3301=CARTESIAN_POINT('',(62.2,17.5,1.5));
#3302=CARTESIAN_POINT('',(65.7,17.5,1.5));
#3303=CARTESIAN_POINT('',(69.2,17.5,1.5));
#3304=CARTESIAN_POINT('',(69.2,21.,1.5));
#3305=CARTESIAN_POINT('',(69.2,24.5,1.5));
#3306=CARTESIAN_POINT('',(65.7,24.5,1.5));
#3307=CARTESIAN_POINT('',(62.2,24.5,1.5));
#3308=CARTESIAN_POINT('',(62.2,21.,1.5));
#3309=(BOUNDED_CURVE()
B_SPLINE_CURVE(2,(#3300,#3301,#3302,#3303,#3304,#3305,#3306,#3307,#3308),.UNSPECIFIED.,.T.,.F.)
B_SPLINE_CURVE_WITH_KNOTS((3,2,2,2,3),(0.,1.570796327,3.141592654,4.71238898,6.283185307),.UNSPECIFIED.)
CURVE()
GEOMETRIC_REPRESENTATION_ITEM()
RATIONAL_B_SPLINE_CURVE((1.,0.707106781,1.,0.707106781,1.,0.707106781,1.,0.707106781,1.))
REPRESENTATION_ITEM(''));
#3310=EDGE_CURVE('',#3297,#3299,#3309,.T.);
#3311=ORIENTED_EDGE('',*,*,#3310,.F.);
#3312=CARTESIAN_POINT('',(62.2,21.,1.5));
#3313=CARTESIAN_POINT('',(62.2,17.5,1.5));
#3314=CARTESIAN_POINT('',(65.7,17.5,1.5));
#3315=CARTESIAN_POINT('',(69.2,17.5,1.5));
#3316=CARTESIAN_POINT('',(69.2,21.,1.5));
#3317=CARTESIAN_POINT('',(69.2,24.5,1.5));
#3318=CARTESIAN_POINT('',(65.7,24.5,1.5));
#3319=CARTESIAN_POINT('',(62.2,24.5,1.5));
#3320=CARTESIAN_POINT('',(62.2,21.,1.5));
#3321=(BOUNDED_CURVE()
B_SPLINE_CURVE(2,(#3312,#3313,#3314,#3315,#3316,#3317,#3318,#3319,#3320),.UNSPECIFIED.,.T.,.F.)
B_SPLINE_CURVE_WITH_KNOTS((3,2,2,2,3),(0.,1.570796327,3.141592654,4.71238898,6.283185307),.UNSPECIFIED.)
CURVE()
GEOMETRIC_REPRESENTATION_ITEM()
RATIONAL_B_SPLINE_CURVE((1.,0.707106781,1.,0.707106781,1.,0.707106781,1.,0.707106781,1.))
REPRESENTATION_ITEM(''));
#3322=EDGE_CURVE('',#3299,#3297,#3321,.T.);
#3323=ORIENTED_EDGE('',*,*,#3322,.F.);
#3324=EDGE_LOOP('',(#3311,#3323));
#3325=FACE_BOUND('',#3324,.T.);
#3326=CARTESIAN_POINT('',(20.8,22.,1.5));
#3327=VERTEX_POINT('',#3326);
#3328=CARTESIAN_POINT('',(13.8,22.,1.5));
#3329=VERTEX_POINT('',#3328);
#3330=CARTESIAN_POINT('',(13.8,22.,1.5));
#3331=CARTESIAN_POINT('',(13.8,18.5,1.5));
#3332=CARTESIAN_POINT('',(17.3,18.5,1.5));
#3333=CARTESIAN_POINT('',(20.8,18.5,1.5));
#3334=CARTESIAN_POINT('',(20.8,22.,1.5));
#3335=CARTESIAN_POINT('',(20.8,25.5,1.5));
#3336=CARTESIAN_POINT('',(17.3,25.5,1.5));
#3337=CARTESIAN_POINT('',(13.8,25.5,1.5));
#3338=CARTESIAN_POINT('',(13.8,22.,1.5));
#3339=(BOUNDED_CURVE()
B_SPLINE_CURVE(2,(#3330,#3331,#3332,#3333,#3334,#3335,#3336,#3337,#3338),.UNSPECIFIED.,.T.,.F.)
B_SPLINE_CURVE_WITH_KNOTS((3,2,2,2,3),(4.71238898,6.283185307,7.853981634,9.424777961,10.995574288),.UNSPECIFIED.)
CURVE()
GEOMETRIC_REPRESENTATION_ITEM()
RATIONAL_B_SPLINE_CURVE((1.,0.707106781,1.,0.707106781,1.,0.707106781,1.,0.707106781,1.))
REPRESENTATION_ITEM(''));
#3340=EDGE_CURVE('',#3327,#3329,#3339,.T.);
#3341=ORIENTED_EDGE('',*,*,#3340,.F.);
#3342=CARTESIAN_POINT('',(13.8,22.,1.5));
#3343=CARTESIAN_POINT('',(13.8,18.5,1.5));
#3344=CARTESIAN_POINT('',(17.3,18.5,1.5));
#3345=CARTESIAN_POINT('',(20.8,18.5,1.5));
#3346=CARTESIAN_POINT('',(20.8,22.,1.5));
#3347=CARTESIAN_POINT('',(20.8,25.5,1.5));
#3348=CARTESIAN_POINT('',(17.3,25.5,1.5));
#3349=CARTESIAN_POINT('',(13.8,25.5,1.5));
#3350=CARTESIAN_POINT('',(13.8,22.,1.5));
#3351=(BOUNDED_CURVE()
B_SPLINE_CURVE(2,(#3342,#3343,#3344,#3345,#3346,#3347,#3348,#3349,#3350),.UNSPECIFIED.,.T.,.F.)
B_SPLINE_CURVE_WITH_KNOTS((3,2,2,2,3),(4.71238898,6.283185307,7.853981634,9.424777961,10.995574288),.UNSPECIFIED.)
CURVE()
GEOMETRIC_REPRESENTATION_ITEM()
RATIONAL_B_SPLINE_CURVE((1.,0.707106781,1.,0.707106781,1.,0.707106781,1.,0.707106781,1.))
REPRESENTATION_ITEM(''));
#3352=EDGE_CURVE('',#3329,#3327,#3351,.T.);
#3353=ORIENTED_EDGE('',*,*,#3352,.F.);
#3354=EDGE_LOOP('',(#3341,#3353));
#3355=FACE_BOUND('',#3354,.T.);
#3356=ADVANCED_FACE('',(#3199,#3229,#3259,#3295,#3325,#3355),#3007,.F.);
#3357=CARTESIAN_POINT('',(-100.,60.5,0.));
#3358=CARTESIAN_POINT('',(-100.,-37.5,0.));
#3359=CARTESIAN_POINT('',(100.,60.5,0.));
#3360=CARTESIAN_POINT('',(100.,-37.5,0.));
#3361=B_SPLINE_SURFACE_WITH_KNOTS('',1,1,((#3357,#3358),(#3359,#3360)),.UNSPECIFIED.,.F.,.F.,.U.,(2,2),(2,2),(-0.1,0.1),(-0.0605,0.0375),.UNSPECIFIED.);
#3362=ORIENTED_EDGE('',*,*,#1871,.F.);
#3363=ORIENTED_EDGE('',*,*,#2571,.F.);
#3364=ORIENTED_EDGE('',*,*,#665,.F.);
#3365=CARTESIAN_POINT('',(0.,60.5,0.));
#3366=VERTEX_POINT('',#3365);
#3367=CARTESIAN_POINT('',(-100.,60.5,0.));
#3368=CARTESIAN_POINT('',(0.,60.5,0.));
#3369=B_SPLINE_CURVE_WITH_KNOTS('',1,(#3367,#3368),.UNSPECIFIED.,.F.,.F.,(2,2),(0.,0.1),.UNSPECIFIED.);
#3370=EDGE_CURVE('',#659,#3366,#3369,.T.);
#3371=ORIENTED_EDGE('',*,*,#3370,.T.);
#3372=CARTESIAN_POINT('',(0.,40.,0.));
#3373=VERTEX_POINT('',#3372);
#3374=CARTESIAN_POINT('',(0.,60.5,0.));
#3375=CARTESIAN_POINT('',(0.,40.,0.));
#3376=B_SPLINE_CURVE_WITH_KNOTS('',1,(#3374,#3375),.UNSPECIFIED.,.F.,.F.,(2,2),(0.,0.0205),.UNSPECIFIED.);
#3377=EDGE_CURVE('',#3366,#3373,#3376,.T.);
#3378=ORIENTED_EDGE('',*,*,#3377,.T.);
#3379=CARTESIAN_POINT('',(0.,40.,0.));
#3380=CARTESIAN_POINT('',(0.,37.5,0.));
#3381=CARTESIAN_POINT('',(2.5,37.5,0.));
#3382=(BOUNDED_CURVE()
B_SPLINE_CURVE(2,(#3379,#3380,#3381),.UNSPECIFIED.,.F.,.F.)
B_SPLINE_CURVE_WITH_KNOTS((3,3),(4.71238898,6.283185307),.UNSPECIFIED.)
CURVE()
GEOMETRIC_REPRESENTATION_ITEM()
RATIONAL_B_SPLINE_CURVE((1.,0.707106781,1.))
REPRESENTATION_ITEM(''));
#3383=EDGE_CURVE('',#3373,#2803,#3382,.T.);
#3384=ORIENTED_EDGE('',*,*,#3383,.T.);
#3385=ORIENTED_EDGE('',*,*,#2807,.F.);
#3386=EDGE_LOOP('',(#3362,#3363,#3364,#3371,#3378,#3384,#3385));
#3387=FACE_BOUND('',#3386,.T.);
#3388=CARTESIAN_POINT('',(-14.65,50.5,0.));
#3389=VERTEX_POINT('',#3388);
#3390=CARTESIAN_POINT('',(-14.65,50.5,0.));
#3391=CARTESIAN_POINT('',(-14.65,53.15,0.));
#3392=CARTESIAN_POINT('',(-12.,53.15,0.));
#3393=CARTESIAN_POINT('',(-9.35,53.15,0.));
#3394=CARTESIAN_POINT('',(-9.35,50.5,0.));
#3395=CARTESIAN_POINT('',(-9.35,47.85,0.));
#3396=CARTESIAN_POINT('',(-12.,47.85,0.));
#3397=CARTESIAN_POINT('',(-14.65,47.85,0.));
#3398=CARTESIAN_POINT('',(-14.65,50.5,0.));
#3399=(BOUNDED_CURVE()
B_SPLINE_CURVE(2,(#3390,#3391,#3392,#3393,#3394,#3395,#3396,#3397,#3398),.UNSPECIFIED.,.T.,.F.)
B_SPLINE_CURVE_WITH_KNOTS((3,2,2,2,3),(0.,1.570796327,3.141592654,4.71238898,6.283185307),.UNSPECIFIED.)
CURVE()
GEOMETRIC_REPRESENTATION_ITEM()
RATIONAL_B_SPLINE_CURVE((1.,0.707106781,1.,0.707106781,1.,0.707106781,1.,0.707106781,1.))
REPRESENTATION_ITEM(''));
#3400=EDGE_CURVE('',#3389,#3389,#3399,.T.);
#3401=ORIENTED_EDGE('',*,*,#3400,.F.);
#3402=EDGE_LOOP('',(#3401));
#3403=FACE_BOUND('',#3402,.T.);
#3404=CARTESIAN_POINT('',(-29.65,50.5,0.));
#3405=VERTEX_POINT('',#3404);
#3406=CARTESIAN_POINT('',(-29.65,50.5,0.));
#3407=CARTESIAN_POINT('',(-29.65,53.15,0.));
#3408=CARTESIAN_POINT('',(-27.,53.15,0.));
#3409=CARTESIAN_POINT('',(-24.35,53.15,0.));
#3410=CARTESIAN_POINT('',(-24.35,50.5,0.));
#3411=CARTESIAN_POINT('',(-24.35,47.85,0.));
#3412=CARTESIAN_POINT('',(-27.,47.85,0.));
#3413=CARTESIAN_POINT('',(-29.65,47.85,0.));
#3414=CARTESIAN_POINT('',(-29.65,50.5,0.));
#3415=(BOUNDED_CURVE()
B_SPLINE_CURVE(2,(#3406,#3407,#3408,#3409,#3410,#3411,#3412,#3413,#3414),.UNSPECIFIED.,.T.,.F.)
B_SPLINE_CURVE_WITH_KNOTS((3,2,2,2,3),(0.,1.570796327,3.141592654,4.71238898,6.283185307),.UNSPECIFIED.)
CURVE()
GEOMETRIC_REPRESENTATION_ITEM()
RATIONAL_B_SPLINE_CURVE((1.,0.707106781,1.,0.707106781,1.,0.707106781,1.,0.707106781,1.))
REPRESENTATION_ITEM(''));
#3416=EDGE_CURVE('',#3405,#3405,#3415,.T.);
#3417=ORIENTED_EDGE('',*,*,#3416,.F.);
#3418=EDGE_LOOP('',(#3417));
#3419=FACE_BOUND('',#3418,.T.);
#3420=CARTESIAN_POINT('',(-44.65,50.5,0.));
#3421=VERTEX_POINT('',#3420);
#3422=CARTESIAN_POINT('',(-44.65,50.5,0.));
#3423=CARTESIAN_POINT('',(-44.65,53.15,0.));
#3424=CARTESIAN_POINT('',(-42.,53.15,0.));
#3425=CARTESIAN_POINT('',(-39.35,53.15,0.));
#3426=CARTESIAN_POINT('',(-39.35,50.5,0.));
#3427=CARTESIAN_POINT('',(-39.35,47.85,0.));
#3428=CARTESIAN_POINT('',(-42.,47.85,0.));
#3429=CARTESIAN_POINT('',(-44.65,47.85,0.));
#3430=CARTESIAN_POINT('',(-44.65,50.5,0.));
#3431=(BOUNDED_CURVE()
B_SPLINE_CURVE(2,(#3422,#3423,#3424,#3425,#3426,#3427,#3428,#3429,#3430),.UNSPECIFIED.,.T.,.F.)
B_SPLINE_CURVE_WITH_KNOTS((3,2,2,2,3),(0.,1.570796327,3.141592654,4.71238898,6.283185307),.UNSPECIFIED.)
CURVE()
GEOMETRIC_REPRESENTATION_ITEM()
RATIONAL_B_SPLINE_CURVE((1.,0.707106781,1.,0.707106781,1.,0.707106781,1.,0.707106781,1.))
REPRESENTATION_ITEM(''));
#3432=EDGE_CURVE('',#3421,#3421,#3431,.T.);
#3433=ORIENTED_EDGE('',*,*,#3432,.F.);
#3434=EDGE_LOOP('',(#3433));
#3435=FACE_BOUND('',#3434,.T.);
#3436=CARTESIAN_POINT('',(-60.65,50.5,0.));
#3437=VERTEX_POINT('',#3436);
#3438=CARTESIAN_POINT('',(-60.65,50.5,0.));
#3439=CARTESIAN_POINT('',(-60.65,53.15,0.));
#3440=CARTESIAN_POINT('',(-58.,53.15,0.));
#3441=CARTESIAN_POINT('',(-55.35,53.15,0.));
#3442=CARTESIAN_POINT('',(-55.35,50.5,0.));
#3443=CARTESIAN_POINT('',(-55.35,47.85,0.));
#3444=CARTESIAN_POINT('',(-58.,47.85,0.));
#3445=CARTESIAN_POINT('',(-60.65,47.85,0.));
#3446=CARTESIAN_POINT('',(-60.65,50.5,0.));
#3447=(BOUNDED_CURVE()
B_SPLINE_CURVE(2,(#3438,#3439,#3440,#3441,#3442,#3443,#3444,#3445,#3446),.UNSPECIFIED.,.T.,.F.)
B_SPLINE_CURVE_WITH_KNOTS((3,2,2,2,3),(0.,1.570796327,3.141592654,4.71238898,6.283185307),.UNSPECIFIED.)
CURVE()
GEOMETRIC_REPRESENTATION_ITEM()
RATIONAL_B_SPLINE_CURVE((1.,0.707106781,1.,0.707106781,1.,0.707106781,1.,0.707106781,1.))
REPRESENTATION_ITEM(''));
#3448=EDGE_CURVE('',#3437,#3437,#3447,.T.);
#3449=ORIENTED_EDGE('',*,*,#3448,.F.);
#3450=EDGE_LOOP('',(#3449));
#3451=FACE_BOUND('',#3450,.T.);
#3452=CARTESIAN_POINT('',(-75.65,50.5,0.));
#3453=VERTEX_POINT('',#3452);
#3454=CARTESIAN_POINT('',(-75.65,50.5,0.));
#3455=CARTESIAN_POINT('',(-75.65,53.15,0.));
#3456=CARTESIAN_POINT('',(-73.,53.15,0.));
#3457=CARTESIAN_POINT('',(-70.35,53.15,0.));
#3458=CARTESIAN_POINT('',(-70.35,50.5,0.));
#3459=CARTESIAN_POINT('',(-70.35,47.85,0.));
#3460=CARTESIAN_POINT('',(-73.,47.85,0.));
#3461=CARTESIAN_POINT('',(-75.65,47.85,0.));
#3462=CARTESIAN_POINT('',(-75.65,50.5,0.));
#3463=(BOUNDED_CURVE()
B_SPLINE_CURVE(2,(#3454,#3455,#3456,#3457,#3458,#3459,#3460,#3461,#3462),.UNSPECIFIED.,.T.,.F.)
B_SPLINE_CURVE_WITH_KNOTS((3,2,2,2,3),(0.,1.570796327,3.141592654,4.71238898,6.283185307),.UNSPECIFIED.)
CURVE()
GEOMETRIC_REPRESENTATION_ITEM()
RATIONAL_B_SPLINE_CURVE((1.,0.707106781,1.,0.707106781,1.,0.707106781,1.,0.707106781,1.))
REPRESENTATION_ITEM(''));
#3464=EDGE_CURVE('',#3453,#3453,#3463,.T.);
#3465=ORIENTED_EDGE('',*,*,#3464,.F.);
#3466=EDGE_LOOP('',(#3465));
#3467=FACE_BOUND('',#3466,.T.);
#3468=CARTESIAN_POINT('',(-90.65,50.5,0.));
#3469=VERTEX_POINT('',#3468);
#3470=CARTESIAN_POINT('',(-90.65,50.5,0.));
#3471=CARTESIAN_POINT('',(-90.65,53.15,0.));
#3472=CARTESIAN_POINT('',(-88.,53.15,0.));
#3473=CARTESIAN_POINT('',(-85.35,53.15,0.));
#3474=CARTESIAN_POINT('',(-85.35,50.5,0.));
#3475=CARTESIAN_POINT('',(-85.35,47.85,0.));
#3476=CARTESIAN_POINT('',(-88.,47.85,0.));
#3477=CARTESIAN_POINT('',(-90.65,47.85,0.));
#3478=CARTESIAN_POINT('',(-90.65,50.5,0.));
#3479=(BOUNDED_CURVE()
B_SPLINE_CURVE(2,(#3470,#3471,#3472,#3473,#3474,#3475,#3476,#3477,#3478),.UNSPECIFIED.,.T.,.F.)
B_SPLINE_CURVE_WITH_KNOTS((3,2,2,2,3),(0.,1.570796327,3.141592654,4.71238898,6.283185307),.UNSPECIFIED.)
CURVE()
GEOMETRIC_REPRESENTATION_ITEM()
RATIONAL_B_SPLINE_CURVE((1.,0.707106781,1.,0.707106781,1.,0.707106781,1.,0.707106781,1.))
REPRESENTATION_ITEM(''));
#3480=EDGE_CURVE('',#3469,#3469,#3479,.T.);
#3481=ORIENTED_EDGE('',*,*,#3480,.F.);
#3482=EDGE_LOOP('',(#3481));
#3483=FACE_BOUND('',#3482,.T.);
#3484=ADVANCED_FACE('',(#3387,#3403,#3419,#3435,#3451,#3467,#3483),#3361,.T.);
#3485=CARTESIAN_POINT('',(-16.5,-3.5,1.5));
#3486=CARTESIAN_POINT('',(-16.5,-3.5,5.5));
#3487=CARTESIAN_POINT('',(-16.5,-5.232050808,1.5));
#3488=CARTESIAN_POINT('',(-16.5,-5.232050808,5.5));
#3489=CARTESIAN_POINT('',(-15.,-6.098076211,1.5));
#3490=CARTESIAN_POINT('',(-15.,-6.098076211,5.5));
#3491=CARTESIAN_POINT('',(-10.5,-8.696152423,1.5));
#3492=CARTESIAN_POINT('',(-10.5,-8.696152423,5.5));
#3493=CARTESIAN_POINT('',(-10.5,-3.5,1.5));
#3494=CARTESIAN_POINT('',(-10.5,-3.5,5.5));
#3495=(BOUNDED_SURFACE()
B_SPLINE_SURFACE(2,1,((#3485,#3486),(#3487,#3488),(#3489,#3490),(#3491,#3492),(#3493,#3494)),.UNSPECIFIED.,.F.,.F.,.U.)
B_SPLINE_SURFACE_WITH_KNOTS((3,2,3),(2,2),(3.141592654,4.188790205,6.283185307),(-0.,0.004),.UNSPECIFIED.)
GEOMETRIC_REPRESENTATION_ITEM()
RATIONAL_B_SPLINE_SURFACE(((0.75,0.75),(0.75,0.75),(1.,1.),(0.5,0.5),(1.,1.)))
REPRESENTATION_ITEM('')
SURFACE()
);
#3496=CARTESIAN_POINT('',(-16.5,-3.5,5.5));
#3497=VERTEX_POINT('',#3496);
#3498=CARTESIAN_POINT('',(-10.5,-3.5,5.5));
#3499=VERTEX_POINT('',#3498);
#3500=CARTESIAN_POINT('',(-16.5,-3.5,5.5));
#3501=CARTESIAN_POINT('',(-16.5,-6.5,5.5));
#3502=CARTESIAN_POINT('',(-13.5,-6.5,5.5));
#3503=CARTESIAN_POINT('',(-10.5,-6.5,5.5));
#3504=CARTESIAN_POINT('',(-10.5,-3.5,5.5));
#3505=(BOUNDED_CURVE()
B_SPLINE_CURVE(2,(#3500,#3501,#3502,#3503,#3504),.UNSPECIFIED.,.F.,.F.)
B_SPLINE_CURVE_WITH_KNOTS((3,2,3),(6.283185307,7.853981634,9.424777961),.UNSPECIFIED.)
CURVE()
GEOMETRIC_REPRESENTATION_ITEM()
RATIONAL_B_SPLINE_CURVE((1.,0.707106781,1.,0.707106781,1.))
REPRESENTATION_ITEM(''));
#3506=EDGE_CURVE('',#3497,#3499,#3505,.T.);
#3507=ORIENTED_EDGE('',*,*,#3506,.F.);
#3508=CARTESIAN_POINT('',(-16.5,-3.5,1.5));
#3509=CARTESIAN_POINT('',(-16.5,-3.5,5.5));
#3510=B_SPLINE_CURVE_WITH_KNOTS('',1,(#3508,#3509),.UNSPECIFIED.,.F.,.F.,(2,2),(0.,0.004),.UNSPECIFIED.);
#3511=EDGE_CURVE('',#3270,#3497,#3510,.T.);
#3512=ORIENTED_EDGE('',*,*,#3511,.F.);
#3513=ORIENTED_EDGE('',*,*,#3277,.T.);
#3514=CARTESIAN_POINT('',(-10.5,-3.5,1.5));
#3515=CARTESIAN_POINT('',(-10.5,-3.5,5.5));
#3516=B_SPLINE_CURVE_WITH_KNOTS('',1,(#3514,#3515),.UNSPECIFIED.,.F.,.F.,(2,2),(0.,0.004),.UNSPECIFIED.);
#3517=EDGE_CURVE('',#3261,#3499,#3516,.T.);
#3518=ORIENTED_EDGE('',*,*,#3517,.T.);
#3519=EDGE_LOOP('',(#3507,#3512,#3513,#3518));
#3520=FACE_BOUND('',#3519,.T.);
#3521=ADVANCED_FACE('',(#3520),#3495,.T.);
#3522=CARTESIAN_POINT('',(-10.5,-3.5,1.5));
#3523=CARTESIAN_POINT('',(-10.5,-3.5,5.5));
#3524=CARTESIAN_POINT('',(-10.5,2.5,1.5));
#3525=CARTESIAN_POINT('',(-10.5,2.5,5.5));
#3526=B_SPLINE_SURFACE_WITH_KNOTS('',1,1,((#3522,#3523),(#3524,#3525)),.UNSPECIFIED.,.F.,.F.,.U.,(2,2),(2,2),(-0.006,0.),(0.,0.004),.UNSPECIFIED.);
#3527=CARTESIAN_POINT('',(-10.5,2.5,5.5));
#3528=VERTEX_POINT('',#3527);
#3529=CARTESIAN_POINT('',(-10.5,-3.5,5.5));
#3530=CARTESIAN_POINT('',(-10.5,2.5,5.5));
#3531=B_SPLINE_CURVE_WITH_KNOTS('',1,(#3529,#3530),.UNSPECIFIED.,.F.,.F.,(2,2),(-0.006,0.),.UNSPECIFIED.);
#3532=EDGE_CURVE('',#3499,#3528,#3531,.T.);
#3533=ORIENTED_EDGE('',*,*,#3532,.F.);
#3534=ORIENTED_EDGE('',*,*,#3517,.F.);
#3535=ORIENTED_EDGE('',*,*,#3267,.T.);
#3536=CARTESIAN_POINT('',(-10.5,2.5,1.5));
#3537=CARTESIAN_POINT('',(-10.5,2.5,5.5));
#3538=B_SPLINE_CURVE_WITH_KNOTS('',1,(#3536,#3537),.UNSPECIFIED.,.F.,.F.,(2,2),(0.,0.004),.UNSPECIFIED.);
#3539=EDGE_CURVE('',#3263,#3528,#3538,.T.);
#3540=ORIENTED_EDGE('',*,*,#3539,.T.);
#3541=EDGE_LOOP('',(#3533,#3534,#3535,#3540));
#3542=FACE_BOUND('',#3541,.T.);
#3543=ADVANCED_FACE('',(#3542),#3526,.T.);
#3544=CARTESIAN_POINT('',(-10.5,2.5,1.5));
#3545=CARTESIAN_POINT('',(-10.5,2.5,5.5));
#3546=CARTESIAN_POINT('',(-10.5,7.696152423,1.5));
#3547=CARTESIAN_POINT('',(-10.5,7.696152423,5.5));
#3548=CARTESIAN_POINT('',(-15.,5.098076211,1.5));
#3549=CARTESIAN_POINT('',(-15.,5.098076211,5.5));
#3550=CARTESIAN_POINT('',(-16.5,4.232050808,1.5));
#3551=CARTESIAN_POINT('',(-16.5,4.232050808,5.5));
#3552=CARTESIAN_POINT('',(-16.5,2.5,1.5));
#3553=CARTESIAN_POINT('',(-16.5,2.5,5.5));
#3554=(BOUNDED_SURFACE()
B_SPLINE_SURFACE(2,1,((#3544,#3545),(#3546,#3547),(#3548,#3549),(#3550,#3551),(#3552,#3553)),.UNSPECIFIED.,.F.,.F.,.U.)
B_SPLINE_SURFACE_WITH_KNOTS((3,2,3),(2,2),(0.,2.094395102,3.141592654),(-0.,0.004),.UNSPECIFIED.)
GEOMETRIC_REPRESENTATION_ITEM()
RATIONAL_B_SPLINE_SURFACE(((1.,1.),(0.5,0.5),(1.,1.),(0.75,0.75),(0.75,0.75)))
REPRESENTATION_ITEM('')
SURFACE()
);
#3555=CARTESIAN_POINT('',(-16.5,2.5,5.5));
#3556=VERTEX_POINT('',#3555);
#3557=CARTESIAN_POINT('',(-10.5,2.5,5.5));
#3558=CARTESIAN_POINT('',(-10.5,5.5,5.5));
#3559=CARTESIAN_POINT('',(-13.5,5.5,5.5));
#3560=CARTESIAN_POINT('',(-16.5,5.5,5.5));
#3561=CARTESIAN_POINT('',(-16.5,2.5,5.5));
#3562=(BOUNDED_CURVE()
B_SPLINE_CURVE(2,(#3557,#3558,#3559,#3560,#3561),.UNSPECIFIED.,.F.,.F.)
B_SPLINE_CURVE_WITH_KNOTS((3,2,3),(3.141592654,4.71238898,6.283185307),.UNSPECIFIED.)
CURVE()
GEOMETRIC_REPRESENTATION_ITEM()
RATIONAL_B_SPLINE_CURVE((1.,0.707106781,1.,0.707106781,1.))
REPRESENTATION_ITEM(''));
#3563=EDGE_CURVE('',#3528,#3556,#3562,.T.);
#3564=ORIENTED_EDGE('',*,*,#3563,.F.);
#3565=ORIENTED_EDGE('',*,*,#3539,.F.);
#3566=ORIENTED_EDGE('',*,*,#3292,.T.);
#3567=CARTESIAN_POINT('',(-16.5,2.5,1.5));
#3568=CARTESIAN_POINT('',(-16.5,2.5,5.5));
#3569=B_SPLINE_CURVE_WITH_KNOTS('',1,(#3567,#3568),.UNSPECIFIED.,.F.,.F.,(2,2),(0.,0.004),.UNSPECIFIED.);
#3570=EDGE_CURVE('',#3280,#3556,#3569,.T.);
#3571=ORIENTED_EDGE('',*,*,#3570,.T.);
#3572=EDGE_LOOP('',(#3564,#3565,#3566,#3571));
#3573=FACE_BOUND('',#3572,.T.);
#3574=ADVANCED_FACE('',(#3573),#3554,.T.);
#3575=CARTESIAN_POINT('',(-16.5,2.5,1.5));
#3576=CARTESIAN_POINT('',(-16.5,2.5,5.5));
#3577=CARTESIAN_POINT('',(-16.5,-3.5,1.5));
#3578=CARTESIAN_POINT('',(-16.5,-3.5,5.5));
#3579=B_SPLINE_SURFACE_WITH_KNOTS('',1,1,((#3575,#3576),(#3577,#3578)),.UNSPECIFIED.,.F.,.F.,.U.,(2,2),(2,2),(-0.006,0.),(0.,0.004),.UNSPECIFIED.);
#3580=CARTESIAN_POINT('',(-16.5,2.5,5.5));
#3581=CARTESIAN_POINT('',(-16.5,-3.5,5.5));
#3582=B_SPLINE_CURVE_WITH_KNOTS('',1,(#3580,#3581),.UNSPECIFIED.,.F.,.F.,(2,2),(-0.006,0.),.UNSPECIFIED.);
#3583=EDGE_CURVE('',#3556,#3497,#3582,.T.);
#3584=ORIENTED_EDGE('',*,*,#3583,.F.);
#3585=ORIENTED_EDGE('',*,*,#3570,.F.);
#3586=ORIENTED_EDGE('',*,*,#3284,.T.);
#3587=ORIENTED_EDGE('',*,*,#3511,.T.);
#3588=EDGE_LOOP('',(#3584,#3585,#3586,#3587));
#3589=FACE_BOUND('',#3588,.T.);
#3590=ADVANCED_FACE('',(#3589),#3579,.T.);
#3591=CARTESIAN_POINT('',(-10.5,5.5,5.5));
#3592=CARTESIAN_POINT('',(-10.5,-6.5,5.5));
#3593=CARTESIAN_POINT('',(-16.5,5.5,5.5));
#3594=CARTESIAN_POINT('',(-16.5,-6.5,5.5));
#3595=B_SPLINE_SURFACE_WITH_KNOTS('',1,1,((#3591,#3592),(#3593,#3594)),.UNSPECIFIED.,.F.,.F.,.U.,(2,2),(2,2),(0.0105,0.0165),(-0.0055,0.0065),.UNSPECIFIED.);
#3596=CARTESIAN_POINT('',(-13.5,-4.7,5.499999));
#3597=VERTEX_POINT('',#3596);
#3598=CARTESIAN_POINT('',(-13.5,-4.7,5.499999));
#3599=CARTESIAN_POINT('',(-12.3,-4.7,5.499999));
#3600=CARTESIAN_POINT('',(-12.3,-3.5,5.499999));
#3601=CARTESIAN_POINT('',(-12.3,-2.3,5.499999));
#3602=CARTESIAN_POINT('',(-13.5,-2.3,5.499999));
#3603=CARTESIAN_POINT('',(-14.7,-2.3,5.499999));
#3604=CARTESIAN_POINT('',(-14.7,-3.5,5.499999));
#3605=CARTESIAN_POINT('',(-14.7,-4.7,5.499999));
#3606=CARTESIAN_POINT('',(-13.5,-4.7,5.499999));
#3607=(BOUNDED_CURVE()
B_SPLINE_CURVE(2,(#3598,#3599,#3600,#3601,#3602,#3603,#3604,#3605,#3606),.UNSPECIFIED.,.T.,.F.)
B_SPLINE_CURVE_WITH_KNOTS((3,2,2,2,3),(0.,1.570796327,3.141592654,4.71238898,6.283185307),.UNSPECIFIED.)
CURVE()
GEOMETRIC_REPRESENTATION_ITEM()
RATIONAL_B_SPLINE_CURVE((1.,0.707106781,1.,0.707106781,1.,0.707106781,1.,0.707106781,1.))
REPRESENTATION_ITEM(''));
#3608=EDGE_CURVE('',#3597,#3597,#3607,.T.);
#3609=ORIENTED_EDGE('',*,*,#3608,.F.);
#3610=EDGE_LOOP('',(#3609));
#3611=FACE_BOUND('',#3610,.T.);
#3612=CARTESIAN_POINT('',(-13.5,1.3,5.499999));
#3613=VERTEX_POINT('',#3612);
#3614=CARTESIAN_POINT('',(-13.5,1.3,5.499999));
#3615=CARTESIAN_POINT('',(-12.3,1.3,5.499999));
#3616=CARTESIAN_POINT('',(-12.3,2.5,5.499999));
#3617=CARTESIAN_POINT('',(-12.3,3.7,5.499999));
#3618=CARTESIAN_POINT('',(-13.5,3.7,5.499999));
#3619=CARTESIAN_POINT('',(-14.7,3.7,5.499999));
#3620=CARTESIAN_POINT('',(-14.7,2.5,5.499999));
#3621=CARTESIAN_POINT('',(-14.7,1.3,5.499999));
#3622=CARTESIAN_POINT('',(-13.5,1.3,5.499999));
#3623=(BOUNDED_CURVE()
B_SPLINE_CURVE(2,(#3614,#3615,#3616,#3617,#3618,#3619,#3620,#3621,#3622),.UNSPECIFIED.,.T.,.F.)
B_SPLINE_CURVE_WITH_KNOTS((3,2,2,2,3),(0.,1.570796327,3.141592654,4.71238898,6.283185307),.UNSPECIFIED.)
CURVE()
GEOMETRIC_REPRESENTATION_ITEM()
RATIONAL_B_SPLINE_CURVE((1.,0.707106781,1.,0.707106781,1.,0.707106781,1.,0.707106781,1.))
REPRESENTATION_ITEM(''));
#3624=EDGE_CURVE('',#3613,#3613,#3623,.T.);
#3625=ORIENTED_EDGE('',*,*,#3624,.F.);
#3626=EDGE_LOOP('',(#3625));
#3627=FACE_BOUND('',#3626,.T.);
#3628=ORIENTED_EDGE('',*,*,#3506,.T.);
#3629=ORIENTED_EDGE('',*,*,#3532,.T.);
#3630=ORIENTED_EDGE('',*,*,#3563,.T.);
#3631=ORIENTED_EDGE('',*,*,#3583,.T.);
#3632=EDGE_LOOP('',(#3628,#3629,#3630,#3631));
#3633=FACE_BOUND('',#3632,.T.);
#3634=ADVANCED_FACE('',(#3611,#3627,#3633),#3595,.T.);
#3635=CARTESIAN_POINT('',(-10.5,-32.5,1.5));
#3636=CARTESIAN_POINT('',(-10.5,-32.5,5.5));
#3637=CARTESIAN_POINT('',(-10.5,-36.,1.5));
#3638=CARTESIAN_POINT('',(-10.5,-36.,5.5));
#3639=B_SPLINE_SURFACE_WITH_KNOTS('',1,1,((#3635,#3636),(#3637,#3638)),.UNSPECIFIED.,.F.,.F.,.U.,(2,2),(2,2),(0.,0.0035),(0.,0.004),.UNSPECIFIED.);
#3640=CARTESIAN_POINT('',(-10.5,-32.5,5.5));
#3641=VERTEX_POINT('',#3640);
#3642=CARTESIAN_POINT('',(-10.5,-32.5,5.5));
#3643=CARTESIAN_POINT('',(-10.5,-36.,5.5));
#3644=B_SPLINE_CURVE_WITH_KNOTS('',1,(#3642,#3643),.UNSPECIFIED.,.F.,.F.,(2,2),(0.,0.0035),.UNSPECIFIED.);
#3645=EDGE_CURVE('',#3641,#2720,#3644,.T.);
#3646=ORIENTED_EDGE('',*,*,#3645,.T.);
#3647=ORIENTED_EDGE('',*,*,#2724,.F.);
#3648=ORIENTED_EDGE('',*,*,#3137,.F.);
#3649=CARTESIAN_POINT('',(-10.5,-32.5,1.5));
#3650=CARTESIAN_POINT('',(-10.5,-32.5,5.5));
#3651=B_SPLINE_CURVE_WITH_KNOTS('',1,(#3649,#3650),.UNSPECIFIED.,.F.,.F.,(2,2),(0.,0.004),.UNSPECIFIED.);
#3652=EDGE_CURVE('',#3125,#3641,#3651,.T.);
#3653=ORIENTED_EDGE('',*,*,#3652,.T.);
#3654=EDGE_LOOP('',(#3646,#3647,#3648,#3653));
#3655=FACE_BOUND('',#3654,.T.);
#3656=ADVANCED_FACE('',(#3655),#3639,.F.);
#3657=CARTESIAN_POINT('',(-10.5,-32.5,1.5));
#3658=CARTESIAN_POINT('',(-10.5,-32.5,5.5));
#3659=CARTESIAN_POINT('',(-10.5,-27.303847577,1.5));
#3660=CARTESIAN_POINT('',(-10.5,-27.303847577,5.5));
#3661=CARTESIAN_POINT('',(-15.,-29.901923789,1.5));
#3662=CARTESIAN_POINT('',(-15.,-29.901923789,5.5));
#3663=CARTESIAN_POINT('',(-16.5,-30.767949192,1.5));
#3664=CARTESIAN_POINT('',(-16.5,-30.767949192,5.5));
#3665=CARTESIAN_POINT('',(-16.5,-32.5,1.5));
#3666=CARTESIAN_POINT('',(-16.5,-32.5,5.5));
#3667=(BOUNDED_SURFACE()
B_SPLINE_SURFACE(2,1,((#3657,#3658),(#3659,#3660),(#3661,#3662),(#3663,#3664),(#3665,#3666)),.UNSPECIFIED.,.F.,.F.,.U.)
B_SPLINE_SURFACE_WITH_KNOTS((3,2,3),(2,2),(0.,2.094395102,3.141592654),(-0.,0.004),.UNSPECIFIED.)
GEOMETRIC_REPRESENTATION_ITEM()
RATIONAL_B_SPLINE_SURFACE(((1.,1.),(0.5,0.5),(1.,1.),(0.75,0.75),(0.75,0.75)))
REPRESENTATION_ITEM('')
SURFACE()
);
#3668=CARTESIAN_POINT('',(-16.5,-32.5,5.5));
#3669=VERTEX_POINT('',#3668);
#3670=CARTESIAN_POINT('',(-16.5,-32.5,5.5));
#3671=CARTESIAN_POINT('',(-16.5,-29.5,5.5));
#3672=CARTESIAN_POINT('',(-13.5,-29.5,5.5));
#3673=CARTESIAN_POINT('',(-10.5,-29.5,5.5));
#3674=CARTESIAN_POINT('',(-10.5,-32.5,5.5));
#3675=(BOUNDED_CURVE()
B_SPLINE_CURVE(2,(#3670,#3671,#3672,#3673,#3674),.UNSPECIFIED.,.F.,.F.)
B_SPLINE_CURVE_WITH_KNOTS((3,2,3),(1.570796327,3.141592654,4.71238898),.UNSPECIFIED.)
CURVE()
GEOMETRIC_REPRESENTATION_ITEM()
RATIONAL_B_SPLINE_CURVE((1.,0.707106781,1.,0.707106781,1.))
REPRESENTATION_ITEM(''));
#3676=EDGE_CURVE('',#3669,#3641,#3675,.T.);
#3677=ORIENTED_EDGE('',*,*,#3676,.T.);
#3678=ORIENTED_EDGE('',*,*,#3652,.F.);
#3679=ORIENTED_EDGE('',*,*,#3132,.F.);
#3680=CARTESIAN_POINT('',(-16.5,-32.5,1.5));
#3681=CARTESIAN_POINT('',(-16.5,-32.5,5.5));
#3682=B_SPLINE_CURVE_WITH_KNOTS('',1,(#3680,#3681),.UNSPECIFIED.,.F.,.F.,(2,2),(0.,0.004),.UNSPECIFIED.);
#3683=EDGE_CURVE('',#3118,#3669,#3682,.T.);
#3684=ORIENTED_EDGE('',*,*,#3683,.T.);
#3685=EDGE_LOOP('',(#3677,#3678,#3679,#3684));
#3686=FACE_BOUND('',#3685,.T.);
#3687=ADVANCED_FACE('',(#3686),#3667,.T.);
#3688=CARTESIAN_POINT('',(-16.5,-36.,1.5));
#3689=CARTESIAN_POINT('',(-16.5,-36.,5.5));
#3690=CARTESIAN_POINT('',(-16.5,-32.5,1.5));
#3691=CARTESIAN_POINT('',(-16.5,-32.5,5.5));
#3692=B_SPLINE_SURFACE_WITH_KNOTS('',1,1,((#3688,#3689),(#3690,#3691)),.UNSPECIFIED.,.F.,.F.,.U.,(2,2),(2,2),(0.,0.0035),(0.,0.004),.UNSPECIFIED.);
#3693=CARTESIAN_POINT('',(-16.5,-36.,5.5));
#3694=CARTESIAN_POINT('',(-16.5,-32.5,5.5));
#3695=B_SPLINE_CURVE_WITH_KNOTS('',1,(#3693,#3694),.UNSPECIFIED.,.F.,.F.,(2,2),(0.,0.0035),.UNSPECIFIED.);
#3696=EDGE_CURVE('',#2727,#3669,#3695,.T.);
#3697=ORIENTED_EDGE('',*,*,#3696,.T.);
#3698=ORIENTED_EDGE('',*,*,#3683,.F.);
#3699=ORIENTED_EDGE('',*,*,#3122,.F.);
#3700=ORIENTED_EDGE('',*,*,#2738,.T.);
#3701=EDGE_LOOP('',(#3697,#3698,#3699,#3700));
#3702=FACE_BOUND('',#3701,.T.);
#3703=ADVANCED_FACE('',(#3702),#3692,.F.);
#3704=CARTESIAN_POINT('',(-16.5,-29.5,5.5));
#3705=CARTESIAN_POINT('',(-16.5,-36.,5.5));
#3706=CARTESIAN_POINT('',(-10.5,-29.5,5.5));
#3707=CARTESIAN_POINT('',(-10.5,-36.,5.5));
#3708=B_SPLINE_SURFACE_WITH_KNOTS('',1,1,((#3704,#3705),(#3706,#3707)),.UNSPECIFIED.,.F.,.F.,.U.,(2,2),(2,2),(-0.0165,-0.0105),(0.0295,0.036),.UNSPECIFIED.);
#3709=CARTESIAN_POINT('',(-13.5,-33.7,5.499999));
#3710=VERTEX_POINT('',#3709);
#3711=CARTESIAN_POINT('',(-13.5,-33.7,5.499999));
#3712=CARTESIAN_POINT('',(-12.3,-33.7,5.499999));
#3713=CARTESIAN_POINT('',(-12.3,-32.5,5.499999));
#3714=CARTESIAN_POINT('',(-12.3,-31.3,5.499999));
#3715=CARTESIAN_POINT('',(-13.5,-31.3,5.499999));
#3716=CARTESIAN_POINT('',(-14.7,-31.3,5.499999));
#3717=CARTESIAN_POINT('',(-14.7,-32.5,5.499999));
#3718=CARTESIAN_POINT('',(-14.7,-33.7,5.499999));
#3719=CARTESIAN_POINT('',(-13.5,-33.7,5.499999));
#3720=(BOUNDED_CURVE()
B_SPLINE_CURVE(2,(#3711,#3712,#3713,#3714,#3715,#3716,#3717,#3718,#3719),.UNSPECIFIED.,.T.,.F.)
B_SPLINE_CURVE_WITH_KNOTS((3,2,2,2,3),(0.,1.570796327,3.141592654,4.71238898,6.283185307),.UNSPECIFIED.)
CURVE()
GEOMETRIC_REPRESENTATION_ITEM()
RATIONAL_B_SPLINE_CURVE((1.,0.707106781,1.,0.707106781,1.,0.707106781,1.,0.707106781,1.))
REPRESENTATION_ITEM(''));
#3721=EDGE_CURVE('',#3710,#3710,#3720,.T.);
#3722=ORIENTED_EDGE('',*,*,#3721,.F.);
#3723=EDGE_LOOP('',(#3722));
#3724=FACE_BOUND('',#3723,.T.);
#3725=ORIENTED_EDGE('',*,*,#2731,.F.);
#3726=ORIENTED_EDGE('',*,*,#3645,.F.);
#3727=ORIENTED_EDGE('',*,*,#3676,.F.);
#3728=ORIENTED_EDGE('',*,*,#3696,.F.);
#3729=EDGE_LOOP('',(#3725,#3726,#3727,#3728));
#3730=FACE_BOUND('',#3729,.T.);
#3731=ADVANCED_FACE('',(#3724,#3730),#3708,.F.);
#3732=CARTESIAN_POINT('',(69.2,21.,1.5));
#3733=CARTESIAN_POINT('',(69.2,21.,5.5));
#3734=CARTESIAN_POINT('',(69.2,27.062177826,1.5));
#3735=CARTESIAN_POINT('',(69.2,27.062177826,5.5));
#3736=CARTESIAN_POINT('',(63.95,24.031088913,1.5));
#3737=CARTESIAN_POINT('',(63.95,24.031088913,5.5));
#3738=CARTESIAN_POINT('',(62.2,23.020725942,1.5));
#3739=CARTESIAN_POINT('',(62.2,23.020725942,5.5));
#3740=CARTESIAN_POINT('',(62.2,21.,1.5));
#3741=CARTESIAN_POINT('',(62.2,21.,5.5));
#3742=(BOUNDED_SURFACE()
B_SPLINE_SURFACE(2,1,((#3732,#3733),(#3734,#3735),(#3736,#3737),(#3738,#3739),(#3740,#3741)),.UNSPECIFIED.,.F.,.F.,.U.)
B_SPLINE_SURFACE_WITH_KNOTS((3,2,3),(2,2),(0.,2.094395102,3.141592654),(-0.,0.004),.UNSPECIFIED.)
GEOMETRIC_REPRESENTATION_ITEM()
RATIONAL_B_SPLINE_SURFACE(((1.,1.),(0.5,0.5),(1.,1.),(0.75,0.75),(0.75,0.75)))
REPRESENTATION_ITEM('')
SURFACE()
);
#3743=CARTESIAN_POINT('',(69.2,21.,5.5));
#3744=VERTEX_POINT('',#3743);
#3745=CARTESIAN_POINT('',(69.2,21.,5.5));
#3746=CARTESIAN_POINT('',(69.2,21.,1.5));
#3747=B_SPLINE_CURVE_WITH_KNOTS('',1,(#3745,#3746),.UNSPECIFIED.,.F.,.F.,(2,2),(0.,0.004),.UNSPECIFIED.);
#3748=EDGE_CURVE('',#3744,#3297,#3747,.T.);
#3749=ORIENTED_EDGE('',*,*,#3748,.T.);
#3750=ORIENTED_EDGE('',*,*,#3310,.T.);
#3751=CARTESIAN_POINT('',(62.2,21.,5.5));
#3752=VERTEX_POINT('',#3751);
#3753=CARTESIAN_POINT('',(62.2,21.,1.5));
#3754=CARTESIAN_POINT('',(62.2,21.,5.5));
#3755=B_SPLINE_CURVE_WITH_KNOTS('',1,(#3753,#3754),.UNSPECIFIED.,.F.,.F.,(2,2),(0.,0.004),.UNSPECIFIED.);
#3756=EDGE_CURVE('',#3299,#3752,#3755,.T.);
#3757=ORIENTED_EDGE('',*,*,#3756,.T.);
#3758=CARTESIAN_POINT('',(62.2,21.,5.5));
#3759=CARTESIAN_POINT('',(62.2,17.5,5.5));
#3760=CARTESIAN_POINT('',(65.7,17.5,5.5));
#3761=CARTESIAN_POINT('',(69.2,17.5,5.5));
#3762=CARTESIAN_POINT('',(69.2,21.,5.5));
#3763=CARTESIAN_POINT('',(69.2,24.5,5.5));
#3764=CARTESIAN_POINT('',(65.7,24.5,5.5));
#3765=CARTESIAN_POINT('',(62.2,24.5,5.5));
#3766=CARTESIAN_POINT('',(62.2,21.,5.5));
#3767=(BOUNDED_CURVE()
B_SPLINE_CURVE(2,(#3758,#3759,#3760,#3761,#3762,#3763,#3764,#3765,#3766),.UNSPECIFIED.,.T.,.F.)
B_SPLINE_CURVE_WITH_KNOTS((3,2,2,2,3),(0.,1.570796327,3.141592654,4.71238898,6.283185307),.UNSPECIFIED.)
CURVE()
GEOMETRIC_REPRESENTATION_ITEM()
RATIONAL_B_SPLINE_CURVE((1.,0.707106781,1.,0.707106781,1.,0.707106781,1.,0.707106781,1.))
REPRESENTATION_ITEM(''));
#3768=EDGE_CURVE('',#3744,#3752,#3767,.T.);
#3769=ORIENTED_EDGE('',*,*,#3768,.F.);
#3770=EDGE_LOOP('',(#3749,#3750,#3757,#3769));
#3771=FACE_BOUND('',#3770,.T.);
#3772=ADVANCED_FACE('',(#3771),#3742,.T.);
#3773=CARTESIAN_POINT('',(69.2,24.5,5.5));
#3774=CARTESIAN_POINT('',(69.2,17.5,5.5));
#3775=CARTESIAN_POINT('',(62.2,24.5,5.5));
#3776=CARTESIAN_POINT('',(62.2,17.5,5.5));
#3777=B_SPLINE_SURFACE_WITH_KNOTS('',1,1,((#3773,#3774),(#3775,#3776)),.UNSPECIFIED.,.F.,.F.,.U.,(2,2),(2,2),(-0.0692,-0.0622),(-0.0245,-0.0175),.UNSPECIFIED.);
#3778=CARTESIAN_POINT('',(65.7,19.8,5.499999));
#3779=VERTEX_POINT('',#3778);
#3780=CARTESIAN_POINT('',(65.7,19.8,5.499999));
#3781=CARTESIAN_POINT('',(66.9,19.8,5.499999));
#3782=CARTESIAN_POINT('',(66.9,21.,5.499999));
#3783=CARTESIAN_POINT('',(66.9,22.2,5.499999));
#3784=CARTESIAN_POINT('',(65.7,22.2,5.499999));
#3785=CARTESIAN_POINT('',(64.5,22.2,5.499999));
#3786=CARTESIAN_POINT('',(64.5,21.,5.499999));
#3787=CARTESIAN_POINT('',(64.5,19.8,5.499999));
#3788=CARTESIAN_POINT('',(65.7,19.8,5.499999));
#3789=(BOUNDED_CURVE()
B_SPLINE_CURVE(2,(#3780,#3781,#3782,#3783,#3784,#3785,#3786,#3787,#3788),.UNSPECIFIED.,.T.,.F.)
B_SPLINE_CURVE_WITH_KNOTS((3,2,2,2,3),(0.,1.570796327,3.141592654,4.71238898,6.283185307),.UNSPECIFIED.)
CURVE()
GEOMETRIC_REPRESENTATION_ITEM()
RATIONAL_B_SPLINE_CURVE((1.,0.707106781,1.,0.707106781,1.,0.707106781,1.,0.707106781,1.))
REPRESENTATION_ITEM(''));
#3790=EDGE_CURVE('',#3779,#3779,#3789,.T.);
#3791=ORIENTED_EDGE('',*,*,#3790,.F.);
#3792=EDGE_LOOP('',(#3791));
#3793=FACE_BOUND('',#3792,.T.);
#3794=CARTESIAN_POINT('',(62.2,21.,5.5));
#3795=CARTESIAN_POINT('',(62.2,17.5,5.5));
#3796=CARTESIAN_POINT('',(65.7,17.5,5.5));
#3797=CARTESIAN_POINT('',(69.2,17.5,5.5));
#3798=CARTESIAN_POINT('',(69.2,21.,5.5));
#3799=CARTESIAN_POINT('',(69.2,24.5,5.5));
#3800=CARTESIAN_POINT('',(65.7,24.5,5.5));
#3801=CARTESIAN_POINT('',(62.2,24.5,5.5));
#3802=CARTESIAN_POINT('',(62.2,21.,5.5));
#3803=(BOUNDED_CURVE()
B_SPLINE_CURVE(2,(#3794,#3795,#3796,#3797,#3798,#3799,#3800,#3801,#3802),.UNSPECIFIED.,.T.,.F.)
B_SPLINE_CURVE_WITH_KNOTS((3,2,2,2,3),(0.,1.570796327,3.141592654,4.71238898,6.283185307),.UNSPECIFIED.)
CURVE()
GEOMETRIC_REPRESENTATION_ITEM()
RATIONAL_B_SPLINE_CURVE((1.,0.707106781,1.,0.707106781,1.,0.707106781,1.,0.707106781,1.))
REPRESENTATION_ITEM(''));
#3804=EDGE_CURVE('',#3752,#3744,#3803,.T.);
#3805=ORIENTED_EDGE('',*,*,#3804,.T.);
#3806=ORIENTED_EDGE('',*,*,#3768,.T.);
#3807=EDGE_LOOP('',(#3805,#3806));
#3808=FACE_BOUND('',#3807,.T.);
#3809=ADVANCED_FACE('',(#3793,#3808),#3777,.T.);
#3810=CARTESIAN_POINT('',(20.8,22.,1.5));
#3811=CARTESIAN_POINT('',(20.8,22.,5.5));
#3812=CARTESIAN_POINT('',(20.8,28.062177826,1.5));
#3813=CARTESIAN_POINT('',(20.8,28.062177826,5.5));
#3814=CARTESIAN_POINT('',(15.55,25.031088913,1.5));
#3815=CARTESIAN_POINT('',(15.55,25.031088913,5.5));
#3816=CARTESIAN_POINT('',(13.8,24.020725942,1.5));
#3817=CARTESIAN_POINT('',(13.8,24.020725942,5.5));
#3818=CARTESIAN_POINT('',(13.8,22.,1.5));
#3819=CARTESIAN_POINT('',(13.8,22.,5.5));
#3820=(BOUNDED_SURFACE()
B_SPLINE_SURFACE(2,1,((#3810,#3811),(#3812,#3813),(#3814,#3815),(#3816,#3817),(#3818,#3819)),.UNSPECIFIED.,.F.,.F.,.U.)
B_SPLINE_SURFACE_WITH_KNOTS((3,2,3),(2,2),(0.,2.094395102,3.141592654),(-0.,0.004),.UNSPECIFIED.)
GEOMETRIC_REPRESENTATION_ITEM()
RATIONAL_B_SPLINE_SURFACE(((1.,1.),(0.5,0.5),(1.,1.),(0.75,0.75),(0.75,0.75)))
REPRESENTATION_ITEM('')
SURFACE()
);
#3821=CARTESIAN_POINT('',(20.8,22.,5.5));
#3822=VERTEX_POINT('',#3821);
#3823=CARTESIAN_POINT('',(20.8,22.,5.5));
#3824=CARTESIAN_POINT('',(20.8,22.,1.5));
#3825=B_SPLINE_CURVE_WITH_KNOTS('',1,(#3823,#3824),.UNSPECIFIED.,.F.,.F.,(2,2),(0.,0.004),.UNSPECIFIED.);
#3826=EDGE_CURVE('',#3822,#3327,#3825,.T.);
#3827=ORIENTED_EDGE('',*,*,#3826,.T.);
#3828=ORIENTED_EDGE('',*,*,#3340,.T.);
#3829=CARTESIAN_POINT('',(13.8,22.,5.5));
#3830=VERTEX_POINT('',#3829);
#3831=CARTESIAN_POINT('',(13.8,22.,1.5));
#3832=CARTESIAN_POINT('',(13.8,22.,5.5));
#3833=B_SPLINE_CURVE_WITH_KNOTS('',1,(#3831,#3832),.UNSPECIFIED.,.F.,.F.,(2,2),(0.,0.004),.UNSPECIFIED.);
#3834=EDGE_CURVE('',#3329,#3830,#3833,.T.);
#3835=ORIENTED_EDGE('',*,*,#3834,.T.);
#3836=CARTESIAN_POINT('',(13.8,22.,5.5));
#3837=CARTESIAN_POINT('',(13.8,18.5,5.5));
#3838=CARTESIAN_POINT('',(17.3,18.5,5.5));
#3839=CARTESIAN_POINT('',(20.8,18.5,5.5));
#3840=CARTESIAN_POINT('',(20.8,22.,5.5));
#3841=CARTESIAN_POINT('',(20.8,25.5,5.5));
#3842=CARTESIAN_POINT('',(17.3,25.5,5.5));
#3843=CARTESIAN_POINT('',(13.8,25.5,5.5));
#3844=CARTESIAN_POINT('',(13.8,22.,5.5));
#3845=(BOUNDED_CURVE()
B_SPLINE_CURVE(2,(#3836,#3837,#3838,#3839,#3840,#3841,#3842,#3843,#3844),.UNSPECIFIED.,.T.,.F.)
B_SPLINE_CURVE_WITH_KNOTS((3,2,2,2,3),(4.71238898,6.283185307,7.853981634,9.424777961,10.995574288),.UNSPECIFIED.)
CURVE()
GEOMETRIC_REPRESENTATION_ITEM()
RATIONAL_B_SPLINE_CURVE((1.,0.707106781,1.,0.707106781,1.,0.707106781,1.,0.707106781,1.))
REPRESENTATION_ITEM(''));
#3846=EDGE_CURVE('',#3822,#3830,#3845,.T.);
#3847=ORIENTED_EDGE('',*,*,#3846,.F.);
#3848=EDGE_LOOP('',(#3827,#3828,#3835,#3847));
#3849=FACE_BOUND('',#3848,.T.);
#3850=ADVANCED_FACE('',(#3849),#3820,.T.);
#3851=CARTESIAN_POINT('',(20.8,25.5,5.5));
#3852=CARTESIAN_POINT('',(20.8,18.5,5.5));
#3853=CARTESIAN_POINT('',(13.8,25.5,5.5));
#3854=CARTESIAN_POINT('',(13.8,18.5,5.5));
#3855=B_SPLINE_SURFACE_WITH_KNOTS('',1,1,((#3851,#3852),(#3853,#3854)),.UNSPECIFIED.,.F.,.F.,.U.,(2,2),(2,2),(-0.0208,-0.0138),(-0.0255,-0.0185),.UNSPECIFIED.);
#3856=CARTESIAN_POINT('',(17.3,20.8,5.499999));
#3857=VERTEX_POINT('',#3856);
#3858=CARTESIAN_POINT('',(17.3,20.8,5.499999));
#3859=CARTESIAN_POINT('',(18.5,20.8,5.499999));
#3860=CARTESIAN_POINT('',(18.5,22.,5.499999));
#3861=CARTESIAN_POINT('',(18.5,23.2,5.499999));
#3862=CARTESIAN_POINT('',(17.3,23.2,5.499999));
#3863=CARTESIAN_POINT('',(16.1,23.2,5.499999));
#3864=CARTESIAN_POINT('',(16.1,22.,5.499999));
#3865=CARTESIAN_POINT('',(16.1,20.8,5.499999));
#3866=CARTESIAN_POINT('',(17.3,20.8,5.499999));
#3867=(BOUNDED_CURVE()
B_SPLINE_CURVE(2,(#3858,#3859,#3860,#3861,#3862,#3863,#3864,#3865,#3866),.UNSPECIFIED.,.T.,.F.)
B_SPLINE_CURVE_WITH_KNOTS((3,2,2,2,3),(0.,1.570796327,3.141592654,4.71238898,6.283185307),.UNSPECIFIED.)
CURVE()
GEOMETRIC_REPRESENTATION_ITEM()
RATIONAL_B_SPLINE_CURVE((1.,0.707106781,1.,0.707106781,1.,0.707106781,1.,0.707106781,1.))
REPRESENTATION_ITEM(''));
#3868=EDGE_CURVE('',#3857,#3857,#3867,.T.);
#3869=ORIENTED_EDGE('',*,*,#3868,.F.);
#3870=EDGE_LOOP('',(#3869));
#3871=FACE_BOUND('',#3870,.T.);
#3872=CARTESIAN_POINT('',(13.8,22.,5.5));
#3873=CARTESIAN_POINT('',(13.8,18.5,5.5));
#3874=CARTESIAN_POINT('',(17.3,18.5,5.5));
#3875=CARTESIAN_POINT('',(20.8,18.5,5.5));
#3876=CARTESIAN_POINT('',(20.8,22.,5.5));
#3877=CARTESIAN_POINT('',(20.8,25.5,5.5));
#3878=CARTESIAN_POINT('',(17.3,25.5,5.5));
#3879=CARTESIAN_POINT('',(13.8,25.5,5.5));
#3880=CARTESIAN_POINT('',(13.8,22.,5.5));
#3881=(BOUNDED_CURVE()
B_SPLINE_CURVE(2,(#3872,#3873,#3874,#3875,#3876,#3877,#3878,#3879,#3880),.UNSPECIFIED.,.T.,.F.)
B_SPLINE_CURVE_WITH_KNOTS((3,2,2,2,3),(4.71238898,6.283185307,7.853981634,9.424777961,10.995574288),.UNSPECIFIED.)
CURVE()
GEOMETRIC_REPRESENTATION_ITEM()
RATIONAL_B_SPLINE_CURVE((1.,0.707106781,1.,0.707106781,1.,0.707106781,1.,0.707106781,1.))
REPRESENTATION_ITEM(''));
#3882=EDGE_CURVE('',#3830,#3822,#3881,.T.);
#3883=ORIENTED_EDGE('',*,*,#3882,.T.);
#3884=ORIENTED_EDGE('',*,*,#3846,.T.);
#3885=EDGE_LOOP('',(#3883,#3884));
#3886=FACE_BOUND('',#3885,.T.);
#3887=ADVANCED_FACE('',(#3871,#3886),#3855,.T.);
#3888=CARTESIAN_POINT('',(45.,-36.,1.5));
#3889=CARTESIAN_POINT('',(45.,-36.,5.5));
#3890=CARTESIAN_POINT('',(45.,-30.,1.5));
#3891=CARTESIAN_POINT('',(45.,-30.,5.5));
#3892=B_SPLINE_SURFACE_WITH_KNOTS('',1,1,((#3888,#3889),(#3890,#3891)),.UNSPECIFIED.,.F.,.F.,.U.,(2,2),(2,2),(0.,0.006),(0.,0.004),.UNSPECIFIED.);
#3893=CARTESIAN_POINT('',(45.,-30.,5.5));
#3894=VERTEX_POINT('',#3893);
#3895=CARTESIAN_POINT('',(45.,-36.,5.5));
#3896=CARTESIAN_POINT('',(45.,-30.,5.5));
#3897=B_SPLINE_CURVE_WITH_KNOTS('',1,(#3895,#3896),.UNSPECIFIED.,.F.,.F.,(2,2),(0.,0.006),.UNSPECIFIED.);
#3898=EDGE_CURVE('',#2664,#3894,#3897,.T.);
#3899=ORIENTED_EDGE('',*,*,#3898,.F.);
#3900=ORIENTED_EDGE('',*,*,#2668,.F.);
#3901=ORIENTED_EDGE('',*,*,#3183,.T.);
#3902=CARTESIAN_POINT('',(45.,-30.,1.5));
#3903=CARTESIAN_POINT('',(45.,-30.,5.5));
#3904=B_SPLINE_CURVE_WITH_KNOTS('',1,(#3902,#3903),.UNSPECIFIED.,.F.,.F.,(2,2),(0.,0.004),.UNSPECIFIED.);
#3905=EDGE_CURVE('',#3171,#3894,#3904,.T.);
#3906=ORIENTED_EDGE('',*,*,#3905,.T.);
#3907=EDGE_LOOP('',(#3899,#3900,#3901,#3906));
#3908=FACE_BOUND('',#3907,.T.);
#3909=ADVANCED_FACE('',(#3908),#3892,.T.);
#3910=CARTESIAN_POINT('',(45.,-30.,1.5));
#3911=CARTESIAN_POINT('',(45.,-30.,5.5));
#3912=CARTESIAN_POINT('',(45.,-23.937822174,1.5));
#3913=CARTESIAN_POINT('',(45.,-23.937822174,5.5));
#3914=CARTESIAN_POINT('',(39.75,-26.968911087,1.5));
#3915=CARTESIAN_POINT('',(39.75,-26.968911087,5.5));
#3916=CARTESIAN_POINT('',(38.,-27.979274058,1.5));
#3917=CARTESIAN_POINT('',(38.,-27.979274058,5.5));
#3918=CARTESIAN_POINT('',(38.,-30.,1.5));
#3919=CARTESIAN_POINT('',(38.,-30.,5.5));
#3920=(BOUNDED_SURFACE()
B_SPLINE_SURFACE(2,1,((#3910,#3911),(#3912,#3913),(#3914,#3915),(#3916,#3917),(#3918,#3919)),.UNSPECIFIED.,.F.,.F.,.U.)
B_SPLINE_SURFACE_WITH_KNOTS((3,2,3),(2,2),(0.,2.094395102,3.141592654),(-0.,0.004),.UNSPECIFIED.)
GEOMETRIC_REPRESENTATION_ITEM()
RATIONAL_B_SPLINE_SURFACE(((1.,1.),(0.5,0.5),(1.,1.),(0.75,0.75),(0.75,0.75)))
REPRESENTATION_ITEM('')
SURFACE()
);
#3921=CARTESIAN_POINT('',(38.,-30.,5.5));
#3922=VERTEX_POINT('',#3921);
#3923=CARTESIAN_POINT('',(45.,-30.,5.5));
#3924=CARTESIAN_POINT('',(45.,-26.5,5.5));
#3925=CARTESIAN_POINT('',(41.5,-26.5,5.5));
#3926=CARTESIAN_POINT('',(38.,-26.5,5.5));
#3927=CARTESIAN_POINT('',(38.,-30.,5.5));
#3928=(BOUNDED_CURVE()
B_SPLINE_CURVE(2,(#3923,#3924,#3925,#3926,#3927),.UNSPECIFIED.,.F.,.F.)
B_SPLINE_CURVE_WITH_KNOTS((3,2,3),(3.141592654,4.71238898,6.283185307),.UNSPECIFIED.)
CURVE()
GEOMETRIC_REPRESENTATION_ITEM()
RATIONAL_B_SPLINE_CURVE((1.,0.707106781,1.,0.707106781,1.))
REPRESENTATION_ITEM(''));
#3929=EDGE_CURVE('',#3894,#3922,#3928,.T.);
#3930=ORIENTED_EDGE('',*,*,#3929,.F.);
#3931=ORIENTED_EDGE('',*,*,#3905,.F.);
#3932=ORIENTED_EDGE('',*,*,#3178,.T.);
#3933=CARTESIAN_POINT('',(38.,-30.,1.5));
#3934=CARTESIAN_POINT('',(38.,-30.,5.5));
#3935=B_SPLINE_CURVE_WITH_KNOTS('',1,(#3933,#3934),.UNSPECIFIED.,.F.,.F.,(2,2),(0.,0.004),.UNSPECIFIED.);
#3936=EDGE_CURVE('',#3164,#3922,#3935,.T.);
#3937=ORIENTED_EDGE('',*,*,#3936,.T.);
#3938=EDGE_LOOP('',(#3930,#3931,#3932,#3937));
#3939=FACE_BOUND('',#3938,.T.);
#3940=ADVANCED_FACE('',(#3939),#3920,.T.);
#3941=CARTESIAN_POINT('',(38.,-30.,1.5));
#3942=CARTESIAN_POINT('',(38.,-30.,5.5));
#3943=CARTESIAN_POINT('',(38.,-36.,1.5));
#3944=CARTESIAN_POINT('',(38.,-36.,5.5));
#3945=B_SPLINE_SURFACE_WITH_KNOTS('',1,1,((#3941,#3942),(#3943,#3944)),.UNSPECIFIED.,.F.,.F.,.U.,(2,2),(2,2),(0.,0.006),(0.,0.004),.UNSPECIFIED.);
#3946=CARTESIAN_POINT('',(38.,-30.,5.5));
#3947=CARTESIAN_POINT('',(38.,-36.,5.5));
#3948=B_SPLINE_CURVE_WITH_KNOTS('',1,(#3946,#3947),.UNSPECIFIED.,.F.,.F.,(2,2),(0.,0.006),.UNSPECIFIED.);
#3949=EDGE_CURVE('',#3922,#2671,#3948,.T.);
#3950=ORIENTED_EDGE('',*,*,#3949,.F.);
#3951=ORIENTED_EDGE('',*,*,#3936,.F.);
#3952=ORIENTED_EDGE('',*,*,#3168,.T.);
#3953=ORIENTED_EDGE('',*,*,#2682,.T.);
#3954=EDGE_LOOP('',(#3950,#3951,#3952,#3953));
#3955=FACE_BOUND('',#3954,.T.);
#3956=ADVANCED_FACE('',(#3955),#3945,.T.);
#3957=CARTESIAN_POINT('',(45.,-26.5,5.5));
#3958=CARTESIAN_POINT('',(45.,-36.,5.5));
#3959=CARTESIAN_POINT('',(38.,-26.5,5.5));
#3960=CARTESIAN_POINT('',(38.,-36.,5.5));
#3961=B_SPLINE_SURFACE_WITH_KNOTS('',1,1,((#3957,#3958),(#3959,#3960)),.UNSPECIFIED.,.F.,.F.,.U.,(2,2),(2,2),(-0.045,-0.038),(0.0265,0.036),.UNSPECIFIED.);
#3962=CARTESIAN_POINT('',(41.5,-31.2,5.499999));
#3963=VERTEX_POINT('',#3962);
#3964=CARTESIAN_POINT('',(41.5,-31.2,5.499999));
#3965=CARTESIAN_POINT('',(42.7,-31.2,5.499999));
#3966=CARTESIAN_POINT('',(42.7,-30.,5.499999));
#3967=CARTESIAN_POINT('',(42.7,-28.8,5.499999));
#3968=CARTESIAN_POINT('',(41.5,-28.8,5.499999));
#3969=CARTESIAN_POINT('',(40.3,-28.8,5.499999));
#3970=CARTESIAN_POINT('',(40.3,-30.,5.499999));
#3971=CARTESIAN_POINT('',(40.3,-31.2,5.499999));
#3972=CARTESIAN_POINT('',(41.5,-31.2,5.499999));
#3973=(BOUNDED_CURVE()
B_SPLINE_CURVE(2,(#3964,#3965,#3966,#3967,#3968,#3969,#3970,#3971,#3972),.UNSPECIFIED.,.T.,.F.)
B_SPLINE_CURVE_WITH_KNOTS((3,2,2,2,3),(0.,1.570796327,3.141592654,4.71238898,6.283185307),.UNSPECIFIED.)
CURVE()
GEOMETRIC_REPRESENTATION_ITEM()
RATIONAL_B_SPLINE_CURVE((1.,0.707106781,1.,0.707106781,1.,0.707106781,1.,0.707106781,1.))
REPRESENTATION_ITEM(''));
#3974=EDGE_CURVE('',#3963,#3963,#3973,.T.);
#3975=ORIENTED_EDGE('',*,*,#3974,.F.);
#3976=EDGE_LOOP('',(#3975));
#3977=FACE_BOUND('',#3976,.T.);
#3978=ORIENTED_EDGE('',*,*,#3898,.T.);
#3979=ORIENTED_EDGE('',*,*,#3929,.T.);
#3980=ORIENTED_EDGE('',*,*,#3949,.T.);
#3981=ORIENTED_EDGE('',*,*,#2675,.T.);
#3982=EDGE_LOOP('',(#3978,#3979,#3980,#3981));
#3983=FACE_BOUND('',#3982,.T.);
#3984=ADVANCED_FACE('',(#3977,#3983),#3961,.T.);
#3985=CARTESIAN_POINT('',(25.63,-36.,1.5));
#3986=CARTESIAN_POINT('',(25.63,-36.,5.5));
#3987=CARTESIAN_POINT('',(25.63,-30.,1.5));
#3988=CARTESIAN_POINT('',(25.63,-30.,5.5));
#3989=B_SPLINE_SURFACE_WITH_KNOTS('',1,1,((#3985,#3986),(#3987,#3988)),.UNSPECIFIED.,.F.,.F.,.U.,(2,2),(2,2),(0.,0.006),(0.,0.004),.UNSPECIFIED.);
#3990=CARTESIAN_POINT('',(25.63,-30.,5.5));
#3991=VERTEX_POINT('',#3990);
#3992=CARTESIAN_POINT('',(25.63,-36.,5.5));
#3993=CARTESIAN_POINT('',(25.63,-30.,5.5));
#3994=B_SPLINE_CURVE_WITH_KNOTS('',1,(#3992,#3993),.UNSPECIFIED.,.F.,.F.,(2,2),(0.,0.006),.UNSPECIFIED.);
#3995=EDGE_CURVE('',#2692,#3991,#3994,.T.);
#3996=ORIENTED_EDGE('',*,*,#3995,.F.);
#3997=ORIENTED_EDGE('',*,*,#2696,.F.);
#3998=ORIENTED_EDGE('',*,*,#3160,.T.);
#3999=CARTESIAN_POINT('',(25.63,-30.,1.5));
#4000=CARTESIAN_POINT('',(25.63,-30.,5.5));
#4001=B_SPLINE_CURVE_WITH_KNOTS('',1,(#3999,#4000),.UNSPECIFIED.,.F.,.F.,(2,2),(0.,0.004),.UNSPECIFIED.);
#4002=EDGE_CURVE('',#3148,#3991,#4001,.T.);
#4003=ORIENTED_EDGE('',*,*,#4002,.T.);
#4004=EDGE_LOOP('',(#3996,#3997,#3998,#4003));
#4005=FACE_BOUND('',#4004,.T.);
#4006=ADVANCED_FACE('',(#4005),#3989,.T.);
#4007=CARTESIAN_POINT('',(25.63,-30.,1.5));
#4008=CARTESIAN_POINT('',(25.63,-30.,5.5));
#4009=CARTESIAN_POINT('',(25.63,-23.937822174,1.5));
#4010=CARTESIAN_POINT('',(25.63,-23.937822174,5.5));
#4011=CARTESIAN_POINT('',(20.38,-26.968911087,1.5));
#4012=CARTESIAN_POINT('',(20.38,-26.968911087,5.5));
#4013=CARTESIAN_POINT('',(18.63,-27.979274058,1.5));
#4014=CARTESIAN_POINT('',(18.63,-27.979274058,5.5));
#4015=CARTESIAN_POINT('',(18.63,-30.,1.5));
#4016=CARTESIAN_POINT('',(18.63,-30.,5.5));
#4017=(BOUNDED_SURFACE()
B_SPLINE_SURFACE(2,1,((#4007,#4008),(#4009,#4010),(#4011,#4012),(#4013,#4014),(#4015,#4016)),.UNSPECIFIED.,.F.,.F.,.U.)
B_SPLINE_SURFACE_WITH_KNOTS((3,2,3),(2,2),(0.,2.094395102,3.141592654),(-0.,0.004),.UNSPECIFIED.)
GEOMETRIC_REPRESENTATION_ITEM()
RATIONAL_B_SPLINE_SURFACE(((1.,1.),(0.5,0.5),(1.,1.),(0.75,0.75),(0.75,0.75)))
REPRESENTATION_ITEM('')
SURFACE()
);
#4018=CARTESIAN_POINT('',(18.63,-30.,5.5));
#4019=VERTEX_POINT('',#4018);
#4020=CARTESIAN_POINT('',(25.63,-30.,5.5));
#4021=CARTESIAN_POINT('',(25.63,-26.5,5.5));
#4022=CARTESIAN_POINT('',(22.13,-26.5,5.5));
#4023=CARTESIAN_POINT('',(18.63,-26.5,5.5));
#4024=CARTESIAN_POINT('',(18.63,-30.,5.5));
#4025=(BOUNDED_CURVE()
B_SPLINE_CURVE(2,(#4020,#4021,#4022,#4023,#4024),.UNSPECIFIED.,.F.,.F.)
B_SPLINE_CURVE_WITH_KNOTS((3,2,3),(1.570796327,3.141592654,4.71238898),.UNSPECIFIED.)
CURVE()
GEOMETRIC_REPRESENTATION_ITEM()
RATIONAL_B_SPLINE_CURVE((1.,0.707106781,1.,0.707106781,1.))
REPRESENTATION_ITEM(''));
#4026=EDGE_CURVE('',#3991,#4019,#4025,.T.);
#4027=ORIENTED_EDGE('',*,*,#4026,.F.);
#4028=ORIENTED_EDGE('',*,*,#4002,.F.);
#4029=ORIENTED_EDGE('',*,*,#3155,.T.);
#4030=CARTESIAN_POINT('',(18.63,-30.,1.5));
#4031=CARTESIAN_POINT('',(18.63,-30.,5.5));
#4032=B_SPLINE_CURVE_WITH_KNOTS('',1,(#4030,#4031),.UNSPECIFIED.,.F.,.F.,(2,2),(0.,0.004),.UNSPECIFIED.);
#4033=EDGE_CURVE('',#3141,#4019,#4032,.T.);
#4034=ORIENTED_EDGE('',*,*,#4033,.T.);
#4035=EDGE_LOOP('',(#4027,#4028,#4029,#4034));
#4036=FACE_BOUND('',#4035,.T.);
#4037=ADVANCED_FACE('',(#4036),#4017,.T.);
#4038=CARTESIAN_POINT('',(18.63,-30.,1.5));
#4039=CARTESIAN_POINT('',(18.63,-30.,5.5));
#4040=CARTESIAN_POINT('',(18.63,-36.,1.5));
#4041=CARTESIAN_POINT('',(18.63,-36.,5.5));
#4042=B_SPLINE_SURFACE_WITH_KNOTS('',1,1,((#4038,#4039),(#4040,#4041)),.UNSPECIFIED.,.F.,.F.,.U.,(2,2),(2,2),(0.,0.006),(0.,0.004),.UNSPECIFIED.);
#4043=CARTESIAN_POINT('',(18.63,-30.,5.5));
#4044=CARTESIAN_POINT('',(18.63,-36.,5.5));
#4045=B_SPLINE_CURVE_WITH_KNOTS('',1,(#4043,#4044),.UNSPECIFIED.,.F.,.F.,(2,2),(0.,0.006),.UNSPECIFIED.);
#4046=EDGE_CURVE('',#4019,#2699,#4045,.T.);
#4047=ORIENTED_EDGE('',*,*,#4046,.F.);
#4048=ORIENTED_EDGE('',*,*,#4033,.F.);
#4049=ORIENTED_EDGE('',*,*,#3145,.T.);
#4050=ORIENTED_EDGE('',*,*,#2710,.T.);
#4051=EDGE_LOOP('',(#4047,#4048,#4049,#4050));
#4052=FACE_BOUND('',#4051,.T.);
#4053=ADVANCED_FACE('',(#4052),#4042,.T.);
#4054=CARTESIAN_POINT('',(25.63,-26.5,5.5));
#4055=CARTESIAN_POINT('',(25.63,-36.,5.5));
#4056=CARTESIAN_POINT('',(18.63,-26.5,5.5));
#4057=CARTESIAN_POINT('',(18.63,-36.,5.5));
#4058=B_SPLINE_SURFACE_WITH_KNOTS('',1,1,((#4054,#4055),(#4056,#4057)),.UNSPECIFIED.,.F.,.F.,.U.,(2,2),(2,2),(-0.02563,-0.01863),(0.0265,0.036),.UNSPECIFIED.);
#4059=CARTESIAN_POINT('',(22.13,-31.2,5.499999));
#4060=VERTEX_POINT('',#4059);
#4061=CARTESIAN_POINT('',(22.13,-31.2,5.499999));
#4062=CARTESIAN_POINT('',(23.33,-31.2,5.499999));
#4063=CARTESIAN_POINT('',(23.33,-30.,5.499999));
#4064=CARTESIAN_POINT('',(23.33,-28.8,5.499999));
#4065=CARTESIAN_POINT('',(22.13,-28.8,5.499999));
#4066=CARTESIAN_POINT('',(20.93,-28.8,5.499999));
#4067=CARTESIAN_POINT('',(20.93,-30.,5.499999));
#4068=CARTESIAN_POINT('',(20.93,-31.2,5.499999));
#4069=CARTESIAN_POINT('',(22.13,-31.2,5.499999));
#4070=(BOUNDED_CURVE()
B_SPLINE_CURVE(2,(#4061,#4062,#4063,#4064,#4065,#4066,#4067,#4068,#4069),.UNSPECIFIED.,.T.,.F.)
B_SPLINE_CURVE_WITH_KNOTS((3,2,2,2,3),(0.,1.570796327,3.141592654,4.71238898,6.283185307),.UNSPECIFIED.)
CURVE()
GEOMETRIC_REPRESENTATION_ITEM()
RATIONAL_B_SPLINE_CURVE((1.,0.707106781,1.,0.707106781,1.,0.707106781,1.,0.707106781,1.))
REPRESENTATION_ITEM(''));
#4071=EDGE_CURVE('',#4060,#4060,#4070,.T.);
#4072=ORIENTED_EDGE('',*,*,#4071,.F.);
#4073=EDGE_LOOP('',(#4072));
#4074=FACE_BOUND('',#4073,.T.);
#4075=ORIENTED_EDGE('',*,*,#3995,.T.);
#4076=ORIENTED_EDGE('',*,*,#4026,.T.);
#4077=ORIENTED_EDGE('',*,*,#4046,.T.);
#4078=ORIENTED_EDGE('',*,*,#2703,.T.);
#4079=EDGE_LOOP('',(#4075,#4076,#4077,#4078));
#4080=FACE_BOUND('',#4079,.T.);
#4081=ADVANCED_FACE('',(#4074,#4080),#4058,.T.);
#4082=CARTESIAN_POINT('',(-10.5,36.,1.5));
#4083=CARTESIAN_POINT('',(-10.5,36.,5.5));
#4084=CARTESIAN_POINT('',(-10.5,31.5,1.5));
#4085=CARTESIAN_POINT('',(-10.5,31.5,5.5));
#4086=B_SPLINE_SURFACE_WITH_KNOTS('',1,1,((#4082,#4083),(#4084,#4085)),.UNSPECIFIED.,.F.,.F.,.U.,(2,2),(2,2),(0.,0.0045),(0.,0.004),.UNSPECIFIED.);
#4087=CARTESIAN_POINT('',(-10.5,31.5,5.5));
#4088=VERTEX_POINT('',#4087);
#4089=CARTESIAN_POINT('',(-10.5,36.,5.5));
#4090=CARTESIAN_POINT('',(-10.5,31.5,5.5));
#4091=B_SPLINE_CURVE_WITH_KNOTS('',1,(#4089,#4090),.UNSPECIFIED.,.F.,.F.,(2,2),(0.,0.0045),.UNSPECIFIED.);
#4092=EDGE_CURVE('',#2915,#4088,#4091,.T.);
#4093=ORIENTED_EDGE('',*,*,#4092,.T.);
#4094=CARTESIAN_POINT('',(-10.5,31.5,1.5));
#4095=CARTESIAN_POINT('',(-10.5,31.5,5.5));
#4096=B_SPLINE_CURVE_WITH_KNOTS('',1,(#4094,#4095),.UNSPECIFIED.,.F.,.F.,(2,2),(0.,0.004),.UNSPECIFIED.);
#4097=EDGE_CURVE('',#3023,#4088,#4096,.T.);
#4098=ORIENTED_EDGE('',*,*,#4097,.F.);
#4099=ORIENTED_EDGE('',*,*,#3027,.F.);
#4100=ORIENTED_EDGE('',*,*,#2926,.T.);
#4101=EDGE_LOOP('',(#4093,#4098,#4099,#4100));
#4102=FACE_BOUND('',#4101,.T.);
#4103=ADVANCED_FACE('',(#4102),#4086,.F.);
#4104=CARTESIAN_POINT('',(-16.5,31.5,1.5));
#4105=CARTESIAN_POINT('',(-16.5,31.5,5.5));
#4106=CARTESIAN_POINT('',(-16.5,36.,1.5));
#4107=CARTESIAN_POINT('',(-16.5,36.,5.5));
#4108=B_SPLINE_SURFACE_WITH_KNOTS('',1,1,((#4104,#4105),(#4106,#4107)),.UNSPECIFIED.,.F.,.F.,.U.,(2,2),(2,2),(0.,0.0045),(0.,0.004),.UNSPECIFIED.);
#4109=CARTESIAN_POINT('',(-16.5,31.5,5.5));
#4110=VERTEX_POINT('',#4109);
#4111=CARTESIAN_POINT('',(-16.5,31.5,5.5));
#4112=CARTESIAN_POINT('',(-16.5,36.,5.5));
#4113=B_SPLINE_CURVE_WITH_KNOTS('',1,(#4111,#4112),.UNSPECIFIED.,.F.,.F.,(2,2),(0.,0.0045),.UNSPECIFIED.);
#4114=EDGE_CURVE('',#4110,#2908,#4113,.T.);
#4115=ORIENTED_EDGE('',*,*,#4114,.T.);
#4116=ORIENTED_EDGE('',*,*,#2912,.F.);
#4117=ORIENTED_EDGE('',*,*,#3042,.F.);
#4118=CARTESIAN_POINT('',(-16.5,31.5,1.5));
#4119=CARTESIAN_POINT('',(-16.5,31.5,5.5));
#4120=B_SPLINE_CURVE_WITH_KNOTS('',1,(#4118,#4119),.UNSPECIFIED.,.F.,.F.,(2,2),(0.,0.004),.UNSPECIFIED.);
#4121=EDGE_CURVE('',#3030,#4110,#4120,.T.);
#4122=ORIENTED_EDGE('',*,*,#4121,.T.);
#4123=EDGE_LOOP('',(#4115,#4116,#4117,#4122));
#4124=FACE_BOUND('',#4123,.T.);
#4125=ADVANCED_FACE('',(#4124),#4108,.F.);
#4126=CARTESIAN_POINT('',(-16.5,31.5,1.5));
#4127=CARTESIAN_POINT('',(-16.5,31.5,5.5));
#4128=CARTESIAN_POINT('',(-16.5,29.767949192,1.5));
#4129=CARTESIAN_POINT('',(-16.5,29.767949192,5.5));
#4130=CARTESIAN_POINT('',(-15.,28.901923789,1.5));
#4131=CARTESIAN_POINT('',(-15.,28.901923789,5.5));
#4132=CARTESIAN_POINT('',(-10.5,26.303847577,1.5));
#4133=CARTESIAN_POINT('',(-10.5,26.303847577,5.5));
#4134=CARTESIAN_POINT('',(-10.5,31.5,1.5));
#4135=CARTESIAN_POINT('',(-10.5,31.5,5.5));
#4136=(BOUNDED_SURFACE()
B_SPLINE_SURFACE(2,1,((#4126,#4127),(#4128,#4129),(#4130,#4131),(#4132,#4133),(#4134,#4135)),.UNSPECIFIED.,.F.,.F.,.U.)
B_SPLINE_SURFACE_WITH_KNOTS((3,2,3),(2,2),(3.141592654,4.188790205,6.283185307),(-0.,0.004),.UNSPECIFIED.)
GEOMETRIC_REPRESENTATION_ITEM()
RATIONAL_B_SPLINE_SURFACE(((0.75,0.75),(0.75,0.75),(1.,1.),(0.5,0.5),(1.,1.)))
REPRESENTATION_ITEM('')
SURFACE()
);
#4137=CARTESIAN_POINT('',(-10.5,31.5,5.5));
#4138=CARTESIAN_POINT('',(-10.5,28.5,5.5));
#4139=CARTESIAN_POINT('',(-13.5,28.5,5.5));
#4140=CARTESIAN_POINT('',(-16.5,28.5,5.5));
#4141=CARTESIAN_POINT('',(-16.5,31.5,5.5));
#4142=(BOUNDED_CURVE()
B_SPLINE_CURVE(2,(#4137,#4138,#4139,#4140,#4141),.UNSPECIFIED.,.F.,.F.)
B_SPLINE_CURVE_WITH_KNOTS((3,2,3),(3.141592654,4.71238898,6.283185307),.UNSPECIFIED.)
CURVE()
GEOMETRIC_REPRESENTATION_ITEM()
RATIONAL_B_SPLINE_CURVE((1.,0.707106781,1.,0.707106781,1.))
REPRESENTATION_ITEM(''));
#4143=EDGE_CURVE('',#4088,#4110,#4142,.T.);
#4144=ORIENTED_EDGE('',*,*,#4143,.T.);
#4145=ORIENTED_EDGE('',*,*,#4121,.F.);
#4146=ORIENTED_EDGE('',*,*,#3037,.F.);
#4147=ORIENTED_EDGE('',*,*,#4097,.T.);
#4148=EDGE_LOOP('',(#4144,#4145,#4146,#4147));
#4149=FACE_BOUND('',#4148,.T.);
#4150=ADVANCED_FACE('',(#4149),#4136,.T.);
#4151=CARTESIAN_POINT('',(-16.5,36.,5.5));
#4152=CARTESIAN_POINT('',(-16.5,28.5,5.5));
#4153=CARTESIAN_POINT('',(-10.5,36.,5.5));
#4154=CARTESIAN_POINT('',(-10.5,28.5,5.5));
#4155=B_SPLINE_SURFACE_WITH_KNOTS('',1,1,((#4151,#4152),(#4153,#4154)),.UNSPECIFIED.,.F.,.F.,.U.,(2,2),(2,2),(-0.0165,-0.0105),(-0.036,-0.0285),.UNSPECIFIED.);
#4156=CARTESIAN_POINT('',(-13.5,30.3,5.499999));
#4157=VERTEX_POINT('',#4156);
#4158=CARTESIAN_POINT('',(-13.5,30.3,5.499999));
#4159=CARTESIAN_POINT('',(-12.3,30.3,5.499999));
#4160=CARTESIAN_POINT('',(-12.3,31.5,5.499999));
#4161=CARTESIAN_POINT('',(-12.3,32.7,5.499999));
#4162=CARTESIAN_POINT('',(-13.5,32.7,5.499999));
#4163=CARTESIAN_POINT('',(-14.7,32.7,5.499999));
#4164=CARTESIAN_POINT('',(-14.7,31.5,5.499999));
#4165=CARTESIAN_POINT('',(-14.7,30.3,5.499999));
#4166=CARTESIAN_POINT('',(-13.5,30.3,5.499999));
#4167=(BOUNDED_CURVE()
B_SPLINE_CURVE(2,(#4158,#4159,#4160,#4161,#4162,#4163,#4164,#4165,#4166),.UNSPECIFIED.,.T.,.F.)
B_SPLINE_CURVE_WITH_KNOTS((3,2,2,2,3),(0.,1.570796327,3.141592654,4.71238898,6.283185307),.UNSPECIFIED.)
CURVE()
GEOMETRIC_REPRESENTATION_ITEM()
RATIONAL_B_SPLINE_CURVE((1.,0.707106781,1.,0.707106781,1.,0.707106781,1.,0.707106781,1.))
REPRESENTATION_ITEM(''));
#4168=EDGE_CURVE('',#4157,#4157,#4167,.T.);
#4169=ORIENTED_EDGE('',*,*,#4168,.F.);
#4170=EDGE_LOOP('',(#4169));
#4171=FACE_BOUND('',#4170,.T.);
#4172=ORIENTED_EDGE('',*,*,#4092,.F.);
#4173=ORIENTED_EDGE('',*,*,#2919,.F.);
#4174=ORIENTED_EDGE('',*,*,#4114,.F.);
#4175=ORIENTED_EDGE('',*,*,#4143,.F.);
#4176=EDGE_LOOP('',(#4172,#4173,#4174,#4175));
#4177=FACE_BOUND('',#4176,.T.);
#4178=ADVANCED_FACE('',(#4171,#4177),#4155,.F.);
#4179=CARTESIAN_POINT('',(-75.,-31.5,1.5));
#4180=CARTESIAN_POINT('',(-75.,-31.5,5.5));
#4181=CARTESIAN_POINT('',(-75.,-26.303847577,1.5));
#4182=CARTESIAN_POINT('',(-75.,-26.303847577,5.5));
#4183=CARTESIAN_POINT('',(-79.5,-28.901923789,1.5));
#4184=CARTESIAN_POINT('',(-79.5,-28.901923789,5.5));
#4185=CARTESIAN_POINT('',(-81.,-29.767949192,1.5));
#4186=CARTESIAN_POINT('',(-81.,-29.767949192,5.5));
#4187=CARTESIAN_POINT('',(-81.,-31.5,1.5));
#4188=CARTESIAN_POINT('',(-81.,-31.5,5.5));
#4189=(BOUNDED_SURFACE()
B_SPLINE_SURFACE(2,1,((#4179,#4180),(#4181,#4182),(#4183,#4184),(#4185,#4186),(#4187,#4188)),.UNSPECIFIED.,.F.,.F.,.U.)
B_SPLINE_SURFACE_WITH_KNOTS((3,2,3),(2,2),(0.,2.094395102,3.141592654),(-0.,0.004),.UNSPECIFIED.)
GEOMETRIC_REPRESENTATION_ITEM()
RATIONAL_B_SPLINE_SURFACE(((1.,1.),(0.5,0.5),(1.,1.),(0.75,0.75),(0.75,0.75)))
REPRESENTATION_ITEM('')
SURFACE()
);
#4190=CARTESIAN_POINT('',(-75.,-31.5,5.5));
#4191=VERTEX_POINT('',#4190);
#4192=CARTESIAN_POINT('',(-81.,-31.5,5.5));
#4193=VERTEX_POINT('',#4192);
#4194=CARTESIAN_POINT('',(-75.,-31.5,5.5));
#4195=CARTESIAN_POINT('',(-75.,-28.5,5.5));
#4196=CARTESIAN_POINT('',(-78.,-28.5,5.5));
#4197=CARTESIAN_POINT('',(-81.,-28.5,5.5));
#4198=CARTESIAN_POINT('',(-81.,-31.5,5.5));
#4199=(BOUNDED_CURVE()
B_SPLINE_CURVE(2,(#4194,#4195,#4196,#4197,#4198),.UNSPECIFIED.,.F.,.F.)
B_SPLINE_CURVE_WITH_KNOTS((3,2,3),(3.141592654,4.71238898,6.283185307),.UNSPECIFIED.)
CURVE()
GEOMETRIC_REPRESENTATION_ITEM()
RATIONAL_B_SPLINE_CURVE((1.,0.707106781,1.,0.707106781,1.))
REPRESENTATION_ITEM(''));
#4200=EDGE_CURVE('',#4191,#4193,#4199,.T.);
#4201=ORIENTED_EDGE('',*,*,#4200,.F.);
#4202=CARTESIAN_POINT('',(-75.,-31.5,1.5));
#4203=CARTESIAN_POINT('',(-75.,-31.5,5.5));
#4204=B_SPLINE_CURVE_WITH_KNOTS('',1,(#4202,#4203),.UNSPECIFIED.,.F.,.F.,(2,2),(0.,0.004),.UNSPECIFIED.);
#4205=EDGE_CURVE('',#3079,#4191,#4204,.T.);
#4206=ORIENTED_EDGE('',*,*,#4205,.F.);
#4207=ORIENTED_EDGE('',*,*,#3086,.T.);
#4208=CARTESIAN_POINT('',(-81.,-31.5,1.5));
#4209=CARTESIAN_POINT('',(-81.,-31.5,5.5));
#4210=B_SPLINE_CURVE_WITH_KNOTS('',1,(#4208,#4209),.UNSPECIFIED.,.F.,.F.,(2,2),(0.,0.004),.UNSPECIFIED.);
#4211=EDGE_CURVE('',#3072,#4193,#4210,.T.);
#4212=ORIENTED_EDGE('',*,*,#4211,.T.);
#4213=EDGE_LOOP('',(#4201,#4206,#4207,#4212));
#4214=FACE_BOUND('',#4213,.T.);
#4215=ADVANCED_FACE('',(#4214),#4189,.T.);
#4216=CARTESIAN_POINT('',(-81.,-31.5,1.5));
#4217=CARTESIAN_POINT('',(-81.,-31.5,5.5));
#4218=CARTESIAN_POINT('',(-81.,-36.,1.5));
#4219=CARTESIAN_POINT('',(-81.,-36.,5.5));
#4220=B_SPLINE_SURFACE_WITH_KNOTS('',1,1,((#4216,#4217),(#4218,#4219)),.UNSPECIFIED.,.F.,.F.,.U.,(2,2),(2,2),(0.,0.0045),(0.,0.004),.UNSPECIFIED.);
#4221=CARTESIAN_POINT('',(-81.,-31.5,5.5));
#4222=CARTESIAN_POINT('',(-81.,-36.,5.5));
#4223=B_SPLINE_CURVE_WITH_KNOTS('',1,(#4221,#4222),.UNSPECIFIED.,.F.,.F.,(2,2),(0.,0.0045),.UNSPECIFIED.);
#4224=EDGE_CURVE('',#4193,#2783,#4223,.T.);
#4225=ORIENTED_EDGE('',*,*,#4224,.F.);
#4226=ORIENTED_EDGE('',*,*,#4211,.F.);
#4227=ORIENTED_EDGE('',*,*,#3076,.T.);
#4228=ORIENTED_EDGE('',*,*,#2792,.T.);
#4229=EDGE_LOOP('',(#4225,#4226,#4227,#4228));
#4230=FACE_BOUND('',#4229,.T.);
#4231=ADVANCED_FACE('',(#4230),#4220,.T.);
#4232=CARTESIAN_POINT('',(-75.,-36.,1.5));
#4233=CARTESIAN_POINT('',(-75.,-36.,5.5));
#4234=CARTESIAN_POINT('',(-75.,-31.5,1.5));
#4235=CARTESIAN_POINT('',(-75.,-31.5,5.5));
#4236=B_SPLINE_SURFACE_WITH_KNOTS('',1,1,((#4232,#4233),(#4234,#4235)),.UNSPECIFIED.,.F.,.F.,.U.,(2,2),(2,2),(0.,0.0045),(0.,0.004),.UNSPECIFIED.);
#4237=CARTESIAN_POINT('',(-75.,-36.,5.5));
#4238=CARTESIAN_POINT('',(-75.,-31.5,5.5));
#4239=B_SPLINE_CURVE_WITH_KNOTS('',1,(#4237,#4238),.UNSPECIFIED.,.F.,.F.,(2,2),(0.,0.0045),.UNSPECIFIED.);
#4240=EDGE_CURVE('',#2776,#4191,#4239,.T.);
#4241=ORIENTED_EDGE('',*,*,#4240,.F.);
#4242=ORIENTED_EDGE('',*,*,#2780,.F.);
#4243=ORIENTED_EDGE('',*,*,#3091,.T.);
#4244=ORIENTED_EDGE('',*,*,#4205,.T.);
#4245=EDGE_LOOP('',(#4241,#4242,#4243,#4244));
#4246=FACE_BOUND('',#4245,.T.);
#4247=ADVANCED_FACE('',(#4246),#4236,.T.);
#4248=CARTESIAN_POINT('',(-75.,-28.5,5.5));
#4249=CARTESIAN_POINT('',(-75.,-36.,5.5));
#4250=CARTESIAN_POINT('',(-81.,-28.5,5.5));
#4251=CARTESIAN_POINT('',(-81.,-36.,5.5));
#4252=B_SPLINE_SURFACE_WITH_KNOTS('',1,1,((#4248,#4249),(#4250,#4251)),.UNSPECIFIED.,.F.,.F.,.U.,(2,2),(2,2),(0.075,0.081),(0.0285,0.036),.UNSPECIFIED.);
#4253=CARTESIAN_POINT('',(-78.,-32.7,5.499999));
#4254=VERTEX_POINT('',#4253);
#4255=CARTESIAN_POINT('',(-78.,-32.7,5.499999));
#4256=CARTESIAN_POINT('',(-76.8,-32.7,5.499999));
#4257=CARTESIAN_POINT('',(-76.8,-31.5,5.499999));
#4258=CARTESIAN_POINT('',(-76.8,-30.3,5.499999));
#4259=CARTESIAN_POINT('',(-78.,-30.3,5.499999));
#4260=CARTESIAN_POINT('',(-79.2,-30.3,5.499999));
#4261=CARTESIAN_POINT('',(-79.2,-31.5,5.499999));
#4262=CARTESIAN_POINT('',(-79.2,-32.7,5.499999));
#4263=CARTESIAN_POINT('',(-78.,-32.7,5.499999));
#4264=(BOUNDED_CURVE()
B_SPLINE_CURVE(2,(#4255,#4256,#4257,#4258,#4259,#4260,#4261,#4262,#4263),.UNSPECIFIED.,.T.,.F.)
B_SPLINE_CURVE_WITH_KNOTS((3,2,2,2,3),(0.,1.570796327,3.141592654,4.71238898,6.283185307),.UNSPECIFIED.)
CURVE()
GEOMETRIC_REPRESENTATION_ITEM()
RATIONAL_B_SPLINE_CURVE((1.,0.707106781,1.,0.707106781,1.,0.707106781,1.,0.707106781,1.))
REPRESENTATION_ITEM(''));
#4265=EDGE_CURVE('',#4254,#4254,#4264,.T.);
#4266=ORIENTED_EDGE('',*,*,#4265,.F.);
#4267=EDGE_LOOP('',(#4266));
#4268=FACE_BOUND('',#4267,.T.);
#4269=ORIENTED_EDGE('',*,*,#4200,.T.);
#4270=ORIENTED_EDGE('',*,*,#4224,.T.);
#4271=ORIENTED_EDGE('',*,*,#2787,.T.);
#4272=ORIENTED_EDGE('',*,*,#4240,.T.);
#4273=EDGE_LOOP('',(#4269,#4270,#4271,#4272));
#4274=FACE_BOUND('',#4273,.T.);
#4275=ADVANCED_FACE('',(#4268,#4274),#4252,.T.);
#4276=CARTESIAN_POINT('',(-49.,-31.5,1.5));
#4277=CARTESIAN_POINT('',(-49.,-31.5,5.5));
#4278=CARTESIAN_POINT('',(-49.,-36.,1.5));
#4279=CARTESIAN_POINT('',(-49.,-36.,5.5));
#4280=B_SPLINE_SURFACE_WITH_KNOTS('',1,1,((#4276,#4277),(#4278,#4279)),.UNSPECIFIED.,.F.,.F.,.U.,(2,2),(2,2),(0.,0.0045),(0.,0.004),.UNSPECIFIED.);
#4281=CARTESIAN_POINT('',(-49.,-31.5,5.5));
#4282=VERTEX_POINT('',#4281);
#4283=CARTESIAN_POINT('',(-49.,-31.5,5.5));
#4284=CARTESIAN_POINT('',(-49.,-36.,5.5));
#4285=B_SPLINE_CURVE_WITH_KNOTS('',1,(#4283,#4284),.UNSPECIFIED.,.F.,.F.,(2,2),(0.,0.0045),.UNSPECIFIED.);
#4286=EDGE_CURVE('',#4282,#2748,#4285,.T.);
#4287=ORIENTED_EDGE('',*,*,#4286,.T.);
#4288=ORIENTED_EDGE('',*,*,#2752,.F.);
#4289=ORIENTED_EDGE('',*,*,#3114,.F.);
#4290=CARTESIAN_POINT('',(-49.,-31.5,1.5));
#4291=CARTESIAN_POINT('',(-49.,-31.5,5.5));
#4292=B_SPLINE_CURVE_WITH_KNOTS('',1,(#4290,#4291),.UNSPECIFIED.,.F.,.F.,(2,2),(0.,0.004),.UNSPECIFIED.);
#4293=EDGE_CURVE('',#3102,#4282,#4292,.T.);
#4294=ORIENTED_EDGE('',*,*,#4293,.T.);
#4295=EDGE_LOOP('',(#4287,#4288,#4289,#4294));
#4296=FACE_BOUND('',#4295,.T.);
#4297=ADVANCED_FACE('',(#4296),#4280,.F.);
#4298=CARTESIAN_POINT('',(-49.,-31.5,1.5));
#4299=CARTESIAN_POINT('',(-49.,-31.5,5.5));
#4300=CARTESIAN_POINT('',(-49.,-26.303847577,1.5));
#4301=CARTESIAN_POINT('',(-49.,-26.303847577,5.5));
#4302=CARTESIAN_POINT('',(-53.5,-28.901923789,1.5));
#4303=CARTESIAN_POINT('',(-53.5,-28.901923789,5.5));
#4304=CARTESIAN_POINT('',(-55.,-29.767949192,1.5));
#4305=CARTESIAN_POINT('',(-55.,-29.767949192,5.5));
#4306=CARTESIAN_POINT('',(-55.,-31.5,1.5));
#4307=CARTESIAN_POINT('',(-55.,-31.5,5.5));
#4308=(BOUNDED_SURFACE()
B_SPLINE_SURFACE(2,1,((#4298,#4299),(#4300,#4301),(#4302,#4303),(#4304,#4305),(#4306,#4307)),.UNSPECIFIED.,.F.,.F.,.U.)
B_SPLINE_SURFACE_WITH_KNOTS((3,2,3),(2,2),(0.,2.094395102,3.141592654),(-0.,0.004),.UNSPECIFIED.)
GEOMETRIC_REPRESENTATION_ITEM()
RATIONAL_B_SPLINE_SURFACE(((1.,1.),(0.5,0.5),(1.,1.),(0.75,0.75),(0.75,0.75)))
REPRESENTATION_ITEM('')
SURFACE()
);
#4309=CARTESIAN_POINT('',(-55.,-31.5,5.5));
#4310=VERTEX_POINT('',#4309);
#4311=CARTESIAN_POINT('',(-55.,-31.5,5.5));
#4312=CARTESIAN_POINT('',(-55.,-28.5,5.5));
#4313=CARTESIAN_POINT('',(-52.,-28.5,5.5));
#4314=CARTESIAN_POINT('',(-49.,-28.5,5.5));
#4315=CARTESIAN_POINT('',(-49.,-31.5,5.5));
#4316=(BOUNDED_CURVE()
B_SPLINE_CURVE(2,(#4311,#4312,#4313,#4314,#4315),.UNSPECIFIED.,.F.,.F.)
B_SPLINE_CURVE_WITH_KNOTS((3,2,3),(1.570796327,3.141592654,4.71238898),.UNSPECIFIED.)
CURVE()
GEOMETRIC_REPRESENTATION_ITEM()
RATIONAL_B_SPLINE_CURVE((1.,0.707106781,1.,0.707106781,1.))
REPRESENTATION_ITEM(''));
#4317=EDGE_CURVE('',#4310,#4282,#4316,.T.);
#4318=ORIENTED_EDGE('',*,*,#4317,.T.);
#4319=ORIENTED_EDGE('',*,*,#4293,.F.);
#4320=ORIENTED_EDGE('',*,*,#3109,.F.);
#4321=CARTESIAN_POINT('',(-55.,-31.5,1.5));
#4322=CARTESIAN_POINT('',(-55.,-31.5,5.5));
#4323=B_SPLINE_CURVE_WITH_KNOTS('',1,(#4321,#4322),.UNSPECIFIED.,.F.,.F.,(2,2),(0.,0.004),.UNSPECIFIED.);
#4324=EDGE_CURVE('',#3095,#4310,#4323,.T.);
#4325=ORIENTED_EDGE('',*,*,#4324,.T.);
#4326=EDGE_LOOP('',(#4318,#4319,#4320,#4325));
#4327=FACE_BOUND('',#4326,.T.);
#4328=ADVANCED_FACE('',(#4327),#4308,.T.);
#4329=CARTESIAN_POINT('',(-55.,-36.,1.5));
#4330=CARTESIAN_POINT('',(-55.,-36.,5.5));
#4331=CARTESIAN_POINT('',(-55.,-31.5,1.5));
#4332=CARTESIAN_POINT('',(-55.,-31.5,5.5));
#4333=B_SPLINE_SURFACE_WITH_KNOTS('',1,1,((#4329,#4330),(#4331,#4332)),.UNSPECIFIED.,.F.,.F.,.U.,(2,2),(2,2),(0.,0.0045),(0.,0.004),.UNSPECIFIED.);
#4334=CARTESIAN_POINT('',(-55.,-36.,5.5));
#4335=CARTESIAN_POINT('',(-55.,-31.5,5.5));
#4336=B_SPLINE_CURVE_WITH_KNOTS('',1,(#4334,#4335),.UNSPECIFIED.,.F.,.F.,(2,2),(0.,0.0045),.UNSPECIFIED.);
#4337=EDGE_CURVE('',#2755,#4310,#4336,.T.);
#4338=ORIENTED_EDGE('',*,*,#4337,.T.);
#4339=ORIENTED_EDGE('',*,*,#4324,.F.);
#4340=ORIENTED_EDGE('',*,*,#3099,.F.);
#4341=ORIENTED_EDGE('',*,*,#2766,.T.);
#4342=EDGE_LOOP('',(#4338,#4339,#4340,#4341));
#4343=FACE_BOUND('',#4342,.T.);
#4344=ADVANCED_FACE('',(#4343),#4333,.F.);
#4345=CARTESIAN_POINT('',(-55.,-28.5,5.5));
#4346=CARTESIAN_POINT('',(-55.,-36.,5.5));
#4347=CARTESIAN_POINT('',(-49.,-28.5,5.5));
#4348=CARTESIAN_POINT('',(-49.,-36.,5.5));
#4349=B_SPLINE_SURFACE_WITH_KNOTS('',1,1,((#4345,#4346),(#4347,#4348)),.UNSPECIFIED.,.F.,.F.,.U.,(2,2),(2,2),(-0.055,-0.049),(0.0285,0.036),.UNSPECIFIED.);
#4350=CARTESIAN_POINT('',(-52.,-32.7,5.499999));
#4351=VERTEX_POINT('',#4350);
#4352=CARTESIAN_POINT('',(-52.,-32.7,5.499999));
#4353=CARTESIAN_POINT('',(-50.8,-32.7,5.499999));
#4354=CARTESIAN_POINT('',(-50.8,-31.5,5.499999));
#4355=CARTESIAN_POINT('',(-50.8,-30.3,5.499999));
#4356=CARTESIAN_POINT('',(-52.,-30.3,5.499999));
#4357=CARTESIAN_POINT('',(-53.2,-30.3,5.499999));
#4358=CARTESIAN_POINT('',(-53.2,-31.5,5.499999));
#4359=CARTESIAN_POINT('',(-53.2,-32.7,5.499999));
#4360=CARTESIAN_POINT('',(-52.,-32.7,5.499999));
#4361=(BOUNDED_CURVE()
B_SPLINE_CURVE(2,(#4352,#4353,#4354,#4355,#4356,#4357,#4358,#4359,#4360),.UNSPECIFIED.,.T.,.F.)
B_SPLINE_CURVE_WITH_KNOTS((3,2,2,2,3),(0.,1.570796327,3.141592654,4.71238898,6.283185307),.UNSPECIFIED.)
CURVE()
GEOMETRIC_REPRESENTATION_ITEM()
RATIONAL_B_SPLINE_CURVE((1.,0.707106781,1.,0.707106781,1.,0.707106781,1.,0.707106781,1.))
REPRESENTATION_ITEM(''));
#4362=EDGE_CURVE('',#4351,#4351,#4361,.T.);
#4363=ORIENTED_EDGE('',*,*,#4362,.F.);
#4364=EDGE_LOOP('',(#4363));
#4365=FACE_BOUND('',#4364,.T.);
#4366=ORIENTED_EDGE('',*,*,#4286,.F.);
#4367=ORIENTED_EDGE('',*,*,#4317,.F.);
#4368=ORIENTED_EDGE('',*,*,#4337,.F.);
#4369=ORIENTED_EDGE('',*,*,#2759,.F.);
#4370=EDGE_LOOP('',(#4366,#4367,#4368,#4369));
#4371=FACE_BOUND('',#4370,.T.);
#4372=ADVANCED_FACE('',(#4365,#4371),#4349,.F.);
#4373=CARTESIAN_POINT('',(-75.,26.5,1.5));
#4374=CARTESIAN_POINT('',(-75.,26.5,5.5));
#4375=CARTESIAN_POINT('',(-75.,31.696152423,1.5));
#4376=CARTESIAN_POINT('',(-75.,31.696152423,5.5));
#4377=CARTESIAN_POINT('',(-79.5,29.098076211,1.5));
#4378=CARTESIAN_POINT('',(-79.5,29.098076211,5.5));
#4379=CARTESIAN_POINT('',(-81.,28.232050808,1.5));
#4380=CARTESIAN_POINT('',(-81.,28.232050808,5.5));
#4381=CARTESIAN_POINT('',(-81.,26.5,1.5));
#4382=CARTESIAN_POINT('',(-81.,26.5,5.5));
#4383=(BOUNDED_SURFACE()
B_SPLINE_SURFACE(2,1,((#4373,#4374),(#4375,#4376),(#4377,#4378),(#4379,#4380),(#4381,#4382)),.UNSPECIFIED.,.F.,.F.,.U.)
B_SPLINE_SURFACE_WITH_KNOTS((3,2,3),(2,2),(0.,2.094395102,3.141592654),(-0.,0.004),.UNSPECIFIED.)
GEOMETRIC_REPRESENTATION_ITEM()
RATIONAL_B_SPLINE_SURFACE(((1.,1.),(0.5,0.5),(1.,1.),(0.75,0.75),(0.75,0.75)))
REPRESENTATION_ITEM('')
SURFACE()
);
#4384=CARTESIAN_POINT('',(-75.,26.5,5.5));
#4385=VERTEX_POINT('',#4384);
#4386=CARTESIAN_POINT('',(-75.,26.5,5.5));
#4387=CARTESIAN_POINT('',(-75.,26.5,1.5));
#4388=B_SPLINE_CURVE_WITH_KNOTS('',1,(#4386,#4387),.UNSPECIFIED.,.F.,.F.,(2,2),(0.,0.004),.UNSPECIFIED.);
#4389=EDGE_CURVE('',#4385,#3231,#4388,.T.);
#4390=ORIENTED_EDGE('',*,*,#4389,.T.);
#4391=ORIENTED_EDGE('',*,*,#3244,.T.);
#4392=CARTESIAN_POINT('',(-81.,26.5,5.5));
#4393=VERTEX_POINT('',#4392);
#4394=CARTESIAN_POINT('',(-81.,26.5,1.5));
#4395=CARTESIAN_POINT('',(-81.,26.5,5.5));
#4396=B_SPLINE_CURVE_WITH_KNOTS('',1,(#4394,#4395),.UNSPECIFIED.,.F.,.F.,(2,2),(0.,0.004),.UNSPECIFIED.);
#4397=EDGE_CURVE('',#3233,#4393,#4396,.T.);
#4398=ORIENTED_EDGE('',*,*,#4397,.T.);
#4399=CARTESIAN_POINT('',(-81.,26.5,5.5));
#4400=CARTESIAN_POINT('',(-81.,23.5,5.5));
#4401=CARTESIAN_POINT('',(-78.,23.5,5.5));
#4402=CARTESIAN_POINT('',(-75.,23.5,5.5));
#4403=CARTESIAN_POINT('',(-75.,26.5,5.5));
#4404=CARTESIAN_POINT('',(-75.,29.5,5.5));
#4405=CARTESIAN_POINT('',(-78.,29.5,5.5));
#4406=CARTESIAN_POINT('',(-81.,29.5,5.5));
#4407=CARTESIAN_POINT('',(-81.,26.5,5.5));
#4408=(BOUNDED_CURVE()
B_SPLINE_CURVE(2,(#4399,#4400,#4401,#4402,#4403,#4404,#4405,#4406,#4407),.UNSPECIFIED.,.T.,.F.)
B_SPLINE_CURVE_WITH_KNOTS((3,2,2,2,3),(0.,1.570796327,3.141592654,4.71238898,6.283185307),.UNSPECIFIED.)
CURVE()
GEOMETRIC_REPRESENTATION_ITEM()
RATIONAL_B_SPLINE_CURVE((1.,0.707106781,1.,0.707106781,1.,0.707106781,1.,0.707106781,1.))
REPRESENTATION_ITEM(''));
#4409=EDGE_CURVE('',#4385,#4393,#4408,.T.);
#4410=ORIENTED_EDGE('',*,*,#4409,.F.);
#4411=EDGE_LOOP('',(#4390,#4391,#4398,#4410));
#4412=FACE_BOUND('',#4411,.T.);
#4413=ADVANCED_FACE('',(#4412),#4383,.T.);
#4414=CARTESIAN_POINT('',(-75.,29.5,5.5));
#4415=CARTESIAN_POINT('',(-75.,23.5,5.5));
#4416=CARTESIAN_POINT('',(-81.,29.5,5.5));
#4417=CARTESIAN_POINT('',(-81.,23.5,5.5));
#4418=B_SPLINE_SURFACE_WITH_KNOTS('',1,1,((#4414,#4415),(#4416,#4417)),.UNSPECIFIED.,.F.,.F.,.U.,(2,2),(2,2),(0.075,0.081),(-0.0295,-0.0235),.UNSPECIFIED.);
#4419=CARTESIAN_POINT('',(-78.,25.3,5.499999));
#4420=VERTEX_POINT('',#4419);
#4421=CARTESIAN_POINT('',(-78.,25.3,5.499999));
#4422=CARTESIAN_POINT('',(-76.8,25.3,5.499999));
#4423=CARTESIAN_POINT('',(-76.8,26.5,5.499999));
#4424=CARTESIAN_POINT('',(-76.8,27.7,5.499999));
#4425=CARTESIAN_POINT('',(-78.,27.7,5.499999));
#4426=CARTESIAN_POINT('',(-79.2,27.7,5.499999));
#4427=CARTESIAN_POINT('',(-79.2,26.5,5.499999));
#4428=CARTESIAN_POINT('',(-79.2,25.3,5.499999));
#4429=CARTESIAN_POINT('',(-78.,25.3,5.499999));
#4430=(BOUNDED_CURVE()
B_SPLINE_CURVE(2,(#4421,#4422,#4423,#4424,#4425,#4426,#4427,#4428,#4429),.UNSPECIFIED.,.T.,.F.)
B_SPLINE_CURVE_WITH_KNOTS((3,2,2,2,3),(0.,1.570796327,3.141592654,4.71238898,6.283185307),.UNSPECIFIED.)
CURVE()
GEOMETRIC_REPRESENTATION_ITEM()
RATIONAL_B_SPLINE_CURVE((1.,0.707106781,1.,0.707106781,1.,0.707106781,1.,0.707106781,1.))
REPRESENTATION_ITEM(''));
#4431=EDGE_CURVE('',#4420,#4420,#4430,.T.);
#4432=ORIENTED_EDGE('',*,*,#4431,.F.);
#4433=EDGE_LOOP('',(#4432));
#4434=FACE_BOUND('',#4433,.T.);
#4435=CARTESIAN_POINT('',(-81.,26.5,5.5));
#4436=CARTESIAN_POINT('',(-81.,23.5,5.5));
#4437=CARTESIAN_POINT('',(-78.,23.5,5.5));
#4438=CARTESIAN_POINT('',(-75.,23.5,5.5));
#4439=CARTESIAN_POINT('',(-75.,26.5,5.5));
#4440=CARTESIAN_POINT('',(-75.,29.5,5.5));
#4441=CARTESIAN_POINT('',(-78.,29.5,5.5));
#4442=CARTESIAN_POINT('',(-81.,29.5,5.5));
#4443=CARTESIAN_POINT('',(-81.,26.5,5.5));
#4444=(BOUNDED_CURVE()
B_SPLINE_CURVE(2,(#4435,#4436,#4437,#4438,#4439,#4440,#4441,#4442,#4443),.UNSPECIFIED.,.T.,.F.)
B_SPLINE_CURVE_WITH_KNOTS((3,2,2,2,3),(0.,1.570796327,3.141592654,4.71238898,6.283185307),.UNSPECIFIED.)
CURVE()
GEOMETRIC_REPRESENTATION_ITEM()
RATIONAL_B_SPLINE_CURVE((1.,0.707106781,1.,0.707106781,1.,0.707106781,1.,0.707106781,1.))
REPRESENTATION_ITEM(''));
#4445=EDGE_CURVE('',#4393,#4385,#4444,.T.);
#4446=ORIENTED_EDGE('',*,*,#4445,.T.);
#4447=ORIENTED_EDGE('',*,*,#4409,.T.);
#4448=EDGE_LOOP('',(#4446,#4447));
#4449=FACE_BOUND('',#4448,.T.);
#4450=ADVANCED_FACE('',(#4434,#4449),#4418,.T.);
#4451=CARTESIAN_POINT('',(-49.,26.5,1.5));
#4452=CARTESIAN_POINT('',(-49.,26.5,5.5));
#4453=CARTESIAN_POINT('',(-49.,31.696152423,1.5));
#4454=CARTESIAN_POINT('',(-49.,31.696152423,5.5));
#4455=CARTESIAN_POINT('',(-53.5,29.098076211,1.5));
#4456=CARTESIAN_POINT('',(-53.5,29.098076211,5.5));
#4457=CARTESIAN_POINT('',(-55.,28.232050808,1.5));
#4458=CARTESIAN_POINT('',(-55.,28.232050808,5.5));
#4459=CARTESIAN_POINT('',(-55.,26.5,1.5));
#4460=CARTESIAN_POINT('',(-55.,26.5,5.5));
#4461=(BOUNDED_SURFACE()
B_SPLINE_SURFACE(2,1,((#4451,#4452),(#4453,#4454),(#4455,#4456),(#4457,#4458),(#4459,#4460)),.UNSPECIFIED.,.F.,.F.,.U.)
B_SPLINE_SURFACE_WITH_KNOTS((3,2,3),(2,2),(0.,2.094395102,3.141592654),(-0.,0.004),.UNSPECIFIED.)
GEOMETRIC_REPRESENTATION_ITEM()
RATIONAL_B_SPLINE_SURFACE(((1.,1.),(0.5,0.5),(1.,1.),(0.75,0.75),(0.75,0.75)))
REPRESENTATION_ITEM('')
SURFACE()
);
#4462=CARTESIAN_POINT('',(-49.,26.5,5.5));
#4463=VERTEX_POINT('',#4462);
#4464=CARTESIAN_POINT('',(-49.,26.5,5.5));
#4465=CARTESIAN_POINT('',(-49.,26.5,1.5));
#4466=B_SPLINE_CURVE_WITH_KNOTS('',1,(#4464,#4465),.UNSPECIFIED.,.F.,.F.,(2,2),(0.,0.004),.UNSPECIFIED.);
#4467=EDGE_CURVE('',#4463,#3201,#4466,.T.);
#4468=ORIENTED_EDGE('',*,*,#4467,.T.);
#4469=ORIENTED_EDGE('',*,*,#3214,.T.);
#4470=CARTESIAN_POINT('',(-55.,26.5,5.5));
#4471=VERTEX_POINT('',#4470);
#4472=CARTESIAN_POINT('',(-55.,26.5,1.5));
#4473=CARTESIAN_POINT('',(-55.,26.5,5.5));
#4474=B_SPLINE_CURVE_WITH_KNOTS('',1,(#4472,#4473),.UNSPECIFIED.,.F.,.F.,(2,2),(0.,0.004),.UNSPECIFIED.);
#4475=EDGE_CURVE('',#3203,#4471,#4474,.T.);
#4476=ORIENTED_EDGE('',*,*,#4475,.T.);
#4477=CARTESIAN_POINT('',(-55.,26.5,5.5));
#4478=CARTESIAN_POINT('',(-55.,23.5,5.5));
#4479=CARTESIAN_POINT('',(-52.,23.5,5.5));
#4480=CARTESIAN_POINT('',(-49.,23.5,5.5));
#4481=CARTESIAN_POINT('',(-49.,26.5,5.5));
#4482=CARTESIAN_POINT('',(-49.,29.5,5.5));
#4483=CARTESIAN_POINT('',(-52.,29.5,5.5));
#4484=CARTESIAN_POINT('',(-55.,29.5,5.5));
#4485=CARTESIAN_POINT('',(-55.,26.5,5.5));
#4486=(BOUNDED_CURVE()
B_SPLINE_CURVE(2,(#4477,#4478,#4479,#4480,#4481,#4482,#4483,#4484,#4485),.UNSPECIFIED.,.T.,.F.)
B_SPLINE_CURVE_WITH_KNOTS((3,2,2,2,3),(0.,1.570796327,3.141592654,4.71238898,6.283185307),.UNSPECIFIED.)
CURVE()
GEOMETRIC_REPRESENTATION_ITEM()
RATIONAL_B_SPLINE_CURVE((1.,0.707106781,1.,0.707106781,1.,0.707106781,1.,0.707106781,1.))
REPRESENTATION_ITEM(''));
#4487=EDGE_CURVE('',#4463,#4471,#4486,.T.);
#4488=ORIENTED_EDGE('',*,*,#4487,.F.);
#4489=EDGE_LOOP('',(#4468,#4469,#4476,#4488));
#4490=FACE_BOUND('',#4489,.T.);
#4491=ADVANCED_FACE('',(#4490),#4461,.T.);
#4492=CARTESIAN_POINT('',(-49.,29.5,5.5));
#4493=CARTESIAN_POINT('',(-49.,23.5,5.5));
#4494=CARTESIAN_POINT('',(-55.,29.5,5.5));
#4495=CARTESIAN_POINT('',(-55.,23.5,5.5));
#4496=B_SPLINE_SURFACE_WITH_KNOTS('',1,1,((#4492,#4493),(#4494,#4495)),.UNSPECIFIED.,.F.,.F.,.U.,(2,2),(2,2),(0.049,0.055),(-0.0295,-0.0235),.UNSPECIFIED.);
#4497=CARTESIAN_POINT('',(-52.,25.3,5.499999));
#4498=VERTEX_POINT('',#4497);
#4499=CARTESIAN_POINT('',(-52.,25.3,5.499999));
#4500=CARTESIAN_POINT('',(-50.8,25.3,5.499999));
#4501=CARTESIAN_POINT('',(-50.8,26.5,5.499999));
#4502=CARTESIAN_POINT('',(-50.8,27.7,5.499999));
#4503=CARTESIAN_POINT('',(-52.,27.7,5.499999));
#4504=CARTESIAN_POINT('',(-53.2,27.7,5.499999));
#4505=CARTESIAN_POINT('',(-53.2,26.5,5.499999));
#4506=CARTESIAN_POINT('',(-53.2,25.3,5.499999));
#4507=CARTESIAN_POINT('',(-52.,25.3,5.499999));
#4508=(BOUNDED_CURVE()
B_SPLINE_CURVE(2,(#4499,#4500,#4501,#4502,#4503,#4504,#4505,#4506,#4507),.UNSPECIFIED.,.T.,.F.)
B_SPLINE_CURVE_WITH_KNOTS((3,2,2,2,3),(0.,1.570796327,3.141592654,4.71238898,6.283185307),.UNSPECIFIED.)
CURVE()
GEOMETRIC_REPRESENTATION_ITEM()
RATIONAL_B_SPLINE_CURVE((1.,0.707106781,1.,0.707106781,1.,0.707106781,1.,0.707106781,1.))
REPRESENTATION_ITEM(''));
#4509=EDGE_CURVE('',#4498,#4498,#4508,.T.);
#4510=ORIENTED_EDGE('',*,*,#4509,.F.);
#4511=EDGE_LOOP('',(#4510));
#4512=FACE_BOUND('',#4511,.T.);
#4513=CARTESIAN_POINT('',(-55.,26.5,5.5));
#4514=CARTESIAN_POINT('',(-55.,23.5,5.5));
#4515=CARTESIAN_POINT('',(-52.,23.5,5.5));
#4516=CARTESIAN_POINT('',(-49.,23.5,5.5));
#4517=CARTESIAN_POINT('',(-49.,26.5,5.5));
#4518=CARTESIAN_POINT('',(-49.,29.5,5.5));
#4519=CARTESIAN_POINT('',(-52.,29.5,5.5));
#4520=CARTESIAN_POINT('',(-55.,29.5,5.5));
#4521=CARTESIAN_POINT('',(-55.,26.5,5.5));
#4522=(BOUNDED_CURVE()
B_SPLINE_CURVE(2,(#4513,#4514,#4515,#4516,#4517,#4518,#4519,#4520,#4521),.UNSPECIFIED.,.T.,.F.)
B_SPLINE_CURVE_WITH_KNOTS((3,2,2,2,3),(0.,1.570796327,3.141592654,4.71238898,6.283185307),.UNSPECIFIED.)
CURVE()
GEOMETRIC_REPRESENTATION_ITEM()
RATIONAL_B_SPLINE_CURVE((1.,0.707106781,1.,0.707106781,1.,0.707106781,1.,0.707106781,1.))
REPRESENTATION_ITEM(''));
#4523=EDGE_CURVE('',#4471,#4463,#4522,.T.);
#4524=ORIENTED_EDGE('',*,*,#4523,.T.);
#4525=ORIENTED_EDGE('',*,*,#4487,.T.);
#4526=EDGE_LOOP('',(#4524,#4525));
#4527=FACE_BOUND('',#4526,.T.);
#4528=ADVANCED_FACE('',(#4512,#4527),#4496,.T.);
#4529=CARTESIAN_POINT('',(59.5,36.,19.6));
#4530=CARTESIAN_POINT('',(59.5,37.5,19.6));
#4531=CARTESIAN_POINT('',(46.5,36.,19.6));
#4532=CARTESIAN_POINT('',(46.5,37.5,19.6));
#4533=B_SPLINE_SURFACE_WITH_KNOTS('',1,1,((#4529,#4530),(#4531,#4532)),.UNSPECIFIED.,.F.,.F.,.U.,(2,2),(2,2),(-0.,0.013),(0.0085,0.01),.UNSPECIFIED.);
#4534=CARTESIAN_POINT('',(46.5,36.,19.6));
#4535=CARTESIAN_POINT('',(46.5,37.5,19.6));
#4536=B_SPLINE_CURVE_WITH_KNOTS('',1,(#4534,#4535),.UNSPECIFIED.,.F.,.F.,(2,2),(0.0085,0.01),.UNSPECIFIED.);
#4537=EDGE_CURVE('',#2945,#2836,#4536,.T.);
#4538=ORIENTED_EDGE('',*,*,#4537,.T.);
#4539=ORIENTED_EDGE('',*,*,#2840,.F.);
#4540=CARTESIAN_POINT('',(59.5,36.,19.6));
#4541=CARTESIAN_POINT('',(59.5,37.5,19.6));
#4542=B_SPLINE_CURVE_WITH_KNOTS('',1,(#4540,#4541),.UNSPECIFIED.,.F.,.F.,(2,2),(0.0085,0.01),.UNSPECIFIED.);
#4543=EDGE_CURVE('',#2952,#2829,#4542,.T.);
#4544=ORIENTED_EDGE('',*,*,#4543,.F.);
#4545=ORIENTED_EDGE('',*,*,#2956,.F.);
#4546=EDGE_LOOP('',(#4538,#4539,#4544,#4545));
#4547=FACE_BOUND('',#4546,.T.);
#4548=ADVANCED_FACE('',(#4547),#4533,.T.);
#4549=CARTESIAN_POINT('',(59.5,36.,6.6));
#4550=CARTESIAN_POINT('',(59.5,37.5,6.6));
#4551=CARTESIAN_POINT('',(59.5,36.,19.6));
#4552=CARTESIAN_POINT('',(59.5,37.5,19.6));
#4553=B_SPLINE_SURFACE_WITH_KNOTS('',1,1,((#4549,#4550),(#4551,#4552)),.UNSPECIFIED.,.F.,.F.,.U.,(2,2),(2,2),(0.,0.013),(0.0085,0.01),.UNSPECIFIED.);
#4554=ORIENTED_EDGE('',*,*,#4543,.T.);
#4555=ORIENTED_EDGE('',*,*,#2833,.F.);
#4556=CARTESIAN_POINT('',(59.5,36.,6.6));
#4557=CARTESIAN_POINT('',(59.5,37.5,6.6));
#4558=B_SPLINE_CURVE_WITH_KNOTS('',1,(#4556,#4557),.UNSPECIFIED.,.F.,.F.,(2,2),(0.0085,0.01),.UNSPECIFIED.);
#4559=EDGE_CURVE('',#2959,#2827,#4558,.T.);
#4560=ORIENTED_EDGE('',*,*,#4559,.F.);
#4561=ORIENTED_EDGE('',*,*,#2963,.F.);
#4562=EDGE_LOOP('',(#4554,#4555,#4560,#4561));
#4563=FACE_BOUND('',#4562,.T.);
#4564=ADVANCED_FACE('',(#4563),#4553,.T.);
#4565=CARTESIAN_POINT('',(46.5,36.,6.6));
#4566=CARTESIAN_POINT('',(46.5,37.5,6.6));
#4567=CARTESIAN_POINT('',(59.5,36.,6.6));
#4568=CARTESIAN_POINT('',(59.5,37.5,6.6));
#4569=B_SPLINE_SURFACE_WITH_KNOTS('',1,1,((#4565,#4566),(#4567,#4568)),.UNSPECIFIED.,.F.,.F.,.U.,(2,2),(2,2),(0.,0.013),(0.0085,0.01),.UNSPECIFIED.);
#4570=ORIENTED_EDGE('',*,*,#4559,.T.);
#4571=ORIENTED_EDGE('',*,*,#2852,.F.);
#4572=CARTESIAN_POINT('',(46.5,36.,6.6));
#4573=CARTESIAN_POINT('',(46.5,37.5,6.6));
#4574=B_SPLINE_CURVE_WITH_KNOTS('',1,(#4572,#4573),.UNSPECIFIED.,.F.,.F.,(2,2),(0.0085,0.01),.UNSPECIFIED.);
#4575=EDGE_CURVE('',#2943,#2843,#4574,.T.);
#4576=ORIENTED_EDGE('',*,*,#4575,.F.);
#4577=ORIENTED_EDGE('',*,*,#2968,.F.);
#4578=EDGE_LOOP('',(#4570,#4571,#4576,#4577));
#4579=FACE_BOUND('',#4578,.T.);
#4580=ADVANCED_FACE('',(#4579),#4569,.T.);
#4581=CARTESIAN_POINT('',(46.5,36.,19.6));
#4582=CARTESIAN_POINT('',(46.5,37.5,19.6));
#4583=CARTESIAN_POINT('',(46.5,36.,6.6));
#4584=CARTESIAN_POINT('',(46.5,37.5,6.6));
#4585=B_SPLINE_SURFACE_WITH_KNOTS('',1,1,((#4581,#4582),(#4583,#4584)),.UNSPECIFIED.,.F.,.F.,.U.,(2,2),(2,2),(-0.,0.013),(0.0085,0.01),.UNSPECIFIED.);
#4586=ORIENTED_EDGE('',*,*,#4575,.T.);
#4587=ORIENTED_EDGE('',*,*,#2847,.F.);
#4588=ORIENTED_EDGE('',*,*,#4537,.F.);
#4589=ORIENTED_EDGE('',*,*,#2949,.F.);
#4590=EDGE_LOOP('',(#4586,#4587,#4588,#4589));
#4591=FACE_BOUND('',#4590,.T.);
#4592=ADVANCED_FACE('',(#4591),#4585,.T.);
#4593=CARTESIAN_POINT('',(27.5,36.,19.6));
#4594=CARTESIAN_POINT('',(27.5,37.5,19.6));
#4595=CARTESIAN_POINT('',(17.5,36.,19.6));
#4596=CARTESIAN_POINT('',(17.5,37.5,19.6));
#4597=B_SPLINE_SURFACE_WITH_KNOTS('',1,1,((#4593,#4594),(#4595,#4596)),.UNSPECIFIED.,.F.,.F.,.U.,(2,2),(2,2),(0.,0.01),(0.0085,0.01),.UNSPECIFIED.);
#4598=CARTESIAN_POINT('',(17.5,36.,19.6));
#4599=CARTESIAN_POINT('',(17.5,37.5,19.6));
#4600=B_SPLINE_CURVE_WITH_KNOTS('',1,(#4598,#4599),.UNSPECIFIED.,.F.,.F.,(2,2),(0.0085,0.01),.UNSPECIFIED.);
#4601=EDGE_CURVE('',#2975,#2866,#4600,.T.);
#4602=ORIENTED_EDGE('',*,*,#4601,.T.);
#4603=ORIENTED_EDGE('',*,*,#2870,.F.);
#4604=CARTESIAN_POINT('',(27.5,36.,19.6));
#4605=CARTESIAN_POINT('',(27.5,37.5,19.6));
#4606=B_SPLINE_CURVE_WITH_KNOTS('',1,(#4604,#4605),.UNSPECIFIED.,.F.,.F.,(2,2),(0.0085,0.01),.UNSPECIFIED.);
#4607=EDGE_CURVE('',#2982,#2859,#4606,.T.);
#4608=ORIENTED_EDGE('',*,*,#4607,.F.);
#4609=ORIENTED_EDGE('',*,*,#2986,.F.);
#4610=EDGE_LOOP('',(#4602,#4603,#4608,#4609));
#4611=FACE_BOUND('',#4610,.T.);
#4612=ADVANCED_FACE('',(#4611),#4597,.T.);
#4613=CARTESIAN_POINT('',(27.5,36.,6.6));
#4614=CARTESIAN_POINT('',(27.5,37.5,6.6));
#4615=CARTESIAN_POINT('',(27.5,36.,19.6));
#4616=CARTESIAN_POINT('',(27.5,37.5,19.6));
#4617=B_SPLINE_SURFACE_WITH_KNOTS('',1,1,((#4613,#4614),(#4615,#4616)),.UNSPECIFIED.,.F.,.F.,.U.,(2,2),(2,2),(0.,0.013),(0.0085,0.01),.UNSPECIFIED.);
#4618=ORIENTED_EDGE('',*,*,#4607,.T.);
#4619=ORIENTED_EDGE('',*,*,#2863,.F.);
#4620=CARTESIAN_POINT('',(27.5,36.,6.6));
#4621=CARTESIAN_POINT('',(27.5,37.5,6.6));
#4622=B_SPLINE_CURVE_WITH_KNOTS('',1,(#4620,#4621),.UNSPECIFIED.,.F.,.F.,(2,2),(0.0085,0.01),.UNSPECIFIED.);
#4623=EDGE_CURVE('',#2989,#2857,#4622,.T.);
#4624=ORIENTED_EDGE('',*,*,#4623,.F.);
#4625=ORIENTED_EDGE('',*,*,#2993,.F.);
#4626=EDGE_LOOP('',(#4618,#4619,#4624,#4625));
#4627=FACE_BOUND('',#4626,.T.);
#4628=ADVANCED_FACE('',(#4627),#4617,.T.);
#4629=CARTESIAN_POINT('',(17.5,36.,6.6));
#4630=CARTESIAN_POINT('',(17.5,37.5,6.6));
#4631=CARTESIAN_POINT('',(27.5,36.,6.6));
#4632=CARTESIAN_POINT('',(27.5,37.5,6.6));
#4633=B_SPLINE_SURFACE_WITH_KNOTS('',1,1,((#4629,#4630),(#4631,#4632)),.UNSPECIFIED.,.F.,.F.,.U.,(2,2),(2,2),(0.,0.01),(0.0085,0.01),.UNSPECIFIED.);
#4634=ORIENTED_EDGE('',*,*,#4623,.T.);
#4635=ORIENTED_EDGE('',*,*,#2882,.F.);
#4636=CARTESIAN_POINT('',(17.5,36.,6.6));
#4637=CARTESIAN_POINT('',(17.5,37.5,6.6));
#4638=B_SPLINE_CURVE_WITH_KNOTS('',1,(#4636,#4637),.UNSPECIFIED.,.F.,.F.,(2,2),(0.0085,0.01),.UNSPECIFIED.);
#4639=EDGE_CURVE('',#2973,#2873,#4638,.T.);
#4640=ORIENTED_EDGE('',*,*,#4639,.F.);
#4641=ORIENTED_EDGE('',*,*,#2998,.F.);
#4642=EDGE_LOOP('',(#4634,#4635,#4640,#4641));
#4643=FACE_BOUND('',#4642,.T.);
#4644=ADVANCED_FACE('',(#4643),#4633,.T.);
#4645=CARTESIAN_POINT('',(17.5,36.,19.6));
#4646=CARTESIAN_POINT('',(17.5,37.5,19.6));
#4647=CARTESIAN_POINT('',(17.5,36.,6.6));
#4648=CARTESIAN_POINT('',(17.5,37.5,6.6));
#4649=B_SPLINE_SURFACE_WITH_KNOTS('',1,1,((#4645,#4646),(#4647,#4648)),.UNSPECIFIED.,.F.,.F.,.U.,(2,2),(2,2),(-0.,0.013),(0.0085,0.01),.UNSPECIFIED.);
#4650=ORIENTED_EDGE('',*,*,#4639,.T.);
#4651=ORIENTED_EDGE('',*,*,#2877,.F.);
#4652=ORIENTED_EDGE('',*,*,#4601,.F.);
#4653=ORIENTED_EDGE('',*,*,#2979,.F.);
#4654=EDGE_LOOP('',(#4650,#4651,#4652,#4653));
#4655=FACE_BOUND('',#4654,.T.);
#4656=ADVANCED_FACE('',(#4655),#4649,.T.);
#4657=CARTESIAN_POINT('',(58.63,-37.5,51.5));
#4658=CARTESIAN_POINT('',(58.63,-36.,51.5));
#4659=CARTESIAN_POINT('',(58.63,-37.5,61.5));
#4660=CARTESIAN_POINT('',(58.63,-36.,61.5));
#4661=B_SPLINE_SURFACE_WITH_KNOTS('',1,1,((#4657,#4658),(#4659,#4660)),.UNSPECIFIED.,.F.,.F.,.U.,(2,2),(2,2),(-0.,0.01),(0.0085,0.01),.UNSPECIFIED.);
#4662=ORIENTED_EDGE('',*,*,#131,.T.);
#4663=ORIENTED_EDGE('',*,*,#2646,.F.);
#4664=CARTESIAN_POINT('',(58.63,-37.5,51.5));
#4665=CARTESIAN_POINT('',(58.63,-36.,51.5));
#4666=B_SPLINE_CURVE_WITH_KNOTS('',1,(#4664,#4665),.UNSPECIFIED.,.F.,.F.,(2,2),(0.0085,0.01),.UNSPECIFIED.);
#4667=EDGE_CURVE('',#2548,#2637,#4666,.T.);
#4668=ORIENTED_EDGE('',*,*,#4667,.F.);
#4669=ORIENTED_EDGE('',*,*,#2552,.F.);
#4670=EDGE_LOOP('',(#4662,#4663,#4668,#4669));
#4671=FACE_BOUND('',#4670,.T.);
#4672=ADVANCED_FACE('',(#4671),#4661,.T.);
#4673=CARTESIAN_POINT('',(18.63,-37.5,51.5));
#4674=CARTESIAN_POINT('',(18.63,-36.,51.5));
#4675=CARTESIAN_POINT('',(58.63,-37.5,51.5));
#4676=CARTESIAN_POINT('',(58.63,-36.,51.5));
#4677=B_SPLINE_SURFACE_WITH_KNOTS('',1,1,((#4673,#4674),(#4675,#4676)),.UNSPECIFIED.,.F.,.F.,.U.,(2,2),(2,2),(0.,0.04),(0.0085,0.01),.UNSPECIFIED.);
#4678=ORIENTED_EDGE('',*,*,#4667,.T.);
#4679=ORIENTED_EDGE('',*,*,#2641,.F.);
#4680=CARTESIAN_POINT('',(18.63,-37.5,51.5));
#4681=CARTESIAN_POINT('',(18.63,-36.,51.5));
#4682=B_SPLINE_CURVE_WITH_KNOTS('',1,(#4680,#4681),.UNSPECIFIED.,.F.,.F.,(2,2),(0.0085,0.01),.UNSPECIFIED.);
#4683=EDGE_CURVE('',#2555,#2630,#4682,.T.);
#4684=ORIENTED_EDGE('',*,*,#4683,.F.);
#4685=ORIENTED_EDGE('',*,*,#2559,.F.);
#4686=EDGE_LOOP('',(#4678,#4679,#4684,#4685));
#4687=FACE_BOUND('',#4686,.T.);
#4688=ADVANCED_FACE('',(#4687),#4677,.T.);
#4689=CARTESIAN_POINT('',(18.63,-37.5,61.5));
#4690=CARTESIAN_POINT('',(18.63,-36.,61.5));
#4691=CARTESIAN_POINT('',(18.63,-37.5,51.5));
#4692=CARTESIAN_POINT('',(18.63,-36.,51.5));
#4693=B_SPLINE_SURFACE_WITH_KNOTS('',1,1,((#4689,#4690),(#4691,#4692)),.UNSPECIFIED.,.F.,.F.,.U.,(2,2),(2,2),(-0.,0.01),(0.0085,0.01),.UNSPECIFIED.);
#4694=ORIENTED_EDGE('',*,*,#4683,.T.);
#4695=ORIENTED_EDGE('',*,*,#2634,.F.);
#4696=ORIENTED_EDGE('',*,*,#173,.F.);
#4697=ORIENTED_EDGE('',*,*,#2564,.F.);
#4698=EDGE_LOOP('',(#4694,#4695,#4696,#4697));
#4699=FACE_BOUND('',#4698,.T.);
#4700=ADVANCED_FACE('',(#4699),#4693,.T.);
#4701=CARTESIAN_POINT('',(68.63,-37.5,54.));
#4702=CARTESIAN_POINT('',(68.63,-36.,54.));
#4703=CARTESIAN_POINT('',(68.63,-37.5,58.330127019));
#4704=CARTESIAN_POINT('',(68.63,-36.,58.330127019));
#4705=CARTESIAN_POINT('',(72.38,-37.5,56.165063509));
#4706=CARTESIAN_POINT('',(72.38,-36.,56.165063509));
#4707=CARTESIAN_POINT('',(76.13,-37.5,54.));
#4708=CARTESIAN_POINT('',(76.13,-36.,54.));
#4709=CARTESIAN_POINT('',(72.38,-37.5,51.834936491));
#4710=CARTESIAN_POINT('',(72.38,-36.,51.834936491));
#4711=CARTESIAN_POINT('',(68.63,-37.5,49.669872981));
#4712=CARTESIAN_POINT('',(68.63,-36.,49.669872981));
#4713=CARTESIAN_POINT('',(68.63,-37.5,54.));
#4714=CARTESIAN_POINT('',(68.63,-36.,54.));
#4715=(BOUNDED_SURFACE()
B_SPLINE_SURFACE(2,1,((#4701,#4702),(#4703,#4704),(#4705,#4706),(#4707,#4708),(#4709,#4710),(#4711,#4712),(#4713,#4714)),.UNSPECIFIED.,.T.,.F.,.U.)
B_SPLINE_SURFACE_WITH_KNOTS((3,2,2,3),(2,2),(0.,2.094395102,4.188790205,6.283185307),(0.0085,0.01),.UNSPECIFIED.)
GEOMETRIC_REPRESENTATION_ITEM()
RATIONAL_B_SPLINE_SURFACE(((1.,1.),(0.5,0.5),(1.,1.),(0.5,0.5),(1.,1.),(0.5,0.5),(1.,1.)))
REPRESENTATION_ITEM('')
SURFACE()
);
#4716=ORIENTED_EDGE('',*,*,#2542,.T.);
#4717=CARTESIAN_POINT('',(68.63,-37.5,54.));
#4718=CARTESIAN_POINT('',(68.63,-36.,54.));
#4719=B_SPLINE_CURVE_WITH_KNOTS('',1,(#4717,#4718),.UNSPECIFIED.,.F.,.F.,(2,2),(0.0085,0.01),.UNSPECIFIED.);
#4720=EDGE_CURVE('',#2531,#2599,#4719,.T.);
#4721=ORIENTED_EDGE('',*,*,#4720,.T.);
#4722=ORIENTED_EDGE('',*,*,#2610,.T.);
#4723=ORIENTED_EDGE('',*,*,#4720,.F.);
#4724=EDGE_LOOP('',(#4716,#4721,#4722,#4723));
#4725=FACE_BOUND('',#4724,.T.);
#4726=ADVANCED_FACE('',(#4725),#4715,.F.);
#4727=CARTESIAN_POINT('',(3.63,-37.5,54.));
#4728=CARTESIAN_POINT('',(3.63,-36.,54.));
#4729=CARTESIAN_POINT('',(3.63,-37.5,58.330127019));
#4730=CARTESIAN_POINT('',(3.63,-36.,58.330127019));
#4731=CARTESIAN_POINT('',(7.38,-37.5,56.165063509));
#4732=CARTESIAN_POINT('',(7.38,-36.,56.165063509));
#4733=CARTESIAN_POINT('',(11.13,-37.5,54.));
#4734=CARTESIAN_POINT('',(11.13,-36.,54.));
#4735=CARTESIAN_POINT('',(7.38,-37.5,51.834936491));
#4736=CARTESIAN_POINT('',(7.38,-36.,51.834936491));
#4737=CARTESIAN_POINT('',(3.63,-37.5,49.669872981));
#4738=CARTESIAN_POINT('',(3.63,-36.,49.669872981));
#4739=CARTESIAN_POINT('',(3.63,-37.5,54.));
#4740=CARTESIAN_POINT('',(3.63,-36.,54.));
#4741=(BOUNDED_SURFACE()
B_SPLINE_SURFACE(2,1,((#4727,#4728),(#4729,#4730),(#4731,#4732),(#4733,#4734),(#4735,#4736),(#4737,#4738),(#4739,#4740)),.UNSPECIFIED.,.T.,.F.,.U.)
B_SPLINE_SURFACE_WITH_KNOTS((3,2,2,3),(2,2),(0.,2.094395102,4.188790205,6.283185307),(0.0085,0.01),.UNSPECIFIED.)
GEOMETRIC_REPRESENTATION_ITEM()
RATIONAL_B_SPLINE_SURFACE(((1.,1.),(0.5,0.5),(1.,1.),(0.5,0.5),(1.,1.),(0.5,0.5),(1.,1.)))
REPRESENTATION_ITEM('')
SURFACE()
);
#4742=ORIENTED_EDGE('',*,*,#2526,.T.);
#4743=CARTESIAN_POINT('',(3.63,-37.5,54.));
#4744=CARTESIAN_POINT('',(3.63,-36.,54.));
#4745=B_SPLINE_CURVE_WITH_KNOTS('',1,(#4743,#4744),.UNSPECIFIED.,.F.,.F.,(2,2),(0.0085,0.01),.UNSPECIFIED.);
#4746=EDGE_CURVE('',#2515,#2583,#4745,.T.);
#4747=ORIENTED_EDGE('',*,*,#4746,.T.);
#4748=ORIENTED_EDGE('',*,*,#2594,.T.);
#4749=ORIENTED_EDGE('',*,*,#4746,.F.);
#4750=EDGE_LOOP('',(#4742,#4747,#4748,#4749));
#4751=FACE_BOUND('',#4750,.T.);
#4752=ADVANCED_FACE('',(#4751),#4741,.F.);
#4753=CARTESIAN_POINT('',(-96.,30.5,61.5));
#4754=CARTESIAN_POINT('',(-90.5,36.,61.5));
#4755=CARTESIAN_POINT('',(-96.,30.5,1.5));
#4756=CARTESIAN_POINT('',(-90.5,36.,1.5));
#4757=B_SPLINE_SURFACE_WITH_KNOTS('',1,1,((#4753,#4754),(#4755,#4756)),.UNSPECIFIED.,.F.,.F.,.U.,(2,2),(2,2),(-0.06,0.),(0.003535534,0.011313708),.UNSPECIFIED.);
#4758=ORIENTED_EDGE('',*,*,#215,.F.);
#4759=CARTESIAN_POINT('',(-96.,30.5,61.5));
#4760=CARTESIAN_POINT('',(-96.,30.5,1.5));
#4761=B_SPLINE_CURVE_WITH_KNOTS('',1,(#4759,#4760),.UNSPECIFIED.,.F.,.F.,(2,2),(0.,0.06),.UNSPECIFIED.);
#4762=EDGE_CURVE('',#204,#3046,#4761,.T.);
#4763=ORIENTED_EDGE('',*,*,#4762,.T.);
#4764=ORIENTED_EDGE('',*,*,#3050,.F.);
#4765=ORIENTED_EDGE('',*,*,#2898,.F.);
#4766=EDGE_LOOP('',(#4758,#4763,#4764,#4765));
#4767=FACE_BOUND('',#4766,.T.);
#4768=ADVANCED_FACE('',(#4767),#4757,.T.);
#4769=CARTESIAN_POINT('',(-90.5,-36.,61.5));
#4770=CARTESIAN_POINT('',(-96.,-30.5,61.5));
#4771=CARTESIAN_POINT('',(-90.5,-36.,1.5));
#4772=CARTESIAN_POINT('',(-96.,-30.5,1.5));
#4773=B_SPLINE_SURFACE_WITH_KNOTS('',1,1,((#4769,#4770),(#4771,#4772)),.UNSPECIFIED.,.F.,.F.,.U.,(2,2),(2,2),(-0.06,0.),(0.,0.007778175),.UNSPECIFIED.);
#4774=ORIENTED_EDGE('',*,*,#3068,.F.);
#4775=CARTESIAN_POINT('',(-96.,-30.5,1.5));
#4776=CARTESIAN_POINT('',(-96.,-30.5,61.5));
#4777=B_SPLINE_CURVE_WITH_KNOTS('',1,(#4775,#4776),.UNSPECIFIED.,.F.,.F.,(2,2),(-0.06,-0.),.UNSPECIFIED.);
#4778=EDGE_CURVE('',#3059,#183,#4777,.T.);
#4779=ORIENTED_EDGE('',*,*,#4778,.T.);
#4780=ORIENTED_EDGE('',*,*,#187,.F.);
#4781=ORIENTED_EDGE('',*,*,#2626,.F.);
#4782=EDGE_LOOP('',(#4774,#4779,#4780,#4781));
#4783=FACE_BOUND('',#4782,.T.);
#4784=ADVANCED_FACE('',(#4783),#4773,.T.);
#4785=CARTESIAN_POINT('',(90.5,36.,61.5));
#4786=CARTESIAN_POINT('',(96.,30.5,61.5));
#4787=CARTESIAN_POINT('',(90.5,36.,1.5));
#4788=CARTESIAN_POINT('',(96.,30.5,1.5));
#4789=B_SPLINE_SURFACE_WITH_KNOTS('',1,1,((#4785,#4786),(#4787,#4788)),.UNSPECIFIED.,.F.,.F.,.U.,(2,2),(2,2),(-0.06,0.),(0.,0.007778175),.UNSPECIFIED.);
#4790=ORIENTED_EDGE('',*,*,#3019,.F.);
#4791=CARTESIAN_POINT('',(96.,30.5,1.5));
#4792=CARTESIAN_POINT('',(96.,30.5,61.5));
#4793=B_SPLINE_CURVE_WITH_KNOTS('',1,(#4791,#4792),.UNSPECIFIED.,.F.,.F.,(2,2),(-0.06,-0.),.UNSPECIFIED.);
#4794=EDGE_CURVE('',#3010,#225,#4793,.T.);
#4795=ORIENTED_EDGE('',*,*,#4794,.T.);
#4796=ORIENTED_EDGE('',*,*,#229,.F.);
#4797=ORIENTED_EDGE('',*,*,#2938,.F.);
#4798=EDGE_LOOP('',(#4790,#4795,#4796,#4797));
#4799=FACE_BOUND('',#4798,.T.);
#4800=ADVANCED_FACE('',(#4799),#4789,.T.);
#4801=CARTESIAN_POINT('',(96.,-30.5,61.5));
#4802=CARTESIAN_POINT('',(90.5,-36.,61.5));
#4803=CARTESIAN_POINT('',(96.,-30.5,1.5));
#4804=CARTESIAN_POINT('',(90.5,-36.,1.5));
#4805=B_SPLINE_SURFACE_WITH_KNOTS('',1,1,((#4801,#4802),(#4803,#4804)),.UNSPECIFIED.,.F.,.F.,.U.,(2,2),(2,2),(-0.06,0.),(0.003535534,0.011313708),.UNSPECIFIED.);
#4806=ORIENTED_EDGE('',*,*,#117,.F.);
#4807=CARTESIAN_POINT('',(96.,-30.5,61.5));
#4808=CARTESIAN_POINT('',(96.,-30.5,1.5));
#4809=B_SPLINE_CURVE_WITH_KNOTS('',1,(#4807,#4808),.UNSPECIFIED.,.F.,.F.,(2,2),(0.,0.06),.UNSPECIFIED.);
#4810=EDGE_CURVE('',#106,#3187,#4809,.T.);
#4811=ORIENTED_EDGE('',*,*,#4810,.T.);
#4812=ORIENTED_EDGE('',*,*,#3191,.F.);
#4813=ORIENTED_EDGE('',*,*,#2654,.F.);
#4814=EDGE_LOOP('',(#4806,#4811,#4812,#4813));
#4815=FACE_BOUND('',#4814,.T.);
#4816=ADVANCED_FACE('',(#4815),#4805,.T.);
#4817=CARTESIAN_POINT('',(-97.2,-34.7,54.499999));
#4818=CARTESIAN_POINT('',(-94.8,-34.7,54.499999));
#4819=CARTESIAN_POINT('',(-97.2,-32.3,54.499999));
#4820=CARTESIAN_POINT('',(-94.8,-32.3,54.499999));
#4821=B_SPLINE_SURFACE_WITH_KNOTS('',1,1,((#4817,#4818),(#4819,#4820)),.UNSPECIFIED.,.F.,.F.,.U.,(2,2),(2,2),(-0.0012,0.0012),(-0.0012,0.0012),.UNSPECIFIED.);
#4822=CARTESIAN_POINT('',(-96.,-32.3,54.499999));
#4823=VERTEX_POINT('',#4822);
#4824=CARTESIAN_POINT('',(-96.,-32.3,54.499999));
#4825=CARTESIAN_POINT('',(-94.8,-32.3,54.499999));
#4826=CARTESIAN_POINT('',(-94.8,-33.5,54.499999));
#4827=CARTESIAN_POINT('',(-94.8,-34.7,54.499999));
#4828=CARTESIAN_POINT('',(-96.,-34.7,54.499999));
#4829=CARTESIAN_POINT('',(-97.2,-34.7,54.499999));
#4830=CARTESIAN_POINT('',(-97.2,-33.5,54.499999));
#4831=CARTESIAN_POINT('',(-97.2,-32.3,54.499999));
#4832=CARTESIAN_POINT('',(-96.,-32.3,54.499999));
#4833=(BOUNDED_CURVE()
B_SPLINE_CURVE(2,(#4824,#4825,#4826,#4827,#4828,#4829,#4830,#4831,#4832),.UNSPECIFIED.,.T.,.F.)
B_SPLINE_CURVE_WITH_KNOTS((3,2,2,2,3),(0.,1.570796327,3.141592654,4.71238898,6.283185307),.UNSPECIFIED.)
CURVE()
GEOMETRIC_REPRESENTATION_ITEM()
RATIONAL_B_SPLINE_CURVE((1.,0.707106781,1.,0.707106781,1.,0.707106781,1.,0.707106781,1.))
REPRESENTATION_ITEM(''));
#4834=EDGE_CURVE('',#4823,#4823,#4833,.T.);
#4835=ORIENTED_EDGE('',*,*,#4834,.F.);
#4836=EDGE_LOOP('',(#4835));
#4837=FACE_BOUND('',#4836,.T.);
#4838=ADVANCED_FACE('',(#4837),#4821,.F.);
#4839=CARTESIAN_POINT('',(-96.,-32.3,54.499999));
#4840=CARTESIAN_POINT('',(-96.,-32.3,61.499999));
#4841=CARTESIAN_POINT('',(-98.078460969,-32.3,54.499999));
#4842=CARTESIAN_POINT('',(-98.078460969,-32.3,61.499999));
#4843=CARTESIAN_POINT('',(-97.039230485,-34.1,54.499999));
#4844=CARTESIAN_POINT('',(-97.039230485,-34.1,61.499999));
#4845=CARTESIAN_POINT('',(-96.,-35.9,54.499999));
#4846=CARTESIAN_POINT('',(-96.,-35.9,61.499999));
#4847=CARTESIAN_POINT('',(-94.960769515,-34.1,54.499999));
#4848=CARTESIAN_POINT('',(-94.960769515,-34.1,61.499999));
#4849=CARTESIAN_POINT('',(-93.921539031,-32.3,54.499999));
#4850=CARTESIAN_POINT('',(-93.921539031,-32.3,61.499999));
#4851=CARTESIAN_POINT('',(-96.,-32.3,54.499999));
#4852=CARTESIAN_POINT('',(-96.,-32.3,61.499999));
#4853=(BOUNDED_SURFACE()
B_SPLINE_SURFACE(2,1,((#4839,#4840),(#4841,#4842),(#4843,#4844),(#4845,#4846),(#4847,#4848),(#4849,#4850),(#4851,#4852)),.UNSPECIFIED.,.T.,.F.,.U.)
B_SPLINE_SURFACE_WITH_KNOTS((3,2,2,3),(2,2),(0.,2.094395102,4.188790205,6.283185307),(-0.,0.007),.UNSPECIFIED.)
GEOMETRIC_REPRESENTATION_ITEM()
RATIONAL_B_SPLINE_SURFACE(((1.,1.),(0.5,0.5),(1.,1.),(0.5,0.5),(1.,1.),(0.5,0.5),(1.,1.)))
REPRESENTATION_ITEM('')
SURFACE()
);
#4854=CARTESIAN_POINT('',(-96.,-32.3,61.499999));
#4855=CARTESIAN_POINT('',(-96.,-32.3,54.499999));
#4856=B_SPLINE_CURVE_WITH_KNOTS('',1,(#4854,#4855),.UNSPECIFIED.,.F.,.F.,(2,2),(-0.,0.007),.UNSPECIFIED.);
#4857=EDGE_CURVE('',#81,#4823,#4856,.T.);
#4858=ORIENTED_EDGE('',*,*,#4857,.F.);
#4859=ORIENTED_EDGE('',*,*,#92,.T.);
#4860=ORIENTED_EDGE('',*,*,#4857,.T.);
#4861=ORIENTED_EDGE('',*,*,#4834,.T.);
#4862=EDGE_LOOP('',(#4858,#4859,#4860,#4861));
#4863=FACE_BOUND('',#4862,.T.);
#4864=ADVANCED_FACE('',(#4863),#4853,.F.);
#4865=CARTESIAN_POINT('',(-97.2,32.3,54.499999));
#4866=CARTESIAN_POINT('',(-94.8,32.3,54.499999));
#4867=CARTESIAN_POINT('',(-97.2,34.7,54.499999));
#4868=CARTESIAN_POINT('',(-94.8,34.7,54.499999));
#4869=B_SPLINE_SURFACE_WITH_KNOTS('',1,1,((#4865,#4866),(#4867,#4868)),.UNSPECIFIED.,.F.,.F.,.U.,(2,2),(2,2),(-0.0012,0.0012),(-0.0012,0.0012),.UNSPECIFIED.);
#4870=CARTESIAN_POINT('',(-96.,34.7,54.499999));
#4871=VERTEX_POINT('',#4870);
#4872=CARTESIAN_POINT('',(-96.,34.7,54.499999));
#4873=CARTESIAN_POINT('',(-94.8,34.7,54.499999));
#4874=CARTESIAN_POINT('',(-94.8,33.5,54.499999));
#4875=CARTESIAN_POINT('',(-94.8,32.3,54.499999));
#4876=CARTESIAN_POINT('',(-96.,32.3,54.499999));
#4877=CARTESIAN_POINT('',(-97.2,32.3,54.499999));
#4878=CARTESIAN_POINT('',(-97.2,33.5,54.499999));
#4879=CARTESIAN_POINT('',(-97.2,34.7,54.499999));
#4880=CARTESIAN_POINT('',(-96.,34.7,54.499999));
#4881=(BOUNDED_CURVE()
B_SPLINE_CURVE(2,(#4872,#4873,#4874,#4875,#4876,#4877,#4878,#4879,#4880),.UNSPECIFIED.,.T.,.F.)
B_SPLINE_CURVE_WITH_KNOTS((3,2,2,2,3),(0.,1.570796327,3.141592654,4.71238898,6.283185307),.UNSPECIFIED.)
CURVE()
GEOMETRIC_REPRESENTATION_ITEM()
RATIONAL_B_SPLINE_CURVE((1.,0.707106781,1.,0.707106781,1.,0.707106781,1.,0.707106781,1.))
REPRESENTATION_ITEM(''));
#4882=EDGE_CURVE('',#4871,#4871,#4881,.T.);
#4883=ORIENTED_EDGE('',*,*,#4882,.F.);
#4884=EDGE_LOOP('',(#4883));
#4885=FACE_BOUND('',#4884,.T.);
#4886=ADVANCED_FACE('',(#4885),#4869,.F.);
#4887=CARTESIAN_POINT('',(-96.,34.7,54.499999));
#4888=CARTESIAN_POINT('',(-96.,34.7,61.499999));
#4889=CARTESIAN_POINT('',(-98.078460969,34.7,54.499999));
#4890=CARTESIAN_POINT('',(-98.078460969,34.7,61.499999));
#4891=CARTESIAN_POINT('',(-97.039230485,32.9,54.499999));
#4892=CARTESIAN_POINT('',(-97.039230485,32.9,61.499999));
#4893=CARTESIAN_POINT('',(-96.,31.1,54.499999));
#4894=CARTESIAN_POINT('',(-96.,31.1,61.499999));
#4895=CARTESIAN_POINT('',(-94.960769515,32.9,54.499999));
#4896=CARTESIAN_POINT('',(-94.960769515,32.9,61.499999));
#4897=CARTESIAN_POINT('',(-93.921539031,34.7,54.499999));
#4898=CARTESIAN_POINT('',(-93.921539031,34.7,61.499999));
#4899=CARTESIAN_POINT('',(-96.,34.7,54.499999));
#4900=CARTESIAN_POINT('',(-96.,34.7,61.499999));
#4901=(BOUNDED_SURFACE()
B_SPLINE_SURFACE(2,1,((#4887,#4888),(#4889,#4890),(#4891,#4892),(#4893,#4894),(#4895,#4896),(#4897,#4898),(#4899,#4900)),.UNSPECIFIED.,.T.,.F.,.U.)
B_SPLINE_SURFACE_WITH_KNOTS((3,2,2,3),(2,2),(0.,2.094395102,4.188790205,6.283185307),(-0.,0.007),.UNSPECIFIED.)
GEOMETRIC_REPRESENTATION_ITEM()
RATIONAL_B_SPLINE_SURFACE(((1.,1.),(0.5,0.5),(1.,1.),(0.5,0.5),(1.,1.),(0.5,0.5),(1.,1.)))
REPRESENTATION_ITEM('')
SURFACE()
);
#4902=CARTESIAN_POINT('',(-96.,34.7,61.499999));
#4903=CARTESIAN_POINT('',(-96.,34.7,54.499999));
#4904=B_SPLINE_CURVE_WITH_KNOTS('',1,(#4902,#4903),.UNSPECIFIED.,.F.,.F.,(2,2),(-0.,0.007),.UNSPECIFIED.);
#4905=EDGE_CURVE('',#65,#4871,#4904,.T.);
#4906=ORIENTED_EDGE('',*,*,#4905,.F.);
#4907=ORIENTED_EDGE('',*,*,#76,.T.);
#4908=ORIENTED_EDGE('',*,*,#4905,.T.);
#4909=ORIENTED_EDGE('',*,*,#4882,.T.);
#4910=EDGE_LOOP('',(#4906,#4907,#4908,#4909));
#4911=FACE_BOUND('',#4910,.T.);
#4912=ADVANCED_FACE('',(#4911),#4901,.F.);
#4913=CARTESIAN_POINT('',(94.8,32.3,54.499999));
#4914=CARTESIAN_POINT('',(97.2,32.3,54.499999));
#4915=CARTESIAN_POINT('',(94.8,34.7,54.499999));
#4916=CARTESIAN_POINT('',(97.2,34.7,54.499999));
#4917=B_SPLINE_SURFACE_WITH_KNOTS('',1,1,((#4913,#4914),(#4915,#4916)),.UNSPECIFIED.,.F.,.F.,.U.,(2,2),(2,2),(-0.0012,0.0012),(-0.0012,0.0012),.UNSPECIFIED.);
#4918=CARTESIAN_POINT('',(96.,34.7,54.499999));
#4919=VERTEX_POINT('',#4918);
#4920=CARTESIAN_POINT('',(96.,34.7,54.499999));
#4921=CARTESIAN_POINT('',(97.2,34.7,54.499999));
#4922=CARTESIAN_POINT('',(97.2,33.5,54.499999));
#4923=CARTESIAN_POINT('',(97.2,32.3,54.499999));
#4924=CARTESIAN_POINT('',(96.,32.3,54.499999));
#4925=CARTESIAN_POINT('',(94.8,32.3,54.499999));
#4926=CARTESIAN_POINT('',(94.8,33.5,54.499999));
#4927=CARTESIAN_POINT('',(94.8,34.7,54.499999));
#4928=CARTESIAN_POINT('',(96.,34.7,54.499999));
#4929=(BOUNDED_CURVE()
B_SPLINE_CURVE(2,(#4920,#4921,#4922,#4923,#4924,#4925,#4926,#4927,#4928),.UNSPECIFIED.,.T.,.F.)
B_SPLINE_CURVE_WITH_KNOTS((3,2,2,2,3),(0.,1.570796327,3.141592654,4.71238898,6.283185307),.UNSPECIFIED.)
CURVE()
GEOMETRIC_REPRESENTATION_ITEM()
RATIONAL_B_SPLINE_CURVE((1.,0.707106781,1.,0.707106781,1.,0.707106781,1.,0.707106781,1.))
REPRESENTATION_ITEM(''));
#4930=EDGE_CURVE('',#4919,#4919,#4929,.T.);
#4931=ORIENTED_EDGE('',*,*,#4930,.F.);
#4932=EDGE_LOOP('',(#4931));
#4933=FACE_BOUND('',#4932,.T.);
#4934=ADVANCED_FACE('',(#4933),#4917,.F.);
#4935=CARTESIAN_POINT('',(96.,34.7,54.499999));
#4936=CARTESIAN_POINT('',(96.,34.7,61.499999));
#4937=CARTESIAN_POINT('',(93.921539031,34.7,54.499999));
#4938=CARTESIAN_POINT('',(93.921539031,34.7,61.499999));
#4939=CARTESIAN_POINT('',(94.960769515,32.9,54.499999));
#4940=CARTESIAN_POINT('',(94.960769515,32.9,61.499999));
#4941=CARTESIAN_POINT('',(96.,31.1,54.499999));
#4942=CARTESIAN_POINT('',(96.,31.1,61.499999));
#4943=CARTESIAN_POINT('',(97.039230485,32.9,54.499999));
#4944=CARTESIAN_POINT('',(97.039230485,32.9,61.499999));
#4945=CARTESIAN_POINT('',(98.078460969,34.7,54.499999));
#4946=CARTESIAN_POINT('',(98.078460969,34.7,61.499999));
#4947=CARTESIAN_POINT('',(96.,34.7,54.499999));
#4948=CARTESIAN_POINT('',(96.,34.7,61.499999));
#4949=(BOUNDED_SURFACE()
B_SPLINE_SURFACE(2,1,((#4935,#4936),(#4937,#4938),(#4939,#4940),(#4941,#4942),(#4943,#4944),(#4945,#4946),(#4947,#4948)),.UNSPECIFIED.,.T.,.F.,.U.)
B_SPLINE_SURFACE_WITH_KNOTS((3,2,2,3),(2,2),(0.,2.094395102,4.188790205,6.283185307),(-0.,0.007),.UNSPECIFIED.)
GEOMETRIC_REPRESENTATION_ITEM()
RATIONAL_B_SPLINE_SURFACE(((1.,1.),(0.5,0.5),(1.,1.),(0.5,0.5),(1.,1.),(0.5,0.5),(1.,1.)))
REPRESENTATION_ITEM('')
SURFACE()
);
#4950=CARTESIAN_POINT('',(96.,34.7,61.499999));
#4951=CARTESIAN_POINT('',(96.,34.7,54.499999));
#4952=B_SPLINE_CURVE_WITH_KNOTS('',1,(#4950,#4951),.UNSPECIFIED.,.F.,.F.,(2,2),(-0.,0.007),.UNSPECIFIED.);
#4953=EDGE_CURVE('',#49,#4919,#4952,.T.);
#4954=ORIENTED_EDGE('',*,*,#4953,.F.);
#4955=ORIENTED_EDGE('',*,*,#60,.T.);
#4956=ORIENTED_EDGE('',*,*,#4953,.T.);
#4957=ORIENTED_EDGE('',*,*,#4930,.T.);
#4958=EDGE_LOOP('',(#4954,#4955,#4956,#4957));
#4959=FACE_BOUND('',#4958,.T.);
#4960=ADVANCED_FACE('',(#4959),#4949,.F.);
#4961=CARTESIAN_POINT('',(94.8,-34.7,54.499999));
#4962=CARTESIAN_POINT('',(97.2,-34.7,54.499999));
#4963=CARTESIAN_POINT('',(94.8,-32.3,54.499999));
#4964=CARTESIAN_POINT('',(97.2,-32.3,54.499999));
#4965=B_SPLINE_SURFACE_WITH_KNOTS('',1,1,((#4961,#4962),(#4963,#4964)),.UNSPECIFIED.,.F.,.F.,.U.,(2,2),(2,2),(-0.0012,0.0012),(-0.0012,0.0012),.UNSPECIFIED.);
#4966=CARTESIAN_POINT('',(96.,-32.3,54.499999));
#4967=VERTEX_POINT('',#4966);
#4968=CARTESIAN_POINT('',(96.,-32.3,54.499999));
#4969=CARTESIAN_POINT('',(97.2,-32.3,54.499999));
#4970=CARTESIAN_POINT('',(97.2,-33.5,54.499999));
#4971=CARTESIAN_POINT('',(97.2,-34.7,54.499999));
#4972=CARTESIAN_POINT('',(96.,-34.7,54.499999));
#4973=CARTESIAN_POINT('',(94.8,-34.7,54.499999));
#4974=CARTESIAN_POINT('',(94.8,-33.5,54.499999));
#4975=CARTESIAN_POINT('',(94.8,-32.3,54.499999));
#4976=CARTESIAN_POINT('',(96.,-32.3,54.499999));
#4977=(BOUNDED_CURVE()
B_SPLINE_CURVE(2,(#4968,#4969,#4970,#4971,#4972,#4973,#4974,#4975,#4976),.UNSPECIFIED.,.T.,.F.)
B_SPLINE_CURVE_WITH_KNOTS((3,2,2,2,3),(0.,1.570796327,3.141592654,4.71238898,6.283185307),.UNSPECIFIED.)
CURVE()
GEOMETRIC_REPRESENTATION_ITEM()
RATIONAL_B_SPLINE_CURVE((1.,0.707106781,1.,0.707106781,1.,0.707106781,1.,0.707106781,1.))
REPRESENTATION_ITEM(''));
#4978=EDGE_CURVE('',#4967,#4967,#4977,.T.);
#4979=ORIENTED_EDGE('',*,*,#4978,.F.);
#4980=EDGE_LOOP('',(#4979));
#4981=FACE_BOUND('',#4980,.T.);
#4982=ADVANCED_FACE('',(#4981),#4965,.F.);
#4983=CARTESIAN_POINT('',(96.,-32.3,54.499999));
#4984=CARTESIAN_POINT('',(96.,-32.3,61.499999));
#4985=CARTESIAN_POINT('',(93.921539031,-32.3,54.499999));
#4986=CARTESIAN_POINT('',(93.921539031,-32.3,61.499999));
#4987=CARTESIAN_POINT('',(94.960769515,-34.1,54.499999));
#4988=CARTESIAN_POINT('',(94.960769515,-34.1,61.499999));
#4989=CARTESIAN_POINT('',(96.,-35.9,54.499999));
#4990=CARTESIAN_POINT('',(96.,-35.9,61.499999));
#4991=CARTESIAN_POINT('',(97.039230485,-34.1,54.499999));
#4992=CARTESIAN_POINT('',(97.039230485,-34.1,61.499999));
#4993=CARTESIAN_POINT('',(98.078460969,-32.3,54.499999));
#4994=CARTESIAN_POINT('',(98.078460969,-32.3,61.499999));
#4995=CARTESIAN_POINT('',(96.,-32.3,54.499999));
#4996=CARTESIAN_POINT('',(96.,-32.3,61.499999));
#4997=(BOUNDED_SURFACE()
B_SPLINE_SURFACE(2,1,((#4983,#4984),(#4985,#4986),(#4987,#4988),(#4989,#4990),(#4991,#4992),(#4993,#4994),(#4995,#4996)),.UNSPECIFIED.,.T.,.F.,.U.)
B_SPLINE_SURFACE_WITH_KNOTS((3,2,2,3),(2,2),(0.,2.094395102,4.188790205,6.283185307),(-0.,0.007),.UNSPECIFIED.)
GEOMETRIC_REPRESENTATION_ITEM()
RATIONAL_B_SPLINE_SURFACE(((1.,1.),(0.5,0.5),(1.,1.),(0.5,0.5),(1.,1.),(0.5,0.5),(1.,1.)))
REPRESENTATION_ITEM('')
SURFACE()
);
#4998=CARTESIAN_POINT('',(96.,-32.3,61.499999));
#4999=CARTESIAN_POINT('',(96.,-32.3,54.499999));
#5000=B_SPLINE_CURVE_WITH_KNOTS('',1,(#4998,#4999),.UNSPECIFIED.,.F.,.F.,(2,2),(-0.,0.007),.UNSPECIFIED.);
#5001=EDGE_CURVE('',#33,#4967,#5000,.T.);
#5002=ORIENTED_EDGE('',*,*,#5001,.F.);
#5003=ORIENTED_EDGE('',*,*,#44,.T.);
#5004=ORIENTED_EDGE('',*,*,#5001,.T.);
#5005=ORIENTED_EDGE('',*,*,#4978,.T.);
#5006=EDGE_LOOP('',(#5002,#5003,#5004,#5005));
#5007=FACE_BOUND('',#5006,.T.);
#5008=ADVANCED_FACE('',(#5007),#4997,.F.);
#5009=CARTESIAN_POINT('',(98.5,19.,7.25));
#5010=CARTESIAN_POINT('',(100.,19.,7.25));
#5011=CARTESIAN_POINT('',(98.5,19.,54.25));
#5012=CARTESIAN_POINT('',(100.,19.,54.25));
#5013=B_SPLINE_SURFACE_WITH_KNOTS('',1,1,((#5009,#5010),(#5011,#5012)),.UNSPECIFIED.,.F.,.F.,.U.,(2,2),(2,2),(0.,0.047),(0.0085,0.01),.UNSPECIFIED.);
#5014=CARTESIAN_POINT('',(98.5,19.,54.25));
#5015=CARTESIAN_POINT('',(100.,19.,54.25));
#5016=B_SPLINE_CURVE_WITH_KNOTS('',1,(#5014,#5015),.UNSPECIFIED.,.F.,.F.,(2,2),(0.0085,0.01),.UNSPECIFIED.);
#5017=EDGE_CURVE('',#2383,#1841,#5016,.T.);
#5018=ORIENTED_EDGE('',*,*,#5017,.T.);
#5019=ORIENTED_EDGE('',*,*,#1845,.F.);
#5020=CARTESIAN_POINT('',(98.5,19.,7.25));
#5021=CARTESIAN_POINT('',(100.,19.,7.25));
#5022=B_SPLINE_CURVE_WITH_KNOTS('',1,(#5020,#5021),.UNSPECIFIED.,.F.,.F.,(2,2),(0.0085,0.01),.UNSPECIFIED.);
#5023=EDGE_CURVE('',#2393,#1831,#5022,.T.);
#5024=ORIENTED_EDGE('',*,*,#5023,.F.);
#5025=ORIENTED_EDGE('',*,*,#2397,.F.);
#5026=EDGE_LOOP('',(#5018,#5019,#5024,#5025));
#5027=FACE_BOUND('',#5026,.T.);
#5028=ADVANCED_FACE('',(#5027),#5013,.T.);
#5029=CARTESIAN_POINT('',(98.5,20.5,5.75));
#5030=CARTESIAN_POINT('',(100.,20.5,5.75));
#5031=CARTESIAN_POINT('',(98.5,22.,5.75));
#5032=CARTESIAN_POINT('',(100.,22.,5.75));
#5033=CARTESIAN_POINT('',(98.5,22.,7.25));
#5034=CARTESIAN_POINT('',(100.,22.,7.25));
#5035=(BOUNDED_SURFACE()
B_SPLINE_SURFACE(2,1,((#5029,#5030),(#5031,#5032),(#5033,#5034)),.UNSPECIFIED.,.F.,.F.,.U.)
B_SPLINE_SURFACE_WITH_KNOTS((3,3),(2,2),(0.,1.533203626),(0.0085,0.01),.UNSPECIFIED.)
GEOMETRIC_REPRESENTATION_ITEM()
RATIONAL_B_SPLINE_SURFACE(((1.,1.),(0.633974596,0.633974596),(0.803847577,0.803847577)))
REPRESENTATION_ITEM('')
SURFACE()
);
#5036=CARTESIAN_POINT('',(100.,20.5,5.75));
#5037=CARTESIAN_POINT('',(98.5,20.5,5.75));
#5038=B_SPLINE_CURVE_WITH_KNOTS('',1,(#5036,#5037),.UNSPECIFIED.,.F.,.F.,(2,2),(0.0085,0.01),.UNSPECIFIED.);
#5039=EDGE_CURVE('',#1821,#2400,#5038,.T.);
#5040=ORIENTED_EDGE('',*,*,#5039,.F.);
#5041=ORIENTED_EDGE('',*,*,#1828,.F.);
#5042=CARTESIAN_POINT('',(98.5,22.,7.25));
#5043=CARTESIAN_POINT('',(100.,22.,7.25));
#5044=B_SPLINE_CURVE_WITH_KNOTS('',1,(#5042,#5043),.UNSPECIFIED.,.F.,.F.,(2,2),(0.0085,0.01),.UNSPECIFIED.);
#5045=EDGE_CURVE('',#2410,#1819,#5044,.T.);
#5046=ORIENTED_EDGE('',*,*,#5045,.F.);
#5047=ORIENTED_EDGE('',*,*,#2417,.F.);
#5048=EDGE_LOOP('',(#5040,#5041,#5046,#5047));
#5049=FACE_BOUND('',#5048,.T.);
#5050=ADVANCED_FACE('',(#5049),#5035,.F.);
#5051=CARTESIAN_POINT('',(98.5,22.,54.25));
#5052=CARTESIAN_POINT('',(100.,22.,54.25));
#5053=CARTESIAN_POINT('',(98.5,22.,7.25));
#5054=CARTESIAN_POINT('',(100.,22.,7.25));
#5055=B_SPLINE_SURFACE_WITH_KNOTS('',1,1,((#5051,#5052),(#5053,#5054)),.UNSPECIFIED.,.F.,.F.,.U.,(2,2),(2,2),(0.,0.047),(0.0085,0.01),.UNSPECIFIED.);
#5056=ORIENTED_EDGE('',*,*,#5045,.T.);
#5057=ORIENTED_EDGE('',*,*,#1860,.F.);
#5058=CARTESIAN_POINT('',(98.5,22.,54.25));
#5059=CARTESIAN_POINT('',(100.,22.,54.25));
#5060=B_SPLINE_CURVE_WITH_KNOTS('',1,(#5058,#5059),.UNSPECIFIED.,.F.,.F.,(2,2),(0.0085,0.01),.UNSPECIFIED.);
#5061=EDGE_CURVE('',#2381,#1848,#5060,.T.);
#5062=ORIENTED_EDGE('',*,*,#5061,.F.);
#5063=ORIENTED_EDGE('',*,*,#2422,.F.);
#5064=EDGE_LOOP('',(#5056,#5057,#5062,#5063));
#5065=FACE_BOUND('',#5064,.T.);
#5066=ADVANCED_FACE('',(#5065),#5055,.T.);
#5067=CARTESIAN_POINT('',(98.5,22.,54.25));
#5068=CARTESIAN_POINT('',(100.,22.,54.25));
#5069=CARTESIAN_POINT('',(98.5,22.,54.651923789));
#5070=CARTESIAN_POINT('',(100.,22.,54.651923789));
#5071=CARTESIAN_POINT('',(98.5,21.799038106,55.));
#5072=CARTESIAN_POINT('',(100.,21.799038106,55.));
#5073=CARTESIAN_POINT('',(98.5,20.5,57.25));
#5074=CARTESIAN_POINT('',(100.,20.5,57.25));
#5075=CARTESIAN_POINT('',(98.5,19.200961894,55.));
#5076=CARTESIAN_POINT('',(100.,19.200961894,55.));
#5077=CARTESIAN_POINT('',(98.5,19.,54.651923789));
#5078=CARTESIAN_POINT('',(100.,19.,54.651923789));
#5079=CARTESIAN_POINT('',(98.5,19.,54.25));
#5080=CARTESIAN_POINT('',(100.,19.,54.25));
#5081=(BOUNDED_SURFACE()
B_SPLINE_SURFACE(2,1,((#5067,#5068),(#5069,#5070),(#5071,#5072),(#5073,#5074),(#5075,#5076),(#5077,#5078),(#5079,#5080)),.UNSPECIFIED.,.F.,.F.,.U.)
B_SPLINE_SURFACE_WITH_KNOTS((3,2,2,3),(2,2),(1.533203626,2.094395102,4.188790205,4.749981681),(0.0085,0.01),.UNSPECIFIED.)
GEOMETRIC_REPRESENTATION_ITEM()
RATIONAL_B_SPLINE_SURFACE(((0.803847577,0.803847577),(0.866025404,0.866025404),(1.,1.),(0.5,0.5),(1.,1.),(0.866025404,0.866025404),(0.803847577,0.803847577)))
REPRESENTATION_ITEM('')
SURFACE()
);
#5082=ORIENTED_EDGE('',*,*,#5061,.T.);
#5083=ORIENTED_EDGE('',*,*,#1855,.F.);
#5084=ORIENTED_EDGE('',*,*,#5017,.F.);
#5085=ORIENTED_EDGE('',*,*,#2390,.F.);
#5086=EDGE_LOOP('',(#5082,#5083,#5084,#5085));
#5087=FACE_BOUND('',#5086,.T.);
#5088=ADVANCED_FACE('',(#5087),#5081,.F.);
#5089=CARTESIAN_POINT('',(98.5,-25.,53.75));
#5090=CARTESIAN_POINT('',(100.,-25.,53.75));
#5091=CARTESIAN_POINT('',(98.5,-23.,53.75));
#5092=CARTESIAN_POINT('',(100.,-23.,53.75));
#5093=CARTESIAN_POINT('',(98.5,-23.,55.75));
#5094=CARTESIAN_POINT('',(100.,-23.,55.75));
#5095=(BOUNDED_SURFACE()
B_SPLINE_SURFACE(2,1,((#5089,#5090),(#5091,#5092),(#5093,#5094)),.UNSPECIFIED.,.F.,.F.,.U.)
B_SPLINE_SURFACE_WITH_KNOTS((3,3),(2,2),(0.,1.533203626),(0.0085,0.01),.UNSPECIFIED.)
GEOMETRIC_REPRESENTATION_ITEM()
RATIONAL_B_SPLINE_SURFACE(((1.,1.),(0.633974596,0.633974596),(0.803847577,0.803847577)))
REPRESENTATION_ITEM('')
SURFACE()
);
#5096=CARTESIAN_POINT('',(100.,-25.,53.75));
#5097=CARTESIAN_POINT('',(98.5,-25.,53.75));
#5098=B_SPLINE_CURVE_WITH_KNOTS('',1,(#5096,#5097),.UNSPECIFIED.,.F.,.F.,(2,2),(0.0085,0.01),.UNSPECIFIED.);
#5099=EDGE_CURVE('',#1789,#2351,#5098,.T.);
#5100=ORIENTED_EDGE('',*,*,#5099,.F.);
#5101=ORIENTED_EDGE('',*,*,#1802,.T.);
#5102=CARTESIAN_POINT('',(98.5,-23.,55.75));
#5103=CARTESIAN_POINT('',(100.,-23.,55.75));
#5104=B_SPLINE_CURVE_WITH_KNOTS('',1,(#5102,#5103),.UNSPECIFIED.,.F.,.F.,(2,2),(0.0085,0.01),.UNSPECIFIED.);
#5105=EDGE_CURVE('',#2353,#1791,#5104,.T.);
#5106=ORIENTED_EDGE('',*,*,#5105,.F.);
#5107=ORIENTED_EDGE('',*,*,#2376,.T.);
#5108=EDGE_LOOP('',(#5100,#5101,#5106,#5107));
#5109=FACE_BOUND('',#5108,.T.);
#5110=ADVANCED_FACE('',(#5109),#5095,.F.);
#5111=CARTESIAN_POINT('',(98.5,25.,53.75));
#5112=CARTESIAN_POINT('',(100.,25.,53.75));
#5113=CARTESIAN_POINT('',(98.5,27.,53.75));
#5114=CARTESIAN_POINT('',(100.,27.,53.75));
#5115=CARTESIAN_POINT('',(98.5,27.,55.75));
#5116=CARTESIAN_POINT('',(100.,27.,55.75));
#5117=(BOUNDED_SURFACE()
B_SPLINE_SURFACE(2,1,((#5111,#5112),(#5113,#5114),(#5115,#5116)),.UNSPECIFIED.,.F.,.F.,.U.)
B_SPLINE_SURFACE_WITH_KNOTS((3,3),(2,2),(0.,1.533203626),(0.0085,0.01),.UNSPECIFIED.)
GEOMETRIC_REPRESENTATION_ITEM()
RATIONAL_B_SPLINE_SURFACE(((1.,1.),(0.633974596,0.633974596),(0.803847577,0.803847577)))
REPRESENTATION_ITEM('')
SURFACE()
);
#5118=CARTESIAN_POINT('',(100.,25.,53.75));
#5119=CARTESIAN_POINT('',(98.5,25.,53.75));
#5120=B_SPLINE_CURVE_WITH_KNOTS('',1,(#5118,#5119),.UNSPECIFIED.,.F.,.F.,(2,2),(0.0085,0.01),.UNSPECIFIED.);
#5121=EDGE_CURVE('',#1887,#2449,#5120,.T.);
#5122=ORIENTED_EDGE('',*,*,#5121,.F.);
#5123=ORIENTED_EDGE('',*,*,#1900,.T.);
#5124=CARTESIAN_POINT('',(98.5,27.,55.75));
#5125=CARTESIAN_POINT('',(100.,27.,55.75));
#5126=B_SPLINE_CURVE_WITH_KNOTS('',1,(#5124,#5125),.UNSPECIFIED.,.F.,.F.,(2,2),(0.0085,0.01),.UNSPECIFIED.);
#5127=EDGE_CURVE('',#2451,#1889,#5126,.T.);
#5128=ORIENTED_EDGE('',*,*,#5127,.F.);
#5129=ORIENTED_EDGE('',*,*,#2474,.T.);
#5130=EDGE_LOOP('',(#5122,#5123,#5128,#5129));
#5131=FACE_BOUND('',#5130,.T.);
#5132=ADVANCED_FACE('',(#5131),#5117,.F.);
#5133=CARTESIAN_POINT('',(98.5,-25.,3.75));
#5134=CARTESIAN_POINT('',(100.,-25.,3.75));
#5135=CARTESIAN_POINT('',(98.5,-23.,3.75));
#5136=CARTESIAN_POINT('',(100.,-23.,3.75));
#5137=CARTESIAN_POINT('',(98.5,-23.,5.75));
#5138=CARTESIAN_POINT('',(100.,-23.,5.75));
#5139=(BOUNDED_SURFACE()
B_SPLINE_SURFACE(2,1,((#5133,#5134),(#5135,#5136),(#5137,#5138)),.UNSPECIFIED.,.F.,.F.,.U.)
B_SPLINE_SURFACE_WITH_KNOTS((3,3),(2,2),(0.,1.533203626),(0.0085,0.01),.UNSPECIFIED.)
GEOMETRIC_REPRESENTATION_ITEM()
RATIONAL_B_SPLINE_SURFACE(((1.,1.),(0.633974596,0.633974596),(0.803847577,0.803847577)))
REPRESENTATION_ITEM('')
SURFACE()
);
#5140=CARTESIAN_POINT('',(100.,-25.,3.75));
#5141=CARTESIAN_POINT('',(98.5,-25.,3.75));
#5142=B_SPLINE_CURVE_WITH_KNOTS('',1,(#5140,#5141),.UNSPECIFIED.,.F.,.F.,(2,2),(0.0085,0.01),.UNSPECIFIED.);
#5143=EDGE_CURVE('',#1759,#2321,#5142,.T.);
#5144=ORIENTED_EDGE('',*,*,#5143,.F.);
#5145=ORIENTED_EDGE('',*,*,#1772,.T.);
#5146=CARTESIAN_POINT('',(98.5,-23.,5.75));
#5147=CARTESIAN_POINT('',(100.,-23.,5.75));
#5148=B_SPLINE_CURVE_WITH_KNOTS('',1,(#5146,#5147),.UNSPECIFIED.,.F.,.F.,(2,2),(0.0085,0.01),.UNSPECIFIED.);
#5149=EDGE_CURVE('',#2323,#1761,#5148,.T.);
#5150=ORIENTED_EDGE('',*,*,#5149,.F.);
#5151=ORIENTED_EDGE('',*,*,#2346,.T.);
#5152=EDGE_LOOP('',(#5144,#5145,#5150,#5151));
#5153=FACE_BOUND('',#5152,.T.);
#5154=ADVANCED_FACE('',(#5153),#5139,.F.);
#5155=CARTESIAN_POINT('',(98.5,25.,3.75));
#5156=CARTESIAN_POINT('',(100.,25.,3.75));
#5157=CARTESIAN_POINT('',(98.5,27.,3.75));
#5158=CARTESIAN_POINT('',(100.,27.,3.75));
#5159=CARTESIAN_POINT('',(98.5,27.,5.75));
#5160=CARTESIAN_POINT('',(100.,27.,5.75));
#5161=(BOUNDED_SURFACE()
B_SPLINE_SURFACE(2,1,((#5155,#5156),(#5157,#5158),(#5159,#5160)),.UNSPECIFIED.,.F.,.F.,.U.)
B_SPLINE_SURFACE_WITH_KNOTS((3,3),(2,2),(0.,1.533203626),(0.0085,0.01),.UNSPECIFIED.)
GEOMETRIC_REPRESENTATION_ITEM()
RATIONAL_B_SPLINE_SURFACE(((1.,1.),(0.633974596,0.633974596),(0.803847577,0.803847577)))
REPRESENTATION_ITEM('')
SURFACE()
);
#5162=CARTESIAN_POINT('',(100.,25.,3.75));
#5163=CARTESIAN_POINT('',(98.5,25.,3.75));
#5164=B_SPLINE_CURVE_WITH_KNOTS('',1,(#5162,#5163),.UNSPECIFIED.,.F.,.F.,(2,2),(0.0085,0.01),.UNSPECIFIED.);
#5165=EDGE_CURVE('',#1917,#2479,#5164,.T.);
#5166=ORIENTED_EDGE('',*,*,#5165,.F.);
#5167=ORIENTED_EDGE('',*,*,#1930,.T.);
#5168=CARTESIAN_POINT('',(98.5,27.,5.75));
#5169=CARTESIAN_POINT('',(100.,27.,5.75));
#5170=B_SPLINE_CURVE_WITH_KNOTS('',1,(#5168,#5169),.UNSPECIFIED.,.F.,.F.,(2,2),(0.0085,0.01),.UNSPECIFIED.);
#5171=EDGE_CURVE('',#2481,#1919,#5170,.T.);
#5172=ORIENTED_EDGE('',*,*,#5171,.F.);
#5173=ORIENTED_EDGE('',*,*,#2504,.T.);
#5174=EDGE_LOOP('',(#5166,#5167,#5172,#5173));
#5175=FACE_BOUND('',#5174,.T.);
#5176=ADVANCED_FACE('',(#5175),#5161,.F.);
#5177=CARTESIAN_POINT('',(98.5,-21.,7.25));
#5178=CARTESIAN_POINT('',(100.,-21.,7.25));
#5179=CARTESIAN_POINT('',(98.5,-21.,54.25));
#5180=CARTESIAN_POINT('',(100.,-21.,54.25));
#5181=B_SPLINE_SURFACE_WITH_KNOTS('',1,1,((#5177,#5178),(#5179,#5180)),.UNSPECIFIED.,.F.,.F.,.U.,(2,2),(2,2),(-0.,0.047),(0.0085,0.01),.UNSPECIFIED.);
#5182=CARTESIAN_POINT('',(98.5,-21.,54.25));
#5183=CARTESIAN_POINT('',(100.,-21.,54.25));
#5184=B_SPLINE_CURVE_WITH_KNOTS('',1,(#5182,#5183),.UNSPECIFIED.,.F.,.F.,(2,2),(0.0085,0.01),.UNSPECIFIED.);
#5185=EDGE_CURVE('',#2277,#1735,#5184,.T.);
#5186=ORIENTED_EDGE('',*,*,#5185,.T.);
#5187=ORIENTED_EDGE('',*,*,#1739,.F.);
#5188=CARTESIAN_POINT('',(98.5,-21.,7.25));
#5189=CARTESIAN_POINT('',(100.,-21.,7.25));
#5190=B_SPLINE_CURVE_WITH_KNOTS('',1,(#5188,#5189),.UNSPECIFIED.,.F.,.F.,(2,2),(0.0085,0.01),.UNSPECIFIED.);
#5191=EDGE_CURVE('',#2287,#1725,#5190,.T.);
#5192=ORIENTED_EDGE('',*,*,#5191,.F.);
#5193=ORIENTED_EDGE('',*,*,#2291,.F.);
#5194=EDGE_LOOP('',(#5186,#5187,#5192,#5193));
#5195=FACE_BOUND('',#5194,.T.);
#5196=ADVANCED_FACE('',(#5195),#5181,.T.);
#5197=CARTESIAN_POINT('',(98.5,-19.5,5.75));
#5198=CARTESIAN_POINT('',(100.,-19.5,5.75));
#5199=CARTESIAN_POINT('',(98.5,-18.,5.75));
#5200=CARTESIAN_POINT('',(100.,-18.,5.75));
#5201=CARTESIAN_POINT('',(98.5,-18.,7.25));
#5202=CARTESIAN_POINT('',(100.,-18.,7.25));
#5203=(BOUNDED_SURFACE()
B_SPLINE_SURFACE(2,1,((#5197,#5198),(#5199,#5200),(#5201,#5202)),.UNSPECIFIED.,.F.,.F.,.U.)
B_SPLINE_SURFACE_WITH_KNOTS((3,3),(2,2),(0.,1.533203626),(0.0085,0.01),.UNSPECIFIED.)
GEOMETRIC_REPRESENTATION_ITEM()
RATIONAL_B_SPLINE_SURFACE(((1.,1.),(0.633974596,0.633974596),(0.803847577,0.803847577)))
REPRESENTATION_ITEM('')
SURFACE()
);
#5204=CARTESIAN_POINT('',(100.,-19.5,5.75));
#5205=CARTESIAN_POINT('',(98.5,-19.5,5.75));
#5206=B_SPLINE_CURVE_WITH_KNOTS('',1,(#5204,#5205),.UNSPECIFIED.,.F.,.F.,(2,2),(0.0085,0.01),.UNSPECIFIED.);
#5207=EDGE_CURVE('',#1715,#2294,#5206,.T.);
#5208=ORIENTED_EDGE('',*,*,#5207,.F.);
#5209=ORIENTED_EDGE('',*,*,#1722,.F.);
#5210=CARTESIAN_POINT('',(98.5,-18.,7.25));
#5211=CARTESIAN_POINT('',(100.,-18.,7.25));
#5212=B_SPLINE_CURVE_WITH_KNOTS('',1,(#5210,#5211),.UNSPECIFIED.,.F.,.F.,(2,2),(0.0085,0.01),.UNSPECIFIED.);
#5213=EDGE_CURVE('',#2304,#1713,#5212,.T.);
#5214=ORIENTED_EDGE('',*,*,#5213,.F.);
#5215=ORIENTED_EDGE('',*,*,#2311,.F.);
#5216=EDGE_LOOP('',(#5208,#5209,#5214,#5215));
#5217=FACE_BOUND('',#5216,.T.);
#5218=ADVANCED_FACE('',(#5217),#5203,.F.);
#5219=CARTESIAN_POINT('',(98.5,-18.,54.25));
#5220=CARTESIAN_POINT('',(100.,-18.,54.25));
#5221=CARTESIAN_POINT('',(98.5,-18.,7.25));
#5222=CARTESIAN_POINT('',(100.,-18.,7.25));
#5223=B_SPLINE_SURFACE_WITH_KNOTS('',1,1,((#5219,#5220),(#5221,#5222)),.UNSPECIFIED.,.F.,.F.,.U.,(2,2),(2,2),(-0.,0.047),(0.0085,0.01),.UNSPECIFIED.);
#5224=ORIENTED_EDGE('',*,*,#5213,.T.);
#5225=ORIENTED_EDGE('',*,*,#1754,.F.);
#5226=CARTESIAN_POINT('',(98.5,-18.,54.25));
#5227=CARTESIAN_POINT('',(100.,-18.,54.25));
#5228=B_SPLINE_CURVE_WITH_KNOTS('',1,(#5226,#5227),.UNSPECIFIED.,.F.,.F.,(2,2),(0.0085,0.01),.UNSPECIFIED.);
#5229=EDGE_CURVE('',#2275,#1742,#5228,.T.);
#5230=ORIENTED_EDGE('',*,*,#5229,.F.);
#5231=ORIENTED_EDGE('',*,*,#2316,.F.);
#5232=EDGE_LOOP('',(#5224,#5225,#5230,#5231));
#5233=FACE_BOUND('',#5232,.T.);
#5234=ADVANCED_FACE('',(#5233),#5223,.T.);
#5235=CARTESIAN_POINT('',(98.5,-18.,54.25));
#5236=CARTESIAN_POINT('',(100.,-18.,54.25));
#5237=CARTESIAN_POINT('',(98.5,-18.,54.651923789));
#5238=CARTESIAN_POINT('',(100.,-18.,54.651923789));
#5239=CARTESIAN_POINT('',(98.5,-18.200961894,55.));
#5240=CARTESIAN_POINT('',(100.,-18.200961894,55.));
#5241=CARTESIAN_POINT('',(98.5,-19.5,57.25));
#5242=CARTESIAN_POINT('',(100.,-19.5,57.25));
#5243=CARTESIAN_POINT('',(98.5,-20.799038106,55.));
#5244=CARTESIAN_POINT('',(100.,-20.799038106,55.));
#5245=CARTESIAN_POINT('',(98.5,-21.,54.651923789));
#5246=CARTESIAN_POINT('',(100.,-21.,54.651923789));
#5247=CARTESIAN_POINT('',(98.5,-21.,54.25));
#5248=CARTESIAN_POINT('',(100.,-21.,54.25));
#5249=(BOUNDED_SURFACE()
B_SPLINE_SURFACE(2,1,((#5235,#5236),(#5237,#5238),(#5239,#5240),(#5241,#5242),(#5243,#5244),(#5245,#5246),(#5247,#5248)),.UNSPECIFIED.,.F.,.F.,.U.)
B_SPLINE_SURFACE_WITH_KNOTS((3,2,2,3),(2,2),(1.533203626,2.094395102,4.188790205,4.749981681),(0.0085,0.01),.UNSPECIFIED.)
GEOMETRIC_REPRESENTATION_ITEM()
RATIONAL_B_SPLINE_SURFACE(((0.803847577,0.803847577),(0.866025404,0.866025404),(1.,1.),(0.5,0.5),(1.,1.),(0.866025404,0.866025404),(0.803847577,0.803847577)))
REPRESENTATION_ITEM('')
SURFACE()
);
#5250=ORIENTED_EDGE('',*,*,#5229,.T.);
#5251=ORIENTED_EDGE('',*,*,#1749,.F.);
#5252=ORIENTED_EDGE('',*,*,#5185,.F.);
#5253=ORIENTED_EDGE('',*,*,#2284,.F.);
#5254=EDGE_LOOP('',(#5250,#5251,#5252,#5253));
#5255=FACE_BOUND('',#5254,.T.);
#5256=ADVANCED_FACE('',(#5255),#5249,.F.);
#5257=CARTESIAN_POINT('',(98.5,-16.,7.25));
#5258=CARTESIAN_POINT('',(100.,-16.,7.25));
#5259=CARTESIAN_POINT('',(98.5,-16.,54.25));
#5260=CARTESIAN_POINT('',(100.,-16.,54.25));
#5261=B_SPLINE_SURFACE_WITH_KNOTS('',1,1,((#5257,#5258),(#5259,#5260)),.UNSPECIFIED.,.F.,.F.,.U.,(2,2),(2,2),(-0.,0.047),(0.0085,0.01),.UNSPECIFIED.);
#5262=CARTESIAN_POINT('',(98.5,-16.,54.25));
#5263=CARTESIAN_POINT('',(100.,-16.,54.25));
#5264=B_SPLINE_CURVE_WITH_KNOTS('',1,(#5262,#5263),.UNSPECIFIED.,.F.,.F.,(2,2),(0.0085,0.01),.UNSPECIFIED.);
#5265=EDGE_CURVE('',#2231,#1689,#5264,.T.);
#5266=ORIENTED_EDGE('',*,*,#5265,.T.);
#5267=ORIENTED_EDGE('',*,*,#1693,.F.);
#5268=CARTESIAN_POINT('',(98.5,-16.,7.25));
#5269=CARTESIAN_POINT('',(100.,-16.,7.25));
#5270=B_SPLINE_CURVE_WITH_KNOTS('',1,(#5268,#5269),.UNSPECIFIED.,.F.,.F.,(2,2),(0.0085,0.01),.UNSPECIFIED.);
#5271=EDGE_CURVE('',#2241,#1679,#5270,.T.);
#5272=ORIENTED_EDGE('',*,*,#5271,.F.);
#5273=ORIENTED_EDGE('',*,*,#2245,.F.);
#5274=EDGE_LOOP('',(#5266,#5267,#5272,#5273));
#5275=FACE_BOUND('',#5274,.T.);
#5276=ADVANCED_FACE('',(#5275),#5261,.T.);
#5277=CARTESIAN_POINT('',(98.5,-14.5,5.75));
#5278=CARTESIAN_POINT('',(100.,-14.5,5.75));
#5279=CARTESIAN_POINT('',(98.5,-13.,5.75));
#5280=CARTESIAN_POINT('',(100.,-13.,5.75));
#5281=CARTESIAN_POINT('',(98.5,-13.,7.25));
#5282=CARTESIAN_POINT('',(100.,-13.,7.25));
#5283=(BOUNDED_SURFACE()
B_SPLINE_SURFACE(2,1,((#5277,#5278),(#5279,#5280),(#5281,#5282)),.UNSPECIFIED.,.F.,.F.,.U.)
B_SPLINE_SURFACE_WITH_KNOTS((3,3),(2,2),(0.,1.533203626),(0.0085,0.01),.UNSPECIFIED.)
GEOMETRIC_REPRESENTATION_ITEM()
RATIONAL_B_SPLINE_SURFACE(((1.,1.),(0.633974596,0.633974596),(0.803847577,0.803847577)))
REPRESENTATION_ITEM('')
SURFACE()
);
#5284=CARTESIAN_POINT('',(100.,-14.5,5.75));
#5285=CARTESIAN_POINT('',(98.5,-14.5,5.75));
#5286=B_SPLINE_CURVE_WITH_KNOTS('',1,(#5284,#5285),.UNSPECIFIED.,.F.,.F.,(2,2),(0.0085,0.01),.UNSPECIFIED.);
#5287=EDGE_CURVE('',#1669,#2248,#5286,.T.);
#5288=ORIENTED_EDGE('',*,*,#5287,.F.);
#5289=ORIENTED_EDGE('',*,*,#1676,.F.);
#5290=CARTESIAN_POINT('',(98.5,-13.,7.25));
#5291=CARTESIAN_POINT('',(100.,-13.,7.25));
#5292=B_SPLINE_CURVE_WITH_KNOTS('',1,(#5290,#5291),.UNSPECIFIED.,.F.,.F.,(2,2),(0.0085,0.01),.UNSPECIFIED.);
#5293=EDGE_CURVE('',#2258,#1667,#5292,.T.);
#5294=ORIENTED_EDGE('',*,*,#5293,.F.);
#5295=ORIENTED_EDGE('',*,*,#2265,.F.);
#5296=EDGE_LOOP('',(#5288,#5289,#5294,#5295));
#5297=FACE_BOUND('',#5296,.T.);
#5298=ADVANCED_FACE('',(#5297),#5283,.F.);
#5299=CARTESIAN_POINT('',(98.5,-13.,54.25));
#5300=CARTESIAN_POINT('',(100.,-13.,54.25));
#5301=CARTESIAN_POINT('',(98.5,-13.,7.25));
#5302=CARTESIAN_POINT('',(100.,-13.,7.25));
#5303=B_SPLINE_SURFACE_WITH_KNOTS('',1,1,((#5299,#5300),(#5301,#5302)),.UNSPECIFIED.,.F.,.F.,.U.,(2,2),(2,2),(-0.,0.047),(0.0085,0.01),.UNSPECIFIED.);
#5304=ORIENTED_EDGE('',*,*,#5293,.T.);
#5305=ORIENTED_EDGE('',*,*,#1708,.F.);
#5306=CARTESIAN_POINT('',(98.5,-13.,54.25));
#5307=CARTESIAN_POINT('',(100.,-13.,54.25));
#5308=B_SPLINE_CURVE_WITH_KNOTS('',1,(#5306,#5307),.UNSPECIFIED.,.F.,.F.,(2,2),(0.0085,0.01),.UNSPECIFIED.);
#5309=EDGE_CURVE('',#2229,#1696,#5308,.T.);
#5310=ORIENTED_EDGE('',*,*,#5309,.F.);
#5311=ORIENTED_EDGE('',*,*,#2270,.F.);
#5312=EDGE_LOOP('',(#5304,#5305,#5310,#5311));
#5313=FACE_BOUND('',#5312,.T.);
#5314=ADVANCED_FACE('',(#5313),#5303,.T.);
#5315=CARTESIAN_POINT('',(98.5,-13.,54.25));
#5316=CARTESIAN_POINT('',(100.,-13.,54.25));
#5317=CARTESIAN_POINT('',(98.5,-13.,54.651923789));
#5318=CARTESIAN_POINT('',(100.,-13.,54.651923789));
#5319=CARTESIAN_POINT('',(98.5,-13.200961894,55.));
#5320=CARTESIAN_POINT('',(100.,-13.200961894,55.));
#5321=CARTESIAN_POINT('',(98.5,-14.5,57.25));
#5322=CARTESIAN_POINT('',(100.,-14.5,57.25));
#5323=CARTESIAN_POINT('',(98.5,-15.799038106,55.));
#5324=CARTESIAN_POINT('',(100.,-15.799038106,55.));
#5325=CARTESIAN_POINT('',(98.5,-16.,54.651923789));
#5326=CARTESIAN_POINT('',(100.,-16.,54.651923789));
#5327=CARTESIAN_POINT('',(98.5,-16.,54.25));
#5328=CARTESIAN_POINT('',(100.,-16.,54.25));
#5329=(BOUNDED_SURFACE()
B_SPLINE_SURFACE(2,1,((#5315,#5316),(#5317,#5318),(#5319,#5320),(#5321,#5322),(#5323,#5324),(#5325,#5326),(#5327,#5328)),.UNSPECIFIED.,.F.,.F.,.U.)
B_SPLINE_SURFACE_WITH_KNOTS((3,2,2,3),(2,2),(1.533203626,2.094395102,4.188790205,4.749981681),(0.0085,0.01),.UNSPECIFIED.)
GEOMETRIC_REPRESENTATION_ITEM()
RATIONAL_B_SPLINE_SURFACE(((0.803847577,0.803847577),(0.866025404,0.866025404),(1.,1.),(0.5,0.5),(1.,1.),(0.866025404,0.866025404),(0.803847577,0.803847577)))
REPRESENTATION_ITEM('')
SURFACE()
);
#5330=ORIENTED_EDGE('',*,*,#5309,.T.);
#5331=ORIENTED_EDGE('',*,*,#1703,.F.);
#5332=ORIENTED_EDGE('',*,*,#5265,.F.);
#5333=ORIENTED_EDGE('',*,*,#2238,.F.);
#5334=EDGE_LOOP('',(#5330,#5331,#5332,#5333));
#5335=FACE_BOUND('',#5334,.T.);
#5336=ADVANCED_FACE('',(#5335),#5329,.F.);
#5337=CARTESIAN_POINT('',(98.5,-11.,7.25));
#5338=CARTESIAN_POINT('',(100.,-11.,7.25));
#5339=CARTESIAN_POINT('',(98.5,-11.,54.25));
#5340=CARTESIAN_POINT('',(100.,-11.,54.25));
#5341=B_SPLINE_SURFACE_WITH_KNOTS('',1,1,((#5337,#5338),(#5339,#5340)),.UNSPECIFIED.,.F.,.F.,.U.,(2,2),(2,2),(-0.,0.047),(0.0085,0.01),.UNSPECIFIED.);
#5342=CARTESIAN_POINT('',(98.5,-11.,54.25));
#5343=CARTESIAN_POINT('',(100.,-11.,54.25));
#5344=B_SPLINE_CURVE_WITH_KNOTS('',1,(#5342,#5343),.UNSPECIFIED.,.F.,.F.,(2,2),(0.0085,0.01),.UNSPECIFIED.);
#5345=EDGE_CURVE('',#2185,#1643,#5344,.T.);
#5346=ORIENTED_EDGE('',*,*,#5345,.T.);
#5347=ORIENTED_EDGE('',*,*,#1647,.F.);
#5348=CARTESIAN_POINT('',(98.5,-11.,7.25));
#5349=CARTESIAN_POINT('',(100.,-11.,7.25));
#5350=B_SPLINE_CURVE_WITH_KNOTS('',1,(#5348,#5349),.UNSPECIFIED.,.F.,.F.,(2,2),(0.0085,0.01),.UNSPECIFIED.);
#5351=EDGE_CURVE('',#2195,#1633,#5350,.T.);
#5352=ORIENTED_EDGE('',*,*,#5351,.F.);
#5353=ORIENTED_EDGE('',*,*,#2199,.F.);
#5354=EDGE_LOOP('',(#5346,#5347,#5352,#5353));
#5355=FACE_BOUND('',#5354,.T.);
#5356=ADVANCED_FACE('',(#5355),#5341,.T.);
#5357=CARTESIAN_POINT('',(98.5,-9.5,5.75));
#5358=CARTESIAN_POINT('',(100.,-9.5,5.75));
#5359=CARTESIAN_POINT('',(98.5,-8.,5.75));
#5360=CARTESIAN_POINT('',(100.,-8.,5.75));
#5361=CARTESIAN_POINT('',(98.5,-8.,7.25));
#5362=CARTESIAN_POINT('',(100.,-8.,7.25));
#5363=(BOUNDED_SURFACE()
B_SPLINE_SURFACE(2,1,((#5357,#5358),(#5359,#5360),(#5361,#5362)),.UNSPECIFIED.,.F.,.F.,.U.)
B_SPLINE_SURFACE_WITH_KNOTS((3,3),(2,2),(0.,1.533203626),(0.0085,0.01),.UNSPECIFIED.)
GEOMETRIC_REPRESENTATION_ITEM()
RATIONAL_B_SPLINE_SURFACE(((1.,1.),(0.633974596,0.633974596),(0.803847577,0.803847577)))
REPRESENTATION_ITEM('')
SURFACE()
);
#5364=CARTESIAN_POINT('',(100.,-9.5,5.75));
#5365=CARTESIAN_POINT('',(98.5,-9.5,5.75));
#5366=B_SPLINE_CURVE_WITH_KNOTS('',1,(#5364,#5365),.UNSPECIFIED.,.F.,.F.,(2,2),(0.0085,0.01),.UNSPECIFIED.);
#5367=EDGE_CURVE('',#1623,#2202,#5366,.T.);
#5368=ORIENTED_EDGE('',*,*,#5367,.F.);
#5369=ORIENTED_EDGE('',*,*,#1630,.F.);
#5370=CARTESIAN_POINT('',(98.5,-8.,7.25));
#5371=CARTESIAN_POINT('',(100.,-8.,7.25));
#5372=B_SPLINE_CURVE_WITH_KNOTS('',1,(#5370,#5371),.UNSPECIFIED.,.F.,.F.,(2,2),(0.0085,0.01),.UNSPECIFIED.);
#5373=EDGE_CURVE('',#2212,#1621,#5372,.T.);
#5374=ORIENTED_EDGE('',*,*,#5373,.F.);
#5375=ORIENTED_EDGE('',*,*,#2219,.F.);
#5376=EDGE_LOOP('',(#5368,#5369,#5374,#5375));
#5377=FACE_BOUND('',#5376,.T.);
#5378=ADVANCED_FACE('',(#5377),#5363,.F.);
#5379=CARTESIAN_POINT('',(98.5,-8.,54.25));
#5380=CARTESIAN_POINT('',(100.,-8.,54.25));
#5381=CARTESIAN_POINT('',(98.5,-8.,7.25));
#5382=CARTESIAN_POINT('',(100.,-8.,7.25));
#5383=B_SPLINE_SURFACE_WITH_KNOTS('',1,1,((#5379,#5380),(#5381,#5382)),.UNSPECIFIED.,.F.,.F.,.U.,(2,2),(2,2),(-0.,0.047),(0.0085,0.01),.UNSPECIFIED.);
#5384=ORIENTED_EDGE('',*,*,#5373,.T.);
#5385=ORIENTED_EDGE('',*,*,#1662,.F.);
#5386=CARTESIAN_POINT('',(98.5,-8.,54.25));
#5387=CARTESIAN_POINT('',(100.,-8.,54.25));
#5388=B_SPLINE_CURVE_WITH_KNOTS('',1,(#5386,#5387),.UNSPECIFIED.,.F.,.F.,(2,2),(0.0085,0.01),.UNSPECIFIED.);
#5389=EDGE_CURVE('',#2183,#1650,#5388,.T.);
#5390=ORIENTED_EDGE('',*,*,#5389,.F.);
#5391=ORIENTED_EDGE('',*,*,#2224,.F.);
#5392=EDGE_LOOP('',(#5384,#5385,#5390,#5391));
#5393=FACE_BOUND('',#5392,.T.);
#5394=ADVANCED_FACE('',(#5393),#5383,.T.);
#5395=CARTESIAN_POINT('',(98.5,-8.,54.25));
#5396=CARTESIAN_POINT('',(100.,-8.,54.25));
#5397=CARTESIAN_POINT('',(98.5,-8.,54.651923789));
#5398=CARTESIAN_POINT('',(100.,-8.,54.651923789));
#5399=CARTESIAN_POINT('',(98.5,-8.200961894,55.));
#5400=CARTESIAN_POINT('',(100.,-8.200961894,55.));
#5401=CARTESIAN_POINT('',(98.5,-9.5,57.25));
#5402=CARTESIAN_POINT('',(100.,-9.5,57.25));
#5403=CARTESIAN_POINT('',(98.5,-10.799038106,55.));
#5404=CARTESIAN_POINT('',(100.,-10.799038106,55.));
#5405=CARTESIAN_POINT('',(98.5,-11.,54.651923789));
#5406=CARTESIAN_POINT('',(100.,-11.,54.651923789));
#5407=CARTESIAN_POINT('',(98.5,-11.,54.25));
#5408=CARTESIAN_POINT('',(100.,-11.,54.25));
#5409=(BOUNDED_SURFACE()
B_SPLINE_SURFACE(2,1,((#5395,#5396),(#5397,#5398),(#5399,#5400),(#5401,#5402),(#5403,#5404),(#5405,#5406),(#5407,#5408)),.UNSPECIFIED.,.F.,.F.,.U.)
B_SPLINE_SURFACE_WITH_KNOTS((3,2,2,3),(2,2),(1.533203626,2.094395102,4.188790205,4.749981681),(0.0085,0.01),.UNSPECIFIED.)
GEOMETRIC_REPRESENTATION_ITEM()
RATIONAL_B_SPLINE_SURFACE(((0.803847577,0.803847577),(0.866025404,0.866025404),(1.,1.),(0.5,0.5),(1.,1.),(0.866025404,0.866025404),(0.803847577,0.803847577)))
REPRESENTATION_ITEM('')
SURFACE()
);
#5410=ORIENTED_EDGE('',*,*,#5389,.T.);
#5411=ORIENTED_EDGE('',*,*,#1657,.F.);
#5412=ORIENTED_EDGE('',*,*,#5345,.F.);
#5413=ORIENTED_EDGE('',*,*,#2192,.F.);
#5414=EDGE_LOOP('',(#5410,#5411,#5412,#5413));
#5415=FACE_BOUND('',#5414,.T.);
#5416=ADVANCED_FACE('',(#5415),#5409,.F.);
#5417=CARTESIAN_POINT('',(98.5,-6.,7.25));
#5418=CARTESIAN_POINT('',(100.,-6.,7.25));
#5419=CARTESIAN_POINT('',(98.5,-6.,54.25));
#5420=CARTESIAN_POINT('',(100.,-6.,54.25));
#5421=B_SPLINE_SURFACE_WITH_KNOTS('',1,1,((#5417,#5418),(#5419,#5420)),.UNSPECIFIED.,.F.,.F.,.U.,(2,2),(2,2),(-0.,0.047),(0.0085,0.01),.UNSPECIFIED.);
#5422=CARTESIAN_POINT('',(98.5,-6.,54.25));
#5423=CARTESIAN_POINT('',(100.,-6.,54.25));
#5424=B_SPLINE_CURVE_WITH_KNOTS('',1,(#5422,#5423),.UNSPECIFIED.,.F.,.F.,(2,2),(0.0085,0.01),.UNSPECIFIED.);
#5425=EDGE_CURVE('',#2139,#1597,#5424,.T.);
#5426=ORIENTED_EDGE('',*,*,#5425,.T.);
#5427=ORIENTED_EDGE('',*,*,#1601,.F.);
#5428=CARTESIAN_POINT('',(98.5,-6.,7.25));
#5429=CARTESIAN_POINT('',(100.,-6.,7.25));
#5430=B_SPLINE_CURVE_WITH_KNOTS('',1,(#5428,#5429),.UNSPECIFIED.,.F.,.F.,(2,2),(0.0085,0.01),.UNSPECIFIED.);
#5431=EDGE_CURVE('',#2149,#1587,#5430,.T.);
#5432=ORIENTED_EDGE('',*,*,#5431,.F.);
#5433=ORIENTED_EDGE('',*,*,#2153,.F.);
#5434=EDGE_LOOP('',(#5426,#5427,#5432,#5433));
#5435=FACE_BOUND('',#5434,.T.);
#5436=ADVANCED_FACE('',(#5435),#5421,.T.);
#5437=CARTESIAN_POINT('',(98.5,-4.5,5.75));
#5438=CARTESIAN_POINT('',(100.,-4.5,5.75));
#5439=CARTESIAN_POINT('',(98.5,-3.,5.75));
#5440=CARTESIAN_POINT('',(100.,-3.,5.75));
#5441=CARTESIAN_POINT('',(98.5,-3.,7.25));
#5442=CARTESIAN_POINT('',(100.,-3.,7.25));
#5443=(BOUNDED_SURFACE()
B_SPLINE_SURFACE(2,1,((#5437,#5438),(#5439,#5440),(#5441,#5442)),.UNSPECIFIED.,.F.,.F.,.U.)
B_SPLINE_SURFACE_WITH_KNOTS((3,3),(2,2),(0.,1.533203626),(0.0085,0.01),.UNSPECIFIED.)
GEOMETRIC_REPRESENTATION_ITEM()
RATIONAL_B_SPLINE_SURFACE(((1.,1.),(0.633974596,0.633974596),(0.803847577,0.803847577)))
REPRESENTATION_ITEM('')
SURFACE()
);
#5444=CARTESIAN_POINT('',(100.,-4.5,5.75));
#5445=CARTESIAN_POINT('',(98.5,-4.5,5.75));
#5446=B_SPLINE_CURVE_WITH_KNOTS('',1,(#5444,#5445),.UNSPECIFIED.,.F.,.F.,(2,2),(0.0085,0.01),.UNSPECIFIED.);
#5447=EDGE_CURVE('',#1577,#2156,#5446,.T.);
#5448=ORIENTED_EDGE('',*,*,#5447,.F.);
#5449=ORIENTED_EDGE('',*,*,#1584,.F.);
#5450=CARTESIAN_POINT('',(98.5,-3.,7.25));
#5451=CARTESIAN_POINT('',(100.,-3.,7.25));
#5452=B_SPLINE_CURVE_WITH_KNOTS('',1,(#5450,#5451),.UNSPECIFIED.,.F.,.F.,(2,2),(0.0085,0.01),.UNSPECIFIED.);
#5453=EDGE_CURVE('',#2166,#1575,#5452,.T.);
#5454=ORIENTED_EDGE('',*,*,#5453,.F.);
#5455=ORIENTED_EDGE('',*,*,#2173,.F.);
#5456=EDGE_LOOP('',(#5448,#5449,#5454,#5455));
#5457=FACE_BOUND('',#5456,.T.);
#5458=ADVANCED_FACE('',(#5457),#5443,.F.);
#5459=CARTESIAN_POINT('',(98.5,-3.,54.25));
#5460=CARTESIAN_POINT('',(100.,-3.,54.25));
#5461=CARTESIAN_POINT('',(98.5,-3.,7.25));
#5462=CARTESIAN_POINT('',(100.,-3.,7.25));
#5463=B_SPLINE_SURFACE_WITH_KNOTS('',1,1,((#5459,#5460),(#5461,#5462)),.UNSPECIFIED.,.F.,.F.,.U.,(2,2),(2,2),(-0.,0.047),(0.0085,0.01),.UNSPECIFIED.);
#5464=ORIENTED_EDGE('',*,*,#5453,.T.);
#5465=ORIENTED_EDGE('',*,*,#1616,.F.);
#5466=CARTESIAN_POINT('',(98.5,-3.,54.25));
#5467=CARTESIAN_POINT('',(100.,-3.,54.25));
#5468=B_SPLINE_CURVE_WITH_KNOTS('',1,(#5466,#5467),.UNSPECIFIED.,.F.,.F.,(2,2),(0.0085,0.01),.UNSPECIFIED.);
#5469=EDGE_CURVE('',#2137,#1604,#5468,.T.);
#5470=ORIENTED_EDGE('',*,*,#5469,.F.);
#5471=ORIENTED_EDGE('',*,*,#2178,.F.);
#5472=EDGE_LOOP('',(#5464,#5465,#5470,#5471));
#5473=FACE_BOUND('',#5472,.T.);
#5474=ADVANCED_FACE('',(#5473),#5463,.T.);
#5475=CARTESIAN_POINT('',(98.5,-3.,54.25));
#5476=CARTESIAN_POINT('',(100.,-3.,54.25));
#5477=CARTESIAN_POINT('',(98.5,-3.,54.651923789));
#5478=CARTESIAN_POINT('',(100.,-3.,54.651923789));
#5479=CARTESIAN_POINT('',(98.5,-3.200961894,55.));
#5480=CARTESIAN_POINT('',(100.,-3.200961894,55.));
#5481=CARTESIAN_POINT('',(98.5,-4.5,57.25));
#5482=CARTESIAN_POINT('',(100.,-4.5,57.25));
#5483=CARTESIAN_POINT('',(98.5,-5.799038106,55.));
#5484=CARTESIAN_POINT('',(100.,-5.799038106,55.));
#5485=CARTESIAN_POINT('',(98.5,-6.,54.651923789));
#5486=CARTESIAN_POINT('',(100.,-6.,54.651923789));
#5487=CARTESIAN_POINT('',(98.5,-6.,54.25));
#5488=CARTESIAN_POINT('',(100.,-6.,54.25));
#5489=(BOUNDED_SURFACE()
B_SPLINE_SURFACE(2,1,((#5475,#5476),(#5477,#5478),(#5479,#5480),(#5481,#5482),(#5483,#5484),(#5485,#5486),(#5487,#5488)),.UNSPECIFIED.,.F.,.F.,.U.)
B_SPLINE_SURFACE_WITH_KNOTS((3,2,2,3),(2,2),(1.533203626,2.094395102,4.188790205,4.749981681),(0.0085,0.01),.UNSPECIFIED.)
GEOMETRIC_REPRESENTATION_ITEM()
RATIONAL_B_SPLINE_SURFACE(((0.803847577,0.803847577),(0.866025404,0.866025404),(1.,1.),(0.5,0.5),(1.,1.),(0.866025404,0.866025404),(0.803847577,0.803847577)))
REPRESENTATION_ITEM('')
SURFACE()
);
#5490=ORIENTED_EDGE('',*,*,#5469,.T.);
#5491=ORIENTED_EDGE('',*,*,#1611,.F.);
#5492=ORIENTED_EDGE('',*,*,#5425,.F.);
#5493=ORIENTED_EDGE('',*,*,#2146,.F.);
#5494=EDGE_LOOP('',(#5490,#5491,#5492,#5493));
#5495=FACE_BOUND('',#5494,.T.);
#5496=ADVANCED_FACE('',(#5495),#5489,.F.);
#5497=CARTESIAN_POINT('',(98.5,-1.,7.25));
#5498=CARTESIAN_POINT('',(100.,-1.,7.25));
#5499=CARTESIAN_POINT('',(98.5,-1.,54.25));
#5500=CARTESIAN_POINT('',(100.,-1.,54.25));
#5501=B_SPLINE_SURFACE_WITH_KNOTS('',1,1,((#5497,#5498),(#5499,#5500)),.UNSPECIFIED.,.F.,.F.,.U.,(2,2),(2,2),(-0.,0.047),(0.0085,0.01),.UNSPECIFIED.);
#5502=CARTESIAN_POINT('',(98.5,-1.,54.25));
#5503=CARTESIAN_POINT('',(100.,-1.,54.25));
#5504=B_SPLINE_CURVE_WITH_KNOTS('',1,(#5502,#5503),.UNSPECIFIED.,.F.,.F.,(2,2),(0.0085,0.01),.UNSPECIFIED.);
#5505=EDGE_CURVE('',#2093,#1551,#5504,.T.);
#5506=ORIENTED_EDGE('',*,*,#5505,.T.);
#5507=ORIENTED_EDGE('',*,*,#1555,.F.);
#5508=CARTESIAN_POINT('',(98.5,-1.,7.25));
#5509=CARTESIAN_POINT('',(100.,-1.,7.25));
#5510=B_SPLINE_CURVE_WITH_KNOTS('',1,(#5508,#5509),.UNSPECIFIED.,.F.,.F.,(2,2),(0.0085,0.01),.UNSPECIFIED.);
#5511=EDGE_CURVE('',#2103,#1541,#5510,.T.);
#5512=ORIENTED_EDGE('',*,*,#5511,.F.);
#5513=ORIENTED_EDGE('',*,*,#2107,.F.);
#5514=EDGE_LOOP('',(#5506,#5507,#5512,#5513));
#5515=FACE_BOUND('',#5514,.T.);
#5516=ADVANCED_FACE('',(#5515),#5501,.T.);
#5517=CARTESIAN_POINT('',(98.5,0.5,5.75));
#5518=CARTESIAN_POINT('',(100.,0.5,5.75));
#5519=CARTESIAN_POINT('',(98.5,2.,5.75));
#5520=CARTESIAN_POINT('',(100.,2.,5.75));
#5521=CARTESIAN_POINT('',(98.5,2.,7.25));
#5522=CARTESIAN_POINT('',(100.,2.,7.25));
#5523=(BOUNDED_SURFACE()
B_SPLINE_SURFACE(2,1,((#5517,#5518),(#5519,#5520),(#5521,#5522)),.UNSPECIFIED.,.F.,.F.,.U.)
B_SPLINE_SURFACE_WITH_KNOTS((3,3),(2,2),(0.,1.533203626),(0.0085,0.01),.UNSPECIFIED.)
GEOMETRIC_REPRESENTATION_ITEM()
RATIONAL_B_SPLINE_SURFACE(((1.,1.),(0.633974596,0.633974596),(0.803847577,0.803847577)))
REPRESENTATION_ITEM('')
SURFACE()
);
#5524=CARTESIAN_POINT('',(100.,0.5,5.75));
#5525=CARTESIAN_POINT('',(98.5,0.5,5.75));
#5526=B_SPLINE_CURVE_WITH_KNOTS('',1,(#5524,#5525),.UNSPECIFIED.,.F.,.F.,(2,2),(0.0085,0.01),.UNSPECIFIED.);
#5527=EDGE_CURVE('',#1531,#2110,#5526,.T.);
#5528=ORIENTED_EDGE('',*,*,#5527,.F.);
#5529=ORIENTED_EDGE('',*,*,#1538,.F.);
#5530=CARTESIAN_POINT('',(98.5,2.,7.25));
#5531=CARTESIAN_POINT('',(100.,2.,7.25));
#5532=B_SPLINE_CURVE_WITH_KNOTS('',1,(#5530,#5531),.UNSPECIFIED.,.F.,.F.,(2,2),(0.0085,0.01),.UNSPECIFIED.);
#5533=EDGE_CURVE('',#2120,#1529,#5532,.T.);
#5534=ORIENTED_EDGE('',*,*,#5533,.F.);
#5535=ORIENTED_EDGE('',*,*,#2127,.F.);
#5536=EDGE_LOOP('',(#5528,#5529,#5534,#5535));
#5537=FACE_BOUND('',#5536,.T.);
#5538=ADVANCED_FACE('',(#5537),#5523,.F.);
#5539=CARTESIAN_POINT('',(98.5,2.,54.25));
#5540=CARTESIAN_POINT('',(100.,2.,54.25));
#5541=CARTESIAN_POINT('',(98.5,2.,7.25));
#5542=CARTESIAN_POINT('',(100.,2.,7.25));
#5543=B_SPLINE_SURFACE_WITH_KNOTS('',1,1,((#5539,#5540),(#5541,#5542)),.UNSPECIFIED.,.F.,.F.,.U.,(2,2),(2,2),(-0.,0.047),(0.0085,0.01),.UNSPECIFIED.);
#5544=ORIENTED_EDGE('',*,*,#5533,.T.);
#5545=ORIENTED_EDGE('',*,*,#1570,.F.);
#5546=CARTESIAN_POINT('',(98.5,2.,54.25));
#5547=CARTESIAN_POINT('',(100.,2.,54.25));
#5548=B_SPLINE_CURVE_WITH_KNOTS('',1,(#5546,#5547),.UNSPECIFIED.,.F.,.F.,(2,2),(0.0085,0.01),.UNSPECIFIED.);
#5549=EDGE_CURVE('',#2091,#1558,#5548,.T.);
#5550=ORIENTED_EDGE('',*,*,#5549,.F.);
#5551=ORIENTED_EDGE('',*,*,#2132,.F.);
#5552=EDGE_LOOP('',(#5544,#5545,#5550,#5551));
#5553=FACE_BOUND('',#5552,.T.);
#5554=ADVANCED_FACE('',(#5553),#5543,.T.);
#5555=CARTESIAN_POINT('',(98.5,2.,54.25));
#5556=CARTESIAN_POINT('',(100.,2.,54.25));
#5557=CARTESIAN_POINT('',(98.5,2.,54.651923789));
#5558=CARTESIAN_POINT('',(100.,2.,54.651923789));
#5559=CARTESIAN_POINT('',(98.5,1.799038106,55.));
#5560=CARTESIAN_POINT('',(100.,1.799038106,55.));
#5561=CARTESIAN_POINT('',(98.5,0.5,57.25));
#5562=CARTESIAN_POINT('',(100.,0.5,57.25));
#5563=CARTESIAN_POINT('',(98.5,-0.799038106,55.));
#5564=CARTESIAN_POINT('',(100.,-0.799038106,55.));
#5565=CARTESIAN_POINT('',(98.5,-1.,54.651923789));
#5566=CARTESIAN_POINT('',(100.,-1.,54.651923789));
#5567=CARTESIAN_POINT('',(98.5,-1.,54.25));
#5568=CARTESIAN_POINT('',(100.,-1.,54.25));
#5569=(BOUNDED_SURFACE()
B_SPLINE_SURFACE(2,1,((#5555,#5556),(#5557,#5558),(#5559,#5560),(#5561,#5562),(#5563,#5564),(#5565,#5566),(#5567,#5568)),.UNSPECIFIED.,.F.,.F.,.U.)
B_SPLINE_SURFACE_WITH_KNOTS((3,2,2,3),(2,2),(1.533203626,2.094395102,4.188790205,4.749981681),(0.0085,0.01),.UNSPECIFIED.)
GEOMETRIC_REPRESENTATION_ITEM()
RATIONAL_B_SPLINE_SURFACE(((0.803847577,0.803847577),(0.866025404,0.866025404),(1.,1.),(0.5,0.5),(1.,1.),(0.866025404,0.866025404),(0.803847577,0.803847577)))
REPRESENTATION_ITEM('')
SURFACE()
);
#5570=ORIENTED_EDGE('',*,*,#5549,.T.);
#5571=ORIENTED_EDGE('',*,*,#1565,.F.);
#5572=ORIENTED_EDGE('',*,*,#5505,.F.);
#5573=ORIENTED_EDGE('',*,*,#2100,.F.);
#5574=EDGE_LOOP('',(#5570,#5571,#5572,#5573));
#5575=FACE_BOUND('',#5574,.T.);
#5576=ADVANCED_FACE('',(#5575),#5569,.F.);
#5577=CARTESIAN_POINT('',(98.5,4.,7.25));
#5578=CARTESIAN_POINT('',(100.,4.,7.25));
#5579=CARTESIAN_POINT('',(98.5,4.,54.25));
#5580=CARTESIAN_POINT('',(100.,4.,54.25));
#5581=B_SPLINE_SURFACE_WITH_KNOTS('',1,1,((#5577,#5578),(#5579,#5580)),.UNSPECIFIED.,.F.,.F.,.U.,(2,2),(2,2),(0.,0.047),(0.0085,0.01),.UNSPECIFIED.);
#5582=CARTESIAN_POINT('',(98.5,4.,54.25));
#5583=CARTESIAN_POINT('',(100.,4.,54.25));
#5584=B_SPLINE_CURVE_WITH_KNOTS('',1,(#5582,#5583),.UNSPECIFIED.,.F.,.F.,(2,2),(0.0085,0.01),.UNSPECIFIED.);
#5585=EDGE_CURVE('',#2047,#1505,#5584,.T.);
#5586=ORIENTED_EDGE('',*,*,#5585,.T.);
#5587=ORIENTED_EDGE('',*,*,#1509,.F.);
#5588=CARTESIAN_POINT('',(98.5,4.,7.25));
#5589=CARTESIAN_POINT('',(100.,4.,7.25));
#5590=B_SPLINE_CURVE_WITH_KNOTS('',1,(#5588,#5589),.UNSPECIFIED.,.F.,.F.,(2,2),(0.0085,0.01),.UNSPECIFIED.);
#5591=EDGE_CURVE('',#2057,#1495,#5590,.T.);
#5592=ORIENTED_EDGE('',*,*,#5591,.F.);
#5593=ORIENTED_EDGE('',*,*,#2061,.F.);
#5594=EDGE_LOOP('',(#5586,#5587,#5592,#5593));
#5595=FACE_BOUND('',#5594,.T.);
#5596=ADVANCED_FACE('',(#5595),#5581,.T.);
#5597=CARTESIAN_POINT('',(98.5,5.5,5.75));
#5598=CARTESIAN_POINT('',(100.,5.5,5.75));
#5599=CARTESIAN_POINT('',(98.5,7.,5.75));
#5600=CARTESIAN_POINT('',(100.,7.,5.75));
#5601=CARTESIAN_POINT('',(98.5,7.,7.25));
#5602=CARTESIAN_POINT('',(100.,7.,7.25));
#5603=(BOUNDED_SURFACE()
B_SPLINE_SURFACE(2,1,((#5597,#5598),(#5599,#5600),(#5601,#5602)),.UNSPECIFIED.,.F.,.F.,.U.)
B_SPLINE_SURFACE_WITH_KNOTS((3,3),(2,2),(0.,1.533203626),(0.0085,0.01),.UNSPECIFIED.)
GEOMETRIC_REPRESENTATION_ITEM()
RATIONAL_B_SPLINE_SURFACE(((1.,1.),(0.633974596,0.633974596),(0.803847577,0.803847577)))
REPRESENTATION_ITEM('')
SURFACE()
);
#5604=CARTESIAN_POINT('',(100.,5.5,5.75));
#5605=CARTESIAN_POINT('',(98.5,5.5,5.75));
#5606=B_SPLINE_CURVE_WITH_KNOTS('',1,(#5604,#5605),.UNSPECIFIED.,.F.,.F.,(2,2),(0.0085,0.01),.UNSPECIFIED.);
#5607=EDGE_CURVE('',#1485,#2064,#5606,.T.);
#5608=ORIENTED_EDGE('',*,*,#5607,.F.);
#5609=ORIENTED_EDGE('',*,*,#1492,.F.);
#5610=CARTESIAN_POINT('',(98.5,7.,7.25));
#5611=CARTESIAN_POINT('',(100.,7.,7.25));
#5612=B_SPLINE_CURVE_WITH_KNOTS('',1,(#5610,#5611),.UNSPECIFIED.,.F.,.F.,(2,2),(0.0085,0.01),.UNSPECIFIED.);
#5613=EDGE_CURVE('',#2074,#1483,#5612,.T.);
#5614=ORIENTED_EDGE('',*,*,#5613,.F.);
#5615=ORIENTED_EDGE('',*,*,#2081,.F.);
#5616=EDGE_LOOP('',(#5608,#5609,#5614,#5615));
#5617=FACE_BOUND('',#5616,.T.);
#5618=ADVANCED_FACE('',(#5617),#5603,.F.);
#5619=CARTESIAN_POINT('',(98.5,7.,54.25));
#5620=CARTESIAN_POINT('',(100.,7.,54.25));
#5621=CARTESIAN_POINT('',(98.5,7.,7.25));
#5622=CARTESIAN_POINT('',(100.,7.,7.25));
#5623=B_SPLINE_SURFACE_WITH_KNOTS('',1,1,((#5619,#5620),(#5621,#5622)),.UNSPECIFIED.,.F.,.F.,.U.,(2,2),(2,2),(-0.,0.047),(0.0085,0.01),.UNSPECIFIED.);
#5624=ORIENTED_EDGE('',*,*,#5613,.T.);
#5625=ORIENTED_EDGE('',*,*,#1524,.F.);
#5626=CARTESIAN_POINT('',(98.5,7.,54.25));
#5627=CARTESIAN_POINT('',(100.,7.,54.25));
#5628=B_SPLINE_CURVE_WITH_KNOTS('',1,(#5626,#5627),.UNSPECIFIED.,.F.,.F.,(2,2),(0.0085,0.01),.UNSPECIFIED.);
#5629=EDGE_CURVE('',#2045,#1512,#5628,.T.);
#5630=ORIENTED_EDGE('',*,*,#5629,.F.);
#5631=ORIENTED_EDGE('',*,*,#2086,.F.);
#5632=EDGE_LOOP('',(#5624,#5625,#5630,#5631));
#5633=FACE_BOUND('',#5632,.T.);
#5634=ADVANCED_FACE('',(#5633),#5623,.T.);
#5635=CARTESIAN_POINT('',(98.5,7.,54.25));
#5636=CARTESIAN_POINT('',(100.,7.,54.25));
#5637=CARTESIAN_POINT('',(98.5,7.,54.651923789));
#5638=CARTESIAN_POINT('',(100.,7.,54.651923789));
#5639=CARTESIAN_POINT('',(98.5,6.799038106,55.));
#5640=CARTESIAN_POINT('',(100.,6.799038106,55.));
#5641=CARTESIAN_POINT('',(98.5,5.5,57.25));
#5642=CARTESIAN_POINT('',(100.,5.5,57.25));
#5643=CARTESIAN_POINT('',(98.5,4.200961894,55.));
#5644=CARTESIAN_POINT('',(100.,4.200961894,55.));
#5645=CARTESIAN_POINT('',(98.5,4.,54.651923789));
#5646=CARTESIAN_POINT('',(100.,4.,54.651923789));
#5647=CARTESIAN_POINT('',(98.5,4.,54.25));
#5648=CARTESIAN_POINT('',(100.,4.,54.25));
#5649=(BOUNDED_SURFACE()
B_SPLINE_SURFACE(2,1,((#5635,#5636),(#5637,#5638),(#5639,#5640),(#5641,#5642),(#5643,#5644),(#5645,#5646),(#5647,#5648)),.UNSPECIFIED.,.F.,.F.,.U.)
B_SPLINE_SURFACE_WITH_KNOTS((3,2,2,3),(2,2),(1.533203626,2.094395102,4.188790205,4.749981681),(0.0085,0.01),.UNSPECIFIED.)
GEOMETRIC_REPRESENTATION_ITEM()
RATIONAL_B_SPLINE_SURFACE(((0.803847577,0.803847577),(0.866025404,0.866025404),(1.,1.),(0.5,0.5),(1.,1.),(0.866025404,0.866025404),(0.803847577,0.803847577)))
REPRESENTATION_ITEM('')
SURFACE()
);
#5650=ORIENTED_EDGE('',*,*,#5629,.T.);
#5651=ORIENTED_EDGE('',*,*,#1519,.F.);
#5652=ORIENTED_EDGE('',*,*,#5585,.F.);
#5653=ORIENTED_EDGE('',*,*,#2054,.F.);
#5654=EDGE_LOOP('',(#5650,#5651,#5652,#5653));
#5655=FACE_BOUND('',#5654,.T.);
#5656=ADVANCED_FACE('',(#5655),#5649,.F.);
#5657=CARTESIAN_POINT('',(98.5,9.,7.25));
#5658=CARTESIAN_POINT('',(100.,9.,7.25));
#5659=CARTESIAN_POINT('',(98.5,9.,54.25));
#5660=CARTESIAN_POINT('',(100.,9.,54.25));
#5661=B_SPLINE_SURFACE_WITH_KNOTS('',1,1,((#5657,#5658),(#5659,#5660)),.UNSPECIFIED.,.F.,.F.,.U.,(2,2),(2,2),(0.,0.047),(0.0085,0.01),.UNSPECIFIED.);
#5662=CARTESIAN_POINT('',(98.5,9.,54.25));
#5663=CARTESIAN_POINT('',(100.,9.,54.25));
#5664=B_SPLINE_CURVE_WITH_KNOTS('',1,(#5662,#5663),.UNSPECIFIED.,.F.,.F.,(2,2),(0.0085,0.01),.UNSPECIFIED.);
#5665=EDGE_CURVE('',#2001,#1459,#5664,.T.);
#5666=ORIENTED_EDGE('',*,*,#5665,.T.);
#5667=ORIENTED_EDGE('',*,*,#1463,.F.);
#5668=CARTESIAN_POINT('',(98.5,9.,7.25));
#5669=CARTESIAN_POINT('',(100.,9.,7.25));
#5670=B_SPLINE_CURVE_WITH_KNOTS('',1,(#5668,#5669),.UNSPECIFIED.,.F.,.F.,(2,2),(0.0085,0.01),.UNSPECIFIED.);
#5671=EDGE_CURVE('',#2011,#1449,#5670,.T.);
#5672=ORIENTED_EDGE('',*,*,#5671,.F.);
#5673=ORIENTED_EDGE('',*,*,#2015,.F.);
#5674=EDGE_LOOP('',(#5666,#5667,#5672,#5673));
#5675=FACE_BOUND('',#5674,.T.);
#5676=ADVANCED_FACE('',(#5675),#5661,.T.);
#5677=CARTESIAN_POINT('',(98.5,10.5,5.75));
#5678=CARTESIAN_POINT('',(100.,10.5,5.75));
#5679=CARTESIAN_POINT('',(98.5,12.,5.75));
#5680=CARTESIAN_POINT('',(100.,12.,5.75));
#5681=CARTESIAN_POINT('',(98.5,12.,7.25));
#5682=CARTESIAN_POINT('',(100.,12.,7.25));
#5683=(BOUNDED_SURFACE()
B_SPLINE_SURFACE(2,1,((#5677,#5678),(#5679,#5680),(#5681,#5682)),.UNSPECIFIED.,.F.,.F.,.U.)
B_SPLINE_SURFACE_WITH_KNOTS((3,3),(2,2),(0.,1.533203626),(0.0085,0.01),.UNSPECIFIED.)
GEOMETRIC_REPRESENTATION_ITEM()
RATIONAL_B_SPLINE_SURFACE(((1.,1.),(0.633974596,0.633974596),(0.803847577,0.803847577)))
REPRESENTATION_ITEM('')
SURFACE()
);
#5684=CARTESIAN_POINT('',(100.,10.5,5.75));
#5685=CARTESIAN_POINT('',(98.5,10.5,5.75));
#5686=B_SPLINE_CURVE_WITH_KNOTS('',1,(#5684,#5685),.UNSPECIFIED.,.F.,.F.,(2,2),(0.0085,0.01),.UNSPECIFIED.);
#5687=EDGE_CURVE('',#1439,#2018,#5686,.T.);
#5688=ORIENTED_EDGE('',*,*,#5687,.F.);
#5689=ORIENTED_EDGE('',*,*,#1446,.F.);
#5690=CARTESIAN_POINT('',(98.5,12.,7.25));
#5691=CARTESIAN_POINT('',(100.,12.,7.25));
#5692=B_SPLINE_CURVE_WITH_KNOTS('',1,(#5690,#5691),.UNSPECIFIED.,.F.,.F.,(2,2),(0.0085,0.01),.UNSPECIFIED.);
#5693=EDGE_CURVE('',#2028,#1437,#5692,.T.);
#5694=ORIENTED_EDGE('',*,*,#5693,.F.);
#5695=ORIENTED_EDGE('',*,*,#2035,.F.);
#5696=EDGE_LOOP('',(#5688,#5689,#5694,#5695));
#5697=FACE_BOUND('',#5696,.T.);
#5698=ADVANCED_FACE('',(#5697),#5683,.F.);
#5699=CARTESIAN_POINT('',(98.5,12.,54.25));
#5700=CARTESIAN_POINT('',(100.,12.,54.25));
#5701=CARTESIAN_POINT('',(98.5,12.,7.25));
#5702=CARTESIAN_POINT('',(100.,12.,7.25));
#5703=B_SPLINE_SURFACE_WITH_KNOTS('',1,1,((#5699,#5700),(#5701,#5702)),.UNSPECIFIED.,.F.,.F.,.U.,(2,2),(2,2),(-0.,0.047),(0.0085,0.01),.UNSPECIFIED.);
#5704=ORIENTED_EDGE('',*,*,#5693,.T.);
#5705=ORIENTED_EDGE('',*,*,#1478,.F.);
#5706=CARTESIAN_POINT('',(98.5,12.,54.25));
#5707=CARTESIAN_POINT('',(100.,12.,54.25));
#5708=B_SPLINE_CURVE_WITH_KNOTS('',1,(#5706,#5707),.UNSPECIFIED.,.F.,.F.,(2,2),(0.0085,0.01),.UNSPECIFIED.);
#5709=EDGE_CURVE('',#1999,#1466,#5708,.T.);
#5710=ORIENTED_EDGE('',*,*,#5709,.F.);
#5711=ORIENTED_EDGE('',*,*,#2040,.F.);
#5712=EDGE_LOOP('',(#5704,#5705,#5710,#5711));
#5713=FACE_BOUND('',#5712,.T.);
#5714=ADVANCED_FACE('',(#5713),#5703,.T.);
#5715=CARTESIAN_POINT('',(98.5,12.,54.25));
#5716=CARTESIAN_POINT('',(100.,12.,54.25));
#5717=CARTESIAN_POINT('',(98.5,12.,54.651923789));
#5718=CARTESIAN_POINT('',(100.,12.,54.651923789));
#5719=CARTESIAN_POINT('',(98.5,11.799038106,55.));
#5720=CARTESIAN_POINT('',(100.,11.799038106,55.));
#5721=CARTESIAN_POINT('',(98.5,10.5,57.25));
#5722=CARTESIAN_POINT('',(100.,10.5,57.25));
#5723=CARTESIAN_POINT('',(98.5,9.200961894,55.));
#5724=CARTESIAN_POINT('',(100.,9.200961894,55.));
#5725=CARTESIAN_POINT('',(98.5,9.,54.651923789));
#5726=CARTESIAN_POINT('',(100.,9.,54.651923789));
#5727=CARTESIAN_POINT('',(98.5,9.,54.25));
#5728=CARTESIAN_POINT('',(100.,9.,54.25));
#5729=(BOUNDED_SURFACE()
B_SPLINE_SURFACE(2,1,((#5715,#5716),(#5717,#5718),(#5719,#5720),(#5721,#5722),(#5723,#5724),(#5725,#5726),(#5727,#5728)),.UNSPECIFIED.,.F.,.F.,.U.)
B_SPLINE_SURFACE_WITH_KNOTS((3,2,2,3),(2,2),(1.533203626,2.094395102,4.188790205,4.749981681),(0.0085,0.01),.UNSPECIFIED.)
GEOMETRIC_REPRESENTATION_ITEM()
RATIONAL_B_SPLINE_SURFACE(((0.803847577,0.803847577),(0.866025404,0.866025404),(1.,1.),(0.5,0.5),(1.,1.),(0.866025404,0.866025404),(0.803847577,0.803847577)))
REPRESENTATION_ITEM('')
SURFACE()
);
#5730=ORIENTED_EDGE('',*,*,#5709,.T.);
#5731=ORIENTED_EDGE('',*,*,#1473,.F.);
#5732=ORIENTED_EDGE('',*,*,#5665,.F.);
#5733=ORIENTED_EDGE('',*,*,#2008,.F.);
#5734=EDGE_LOOP('',(#5730,#5731,#5732,#5733));
#5735=FACE_BOUND('',#5734,.T.);
#5736=ADVANCED_FACE('',(#5735),#5729,.F.);
#5737=CARTESIAN_POINT('',(98.5,14.,7.25));
#5738=CARTESIAN_POINT('',(100.,14.,7.25));
#5739=CARTESIAN_POINT('',(98.5,14.,54.25));
#5740=CARTESIAN_POINT('',(100.,14.,54.25));
#5741=B_SPLINE_SURFACE_WITH_KNOTS('',1,1,((#5737,#5738),(#5739,#5740)),.UNSPECIFIED.,.F.,.F.,.U.,(2,2),(2,2),(0.,0.047),(0.0085,0.01),.UNSPECIFIED.);
#5742=CARTESIAN_POINT('',(98.5,14.,54.25));
#5743=CARTESIAN_POINT('',(100.,14.,54.25));
#5744=B_SPLINE_CURVE_WITH_KNOTS('',1,(#5742,#5743),.UNSPECIFIED.,.F.,.F.,(2,2),(0.0085,0.01),.UNSPECIFIED.);
#5745=EDGE_CURVE('',#1955,#1413,#5744,.T.);
#5746=ORIENTED_EDGE('',*,*,#5745,.T.);
#5747=ORIENTED_EDGE('',*,*,#1417,.F.);
#5748=CARTESIAN_POINT('',(98.5,14.,7.25));
#5749=CARTESIAN_POINT('',(100.,14.,7.25));
#5750=B_SPLINE_CURVE_WITH_KNOTS('',1,(#5748,#5749),.UNSPECIFIED.,.F.,.F.,(2,2),(0.0085,0.01),.UNSPECIFIED.);
#5751=EDGE_CURVE('',#1965,#1403,#5750,.T.);
#5752=ORIENTED_EDGE('',*,*,#5751,.F.);
#5753=ORIENTED_EDGE('',*,*,#1969,.F.);
#5754=EDGE_LOOP('',(#5746,#5747,#5752,#5753));
#5755=FACE_BOUND('',#5754,.T.);
#5756=ADVANCED_FACE('',(#5755),#5741,.T.);
#5757=CARTESIAN_POINT('',(98.5,15.5,5.75));
#5758=CARTESIAN_POINT('',(100.,15.5,5.75));
#5759=CARTESIAN_POINT('',(98.5,17.,5.75));
#5760=CARTESIAN_POINT('',(100.,17.,5.75));
#5761=CARTESIAN_POINT('',(98.5,17.,7.25));
#5762=CARTESIAN_POINT('',(100.,17.,7.25));
#5763=(BOUNDED_SURFACE()
B_SPLINE_SURFACE(2,1,((#5757,#5758),(#5759,#5760),(#5761,#5762)),.UNSPECIFIED.,.F.,.F.,.U.)
B_SPLINE_SURFACE_WITH_KNOTS((3,3),(2,2),(0.,1.533203626),(0.0085,0.01),.UNSPECIFIED.)
GEOMETRIC_REPRESENTATION_ITEM()
RATIONAL_B_SPLINE_SURFACE(((1.,1.),(0.633974596,0.633974596),(0.803847577,0.803847577)))
REPRESENTATION_ITEM('')
SURFACE()
);
#5764=CARTESIAN_POINT('',(100.,15.5,5.75));
#5765=CARTESIAN_POINT('',(98.5,15.5,5.75));
#5766=B_SPLINE_CURVE_WITH_KNOTS('',1,(#5764,#5765),.UNSPECIFIED.,.F.,.F.,(2,2),(0.0085,0.01),.UNSPECIFIED.);
#5767=EDGE_CURVE('',#1393,#1972,#5766,.T.);
#5768=ORIENTED_EDGE('',*,*,#5767,.F.);
#5769=ORIENTED_EDGE('',*,*,#1400,.F.);
#5770=CARTESIAN_POINT('',(98.5,17.,7.25));
#5771=CARTESIAN_POINT('',(100.,17.,7.25));
#5772=B_SPLINE_CURVE_WITH_KNOTS('',1,(#5770,#5771),.UNSPECIFIED.,.F.,.F.,(2,2),(0.0085,0.01),.UNSPECIFIED.);
#5773=EDGE_CURVE('',#1982,#1391,#5772,.T.);
#5774=ORIENTED_EDGE('',*,*,#5773,.F.);
#5775=ORIENTED_EDGE('',*,*,#1989,.F.);
#5776=EDGE_LOOP('',(#5768,#5769,#5774,#5775));
#5777=FACE_BOUND('',#5776,.T.);
#5778=ADVANCED_FACE('',(#5777),#5763,.F.);
#5779=CARTESIAN_POINT('',(98.5,17.,54.25));
#5780=CARTESIAN_POINT('',(100.,17.,54.25));
#5781=CARTESIAN_POINT('',(98.5,17.,7.25));
#5782=CARTESIAN_POINT('',(100.,17.,7.25));
#5783=B_SPLINE_SURFACE_WITH_KNOTS('',1,1,((#5779,#5780),(#5781,#5782)),.UNSPECIFIED.,.F.,.F.,.U.,(2,2),(2,2),(0.,0.047),(0.0085,0.01),.UNSPECIFIED.);
#5784=ORIENTED_EDGE('',*,*,#5773,.T.);
#5785=ORIENTED_EDGE('',*,*,#1432,.F.);
#5786=CARTESIAN_POINT('',(98.5,17.,54.25));
#5787=CARTESIAN_POINT('',(100.,17.,54.25));
#5788=B_SPLINE_CURVE_WITH_KNOTS('',1,(#5786,#5787),.UNSPECIFIED.,.F.,.F.,(2,2),(0.0085,0.01),.UNSPECIFIED.);
#5789=EDGE_CURVE('',#1953,#1420,#5788,.T.);
#5790=ORIENTED_EDGE('',*,*,#5789,.F.);
#5791=ORIENTED_EDGE('',*,*,#1994,.F.);
#5792=EDGE_LOOP('',(#5784,#5785,#5790,#5791));
#5793=FACE_BOUND('',#5792,.T.);
#5794=ADVANCED_FACE('',(#5793),#5783,.T.);
#5795=CARTESIAN_POINT('',(98.5,17.,54.25));
#5796=CARTESIAN_POINT('',(100.,17.,54.25));
#5797=CARTESIAN_POINT('',(98.5,17.,54.651923789));
#5798=CARTESIAN_POINT('',(100.,17.,54.651923789));
#5799=CARTESIAN_POINT('',(98.5,16.799038106,55.));
#5800=CARTESIAN_POINT('',(100.,16.799038106,55.));
#5801=CARTESIAN_POINT('',(98.5,15.5,57.25));
#5802=CARTESIAN_POINT('',(100.,15.5,57.25));
#5803=CARTESIAN_POINT('',(98.5,14.200961894,55.));
#5804=CARTESIAN_POINT('',(100.,14.200961894,55.));
#5805=CARTESIAN_POINT('',(98.5,14.,54.651923789));
#5806=CARTESIAN_POINT('',(100.,14.,54.651923789));
#5807=CARTESIAN_POINT('',(98.5,14.,54.25));
#5808=CARTESIAN_POINT('',(100.,14.,54.25));
#5809=(BOUNDED_SURFACE()
B_SPLINE_SURFACE(2,1,((#5795,#5796),(#5797,#5798),(#5799,#5800),(#5801,#5802),(#5803,#5804),(#5805,#5806),(#5807,#5808)),.UNSPECIFIED.,.F.,.F.,.U.)
B_SPLINE_SURFACE_WITH_KNOTS((3,2,2,3),(2,2),(1.533203626,2.094395102,4.188790205,4.749981681),(0.0085,0.01),.UNSPECIFIED.)
GEOMETRIC_REPRESENTATION_ITEM()
RATIONAL_B_SPLINE_SURFACE(((0.803847577,0.803847577),(0.866025404,0.866025404),(1.,1.),(0.5,0.5),(1.,1.),(0.866025404,0.866025404),(0.803847577,0.803847577)))
REPRESENTATION_ITEM('')
SURFACE()
);
#5810=ORIENTED_EDGE('',*,*,#5789,.T.);
#5811=ORIENTED_EDGE('',*,*,#1427,.F.);
#5812=ORIENTED_EDGE('',*,*,#5745,.F.);
#5813=ORIENTED_EDGE('',*,*,#1962,.F.);
#5814=EDGE_LOOP('',(#5810,#5811,#5812,#5813));
#5815=FACE_BOUND('',#5814,.T.);
#5816=ADVANCED_FACE('',(#5815),#5809,.F.);
#5817=CARTESIAN_POINT('',(-100.,19.,54.25));
#5818=CARTESIAN_POINT('',(-98.5,19.,54.25));
#5819=CARTESIAN_POINT('',(-100.,19.,7.25));
#5820=CARTESIAN_POINT('',(-98.5,19.,7.25));
#5821=B_SPLINE_SURFACE_WITH_KNOTS('',1,1,((#5817,#5818),(#5819,#5820)),.UNSPECIFIED.,.F.,.F.,.U.,(2,2),(2,2),(-0.047,0.),(-0.012,-0.0105),.UNSPECIFIED.);
#5822=ORIENTED_EDGE('',*,*,#1203,.T.);
#5823=CARTESIAN_POINT('',(-98.5,19.,7.25));
#5824=CARTESIAN_POINT('',(-100.,19.,7.25));
#5825=B_SPLINE_CURVE_WITH_KNOTS('',1,(#5823,#5824),.UNSPECIFIED.,.F.,.F.,(2,2),(0.0105,0.012),.UNSPECIFIED.);
#5826=EDGE_CURVE('',#1199,#613,#5825,.T.);
#5827=ORIENTED_EDGE('',*,*,#5826,.T.);
#5828=ORIENTED_EDGE('',*,*,#619,.T.);
#5829=CARTESIAN_POINT('',(-98.5,19.,54.25));
#5830=CARTESIAN_POINT('',(-100.,19.,54.25));
#5831=B_SPLINE_CURVE_WITH_KNOTS('',1,(#5829,#5830),.UNSPECIFIED.,.F.,.F.,(2,2),(0.0105,0.012),.UNSPECIFIED.);
#5832=EDGE_CURVE('',#1197,#615,#5831,.T.);
#5833=ORIENTED_EDGE('',*,*,#5832,.F.);
#5834=EDGE_LOOP('',(#5822,#5827,#5828,#5833));
#5835=FACE_BOUND('',#5834,.T.);
#5836=ADVANCED_FACE('',(#5835),#5821,.F.);
#5837=CARTESIAN_POINT('',(-98.5,22.,7.25));
#5838=CARTESIAN_POINT('',(-100.,22.,7.25));
#5839=CARTESIAN_POINT('',(-98.5,22.,6.848076211));
#5840=CARTESIAN_POINT('',(-100.,22.,6.848076211));
#5841=CARTESIAN_POINT('',(-98.5,21.799038106,6.5));
#5842=CARTESIAN_POINT('',(-100.,21.799038106,6.5));
#5843=CARTESIAN_POINT('',(-98.5,20.5,4.25));
#5844=CARTESIAN_POINT('',(-100.,20.5,4.25));
#5845=CARTESIAN_POINT('',(-98.5,19.200961894,6.5));
#5846=CARTESIAN_POINT('',(-100.,19.200961894,6.5));
#5847=CARTESIAN_POINT('',(-98.5,19.,6.848076211));
#5848=CARTESIAN_POINT('',(-100.,19.,6.848076211));
#5849=CARTESIAN_POINT('',(-98.5,19.,7.25));
#5850=CARTESIAN_POINT('',(-100.,19.,7.25));
#5851=(BOUNDED_SURFACE()
B_SPLINE_SURFACE(2,1,((#5837,#5838),(#5839,#5840),(#5841,#5842),(#5843,#5844),(#5845,#5846),(#5847,#5848),(#5849,#5850)),.UNSPECIFIED.,.F.,.F.,.U.)
B_SPLINE_SURFACE_WITH_KNOTS((3,2,2,3),(2,2),(1.533203626,2.094395102,4.188790205,4.749981681),(0.0105,0.012),.UNSPECIFIED.)
GEOMETRIC_REPRESENTATION_ITEM()
RATIONAL_B_SPLINE_SURFACE(((0.803847577,0.803847577),(0.866025404,0.866025404),(1.,1.),(0.5,0.5),(1.,1.),(0.866025404,0.866025404),(0.803847577,0.803847577)))
REPRESENTATION_ITEM('')
SURFACE()
);
#5852=ORIENTED_EDGE('',*,*,#1238,.T.);
#5853=CARTESIAN_POINT('',(-98.5,22.,7.25));
#5854=CARTESIAN_POINT('',(-100.,22.,7.25));
#5855=B_SPLINE_CURVE_WITH_KNOTS('',1,(#5853,#5854),.UNSPECIFIED.,.F.,.F.,(2,2),(0.0105,0.012),.UNSPECIFIED.);
#5856=EDGE_CURVE('',#1226,#622,#5855,.T.);
#5857=ORIENTED_EDGE('',*,*,#5856,.T.);
#5858=ORIENTED_EDGE('',*,*,#629,.T.);
#5859=ORIENTED_EDGE('',*,*,#5826,.F.);
#5860=EDGE_LOOP('',(#5852,#5857,#5858,#5859));
#5861=FACE_BOUND('',#5860,.T.);
#5862=ADVANCED_FACE('',(#5861),#5851,.F.);
#5863=CARTESIAN_POINT('',(-100.,22.,7.25));
#5864=CARTESIAN_POINT('',(-98.5,22.,7.25));
#5865=CARTESIAN_POINT('',(-100.,22.,54.25));
#5866=CARTESIAN_POINT('',(-98.5,22.,54.25));
#5867=B_SPLINE_SURFACE_WITH_KNOTS('',1,1,((#5863,#5864),(#5865,#5866)),.UNSPECIFIED.,.F.,.F.,.U.,(2,2),(2,2),(-0.047,0.),(-0.012,-0.0105),.UNSPECIFIED.);
#5868=ORIENTED_EDGE('',*,*,#1230,.T.);
#5869=CARTESIAN_POINT('',(-98.5,22.,54.25));
#5870=CARTESIAN_POINT('',(-100.,22.,54.25));
#5871=B_SPLINE_CURVE_WITH_KNOTS('',1,(#5869,#5870),.UNSPECIFIED.,.F.,.F.,(2,2),(0.0105,0.012),.UNSPECIFIED.);
#5872=EDGE_CURVE('',#1216,#632,#5871,.T.);
#5873=ORIENTED_EDGE('',*,*,#5872,.T.);
#5874=ORIENTED_EDGE('',*,*,#636,.T.);
#5875=ORIENTED_EDGE('',*,*,#5856,.F.);
#5876=EDGE_LOOP('',(#5868,#5873,#5874,#5875));
#5877=FACE_BOUND('',#5876,.T.);
#5878=ADVANCED_FACE('',(#5877),#5867,.F.);
#5879=CARTESIAN_POINT('',(-98.5,20.5,55.75));
#5880=CARTESIAN_POINT('',(-100.,20.5,55.75));
#5881=CARTESIAN_POINT('',(-98.5,22.,55.75));
#5882=CARTESIAN_POINT('',(-100.,22.,55.75));
#5883=CARTESIAN_POINT('',(-98.5,22.,54.25));
#5884=CARTESIAN_POINT('',(-100.,22.,54.25));
#5885=(BOUNDED_SURFACE()
B_SPLINE_SURFACE(2,1,((#5879,#5880),(#5881,#5882),(#5883,#5884)),.UNSPECIFIED.,.F.,.F.,.U.)
B_SPLINE_SURFACE_WITH_KNOTS((3,3),(2,2),(0.,1.533203626),(0.0105,0.012),.UNSPECIFIED.)
GEOMETRIC_REPRESENTATION_ITEM()
RATIONAL_B_SPLINE_SURFACE(((1.,1.),(0.633974596,0.633974596),(0.803847577,0.803847577)))
REPRESENTATION_ITEM('')
SURFACE()
);
#5886=CARTESIAN_POINT('',(-100.,20.5,55.75));
#5887=CARTESIAN_POINT('',(-98.5,20.5,55.75));
#5888=B_SPLINE_CURVE_WITH_KNOTS('',1,(#5886,#5887),.UNSPECIFIED.,.F.,.F.,(2,2),(0.0105,0.012),.UNSPECIFIED.);
#5889=EDGE_CURVE('',#639,#1206,#5888,.T.);
#5890=ORIENTED_EDGE('',*,*,#5889,.F.);
#5891=ORIENTED_EDGE('',*,*,#646,.T.);
#5892=ORIENTED_EDGE('',*,*,#5872,.F.);
#5893=ORIENTED_EDGE('',*,*,#1223,.T.);
#5894=EDGE_LOOP('',(#5890,#5891,#5892,#5893));
#5895=FACE_BOUND('',#5894,.T.);
#5896=ADVANCED_FACE('',(#5895),#5885,.F.);
#5897=CARTESIAN_POINT('',(-98.5,-25.,57.75));
#5898=CARTESIAN_POINT('',(-100.,-25.,57.75));
#5899=CARTESIAN_POINT('',(-98.5,-23.,57.75));
#5900=CARTESIAN_POINT('',(-100.,-23.,57.75));
#5901=CARTESIAN_POINT('',(-98.5,-23.,55.75));
#5902=CARTESIAN_POINT('',(-100.,-23.,55.75));
#5903=(BOUNDED_SURFACE()
B_SPLINE_SURFACE(2,1,((#5897,#5898),(#5899,#5900),(#5901,#5902)),.UNSPECIFIED.,.F.,.F.,.U.)
B_SPLINE_SURFACE_WITH_KNOTS((3,3),(2,2),(0.,1.533203626),(0.0105,0.012),.UNSPECIFIED.)
GEOMETRIC_REPRESENTATION_ITEM()
RATIONAL_B_SPLINE_SURFACE(((1.,1.),(0.633974596,0.633974596),(0.803847577,0.803847577)))
REPRESENTATION_ITEM('')
SURFACE()
);
#5904=CARTESIAN_POINT('',(-100.,-25.,57.75));
#5905=CARTESIAN_POINT('',(-98.5,-25.,57.75));
#5906=B_SPLINE_CURVE_WITH_KNOTS('',1,(#5904,#5905),.UNSPECIFIED.,.F.,.F.,(2,2),(0.0105,0.012),.UNSPECIFIED.);
#5907=EDGE_CURVE('',#705,#1267,#5906,.T.);
#5908=ORIENTED_EDGE('',*,*,#5907,.F.);
#5909=ORIENTED_EDGE('',*,*,#716,.F.);
#5910=CARTESIAN_POINT('',(-98.5,-23.,55.75));
#5911=CARTESIAN_POINT('',(-100.,-23.,55.75));
#5912=B_SPLINE_CURVE_WITH_KNOTS('',1,(#5910,#5911),.UNSPECIFIED.,.F.,.F.,(2,2),(0.0105,0.012),.UNSPECIFIED.);
#5913=EDGE_CURVE('',#1265,#703,#5912,.T.);
#5914=ORIENTED_EDGE('',*,*,#5913,.F.);
#5915=ORIENTED_EDGE('',*,*,#1290,.F.);
#5916=EDGE_LOOP('',(#5908,#5909,#5914,#5915));
#5917=FACE_BOUND('',#5916,.T.);
#5918=ADVANCED_FACE('',(#5917),#5903,.F.);
#5919=CARTESIAN_POINT('',(-98.5,25.,57.75));
#5920=CARTESIAN_POINT('',(-100.,25.,57.75));
#5921=CARTESIAN_POINT('',(-98.5,27.,57.75));
#5922=CARTESIAN_POINT('',(-100.,27.,57.75));
#5923=CARTESIAN_POINT('',(-98.5,27.,55.75));
#5924=CARTESIAN_POINT('',(-100.,27.,55.75));
#5925=(BOUNDED_SURFACE()
B_SPLINE_SURFACE(2,1,((#5919,#5920),(#5921,#5922),(#5923,#5924)),.UNSPECIFIED.,.F.,.F.,.U.)
B_SPLINE_SURFACE_WITH_KNOTS((3,3),(2,2),(0.,1.533203626),(0.0105,0.012),.UNSPECIFIED.)
GEOMETRIC_REPRESENTATION_ITEM()
RATIONAL_B_SPLINE_SURFACE(((1.,1.),(0.633974596,0.633974596),(0.803847577,0.803847577)))
REPRESENTATION_ITEM('')
SURFACE()
);
#5926=CARTESIAN_POINT('',(-100.,25.,57.75));
#5927=CARTESIAN_POINT('',(-98.5,25.,57.75));
#5928=B_SPLINE_CURVE_WITH_KNOTS('',1,(#5926,#5927),.UNSPECIFIED.,.F.,.F.,(2,2),(0.0105,0.012),.UNSPECIFIED.);
#5929=EDGE_CURVE('',#735,#1297,#5928,.T.);
#5930=ORIENTED_EDGE('',*,*,#5929,.F.);
#5931=ORIENTED_EDGE('',*,*,#746,.F.);
#5932=CARTESIAN_POINT('',(-98.5,27.,55.75));
#5933=CARTESIAN_POINT('',(-100.,27.,55.75));
#5934=B_SPLINE_CURVE_WITH_KNOTS('',1,(#5932,#5933),.UNSPECIFIED.,.F.,.F.,(2,2),(0.0105,0.012),.UNSPECIFIED.);
#5935=EDGE_CURVE('',#1295,#733,#5934,.T.);
#5936=ORIENTED_EDGE('',*,*,#5935,.F.);
#5937=ORIENTED_EDGE('',*,*,#1320,.F.);
#5938=EDGE_LOOP('',(#5930,#5931,#5936,#5937));
#5939=FACE_BOUND('',#5938,.T.);
#5940=ADVANCED_FACE('',(#5939),#5925,.F.);
#5941=CARTESIAN_POINT('',(-98.5,-25.,7.75));
#5942=CARTESIAN_POINT('',(-100.,-25.,7.75));
#5943=CARTESIAN_POINT('',(-98.5,-23.,7.75));
#5944=CARTESIAN_POINT('',(-100.,-23.,7.75));
#5945=CARTESIAN_POINT('',(-98.5,-23.,5.75));
#5946=CARTESIAN_POINT('',(-100.,-23.,5.75));
#5947=(BOUNDED_SURFACE()
B_SPLINE_SURFACE(2,1,((#5941,#5942),(#5943,#5944),(#5945,#5946)),.UNSPECIFIED.,.F.,.F.,.U.)
B_SPLINE_SURFACE_WITH_KNOTS((3,3),(2,2),(0.,1.533203626),(0.0105,0.012),.UNSPECIFIED.)
GEOMETRIC_REPRESENTATION_ITEM()
RATIONAL_B_SPLINE_SURFACE(((1.,1.),(0.633974596,0.633974596),(0.803847577,0.803847577)))
REPRESENTATION_ITEM('')
SURFACE()
);
#5948=CARTESIAN_POINT('',(-100.,-25.,7.75));
#5949=CARTESIAN_POINT('',(-98.5,-25.,7.75));
#5950=B_SPLINE_CURVE_WITH_KNOTS('',1,(#5948,#5949),.UNSPECIFIED.,.F.,.F.,(2,2),(0.0105,0.012),.UNSPECIFIED.);
#5951=EDGE_CURVE('',#765,#1327,#5950,.T.);
#5952=ORIENTED_EDGE('',*,*,#5951,.F.);
#5953=ORIENTED_EDGE('',*,*,#776,.F.);
#5954=CARTESIAN_POINT('',(-98.5,-23.,5.75));
#5955=CARTESIAN_POINT('',(-100.,-23.,5.75));
#5956=B_SPLINE_CURVE_WITH_KNOTS('',1,(#5954,#5955),.UNSPECIFIED.,.F.,.F.,(2,2),(0.0105,0.012),.UNSPECIFIED.);
#5957=EDGE_CURVE('',#1325,#763,#5956,.T.);
#5958=ORIENTED_EDGE('',*,*,#5957,.F.);
#5959=ORIENTED_EDGE('',*,*,#1350,.F.);
#5960=EDGE_LOOP('',(#5952,#5953,#5958,#5959));
#5961=FACE_BOUND('',#5960,.T.);
#5962=ADVANCED_FACE('',(#5961),#5947,.F.);
#5963=CARTESIAN_POINT('',(-98.5,25.,7.75));
#5964=CARTESIAN_POINT('',(-100.,25.,7.75));
#5965=CARTESIAN_POINT('',(-98.5,27.,7.75));
#5966=CARTESIAN_POINT('',(-100.,27.,7.75));
#5967=CARTESIAN_POINT('',(-98.5,27.,5.75));
#5968=CARTESIAN_POINT('',(-100.,27.,5.75));
#5969=(BOUNDED_SURFACE()
B_SPLINE_SURFACE(2,1,((#5963,#5964),(#5965,#5966),(#5967,#5968)),.UNSPECIFIED.,.F.,.F.,.U.)
B_SPLINE_SURFACE_WITH_KNOTS((3,3),(2,2),(0.,1.533203626),(0.0105,0.012),.UNSPECIFIED.)
GEOMETRIC_REPRESENTATION_ITEM()
RATIONAL_B_SPLINE_SURFACE(((1.,1.),(0.633974596,0.633974596),(0.803847577,0.803847577)))
REPRESENTATION_ITEM('')
SURFACE()
);
#5970=CARTESIAN_POINT('',(-100.,25.,7.75));
#5971=CARTESIAN_POINT('',(-98.5,25.,7.75));
#5972=B_SPLINE_CURVE_WITH_KNOTS('',1,(#5970,#5971),.UNSPECIFIED.,.F.,.F.,(2,2),(0.0105,0.012),.UNSPECIFIED.);
#5973=EDGE_CURVE('',#795,#1357,#5972,.T.);
#5974=ORIENTED_EDGE('',*,*,#5973,.F.);
#5975=ORIENTED_EDGE('',*,*,#806,.F.);
#5976=CARTESIAN_POINT('',(-98.5,27.,5.75));
#5977=CARTESIAN_POINT('',(-100.,27.,5.75));
#5978=B_SPLINE_CURVE_WITH_KNOTS('',1,(#5976,#5977),.UNSPECIFIED.,.F.,.F.,(2,2),(0.0105,0.012),.UNSPECIFIED.);
#5979=EDGE_CURVE('',#1355,#793,#5978,.T.);
#5980=ORIENTED_EDGE('',*,*,#5979,.F.);
#5981=ORIENTED_EDGE('',*,*,#1380,.F.);
#5982=EDGE_LOOP('',(#5974,#5975,#5980,#5981));
#5983=FACE_BOUND('',#5982,.T.);
#5984=ADVANCED_FACE('',(#5983),#5969,.F.);
#5985=CARTESIAN_POINT('',(-100.,-21.,54.25));
#5986=CARTESIAN_POINT('',(-98.5,-21.,54.25));
#5987=CARTESIAN_POINT('',(-100.,-21.,7.25));
#5988=CARTESIAN_POINT('',(-98.5,-21.,7.25));
#5989=B_SPLINE_SURFACE_WITH_KNOTS('',1,1,((#5985,#5986),(#5987,#5988)),.UNSPECIFIED.,.F.,.F.,.U.,(2,2),(2,2),(-0.047,0.),(-0.012,-0.0105),.UNSPECIFIED.);
#5990=ORIENTED_EDGE('',*,*,#1157,.T.);
#5991=CARTESIAN_POINT('',(-98.5,-21.,7.25));
#5992=CARTESIAN_POINT('',(-100.,-21.,7.25));
#5993=B_SPLINE_CURVE_WITH_KNOTS('',1,(#5991,#5992),.UNSPECIFIED.,.F.,.F.,(2,2),(0.0105,0.012),.UNSPECIFIED.);
#5994=EDGE_CURVE('',#1153,#567,#5993,.T.);
#5995=ORIENTED_EDGE('',*,*,#5994,.T.);
#5996=ORIENTED_EDGE('',*,*,#573,.T.);
#5997=CARTESIAN_POINT('',(-98.5,-21.,54.25));
#5998=CARTESIAN_POINT('',(-100.,-21.,54.25));
#5999=B_SPLINE_CURVE_WITH_KNOTS('',1,(#5997,#5998),.UNSPECIFIED.,.F.,.F.,(2,2),(0.0105,0.012),.UNSPECIFIED.);
#6000=EDGE_CURVE('',#1151,#569,#5999,.T.);
#6001=ORIENTED_EDGE('',*,*,#6000,.F.);
#6002=EDGE_LOOP('',(#5990,#5995,#5996,#6001));
#6003=FACE_BOUND('',#6002,.T.);
#6004=ADVANCED_FACE('',(#6003),#5989,.F.);
#6005=CARTESIAN_POINT('',(-98.5,-18.,7.25));
#6006=CARTESIAN_POINT('',(-100.,-18.,7.25));
#6007=CARTESIAN_POINT('',(-98.5,-18.,6.848076211));
#6008=CARTESIAN_POINT('',(-100.,-18.,6.848076211));
#6009=CARTESIAN_POINT('',(-98.5,-18.200961894,6.5));
#6010=CARTESIAN_POINT('',(-100.,-18.200961894,6.5));
#6011=CARTESIAN_POINT('',(-98.5,-19.5,4.25));
#6012=CARTESIAN_POINT('',(-100.,-19.5,4.25));
#6013=CARTESIAN_POINT('',(-98.5,-20.799038106,6.5));
#6014=CARTESIAN_POINT('',(-100.,-20.799038106,6.5));
#6015=CARTESIAN_POINT('',(-98.5,-21.,6.848076211));
#6016=CARTESIAN_POINT('',(-100.,-21.,6.848076211));
#6017=CARTESIAN_POINT('',(-98.5,-21.,7.25));
#6018=CARTESIAN_POINT('',(-100.,-21.,7.25));
#6019=(BOUNDED_SURFACE()
B_SPLINE_SURFACE(2,1,((#6005,#6006),(#6007,#6008),(#6009,#6010),(#6011,#6012),(#6013,#6014),(#6015,#6016),(#6017,#6018)),.UNSPECIFIED.,.F.,.F.,.U.)
B_SPLINE_SURFACE_WITH_KNOTS((3,2,2,3),(2,2),(1.533203626,2.094395102,4.188790205,4.749981681),(0.0105,0.012),.UNSPECIFIED.)
GEOMETRIC_REPRESENTATION_ITEM()
RATIONAL_B_SPLINE_SURFACE(((0.803847577,0.803847577),(0.866025404,0.866025404),(1.,1.),(0.5,0.5),(1.,1.),(0.866025404,0.866025404),(0.803847577,0.803847577)))
REPRESENTATION_ITEM('')
SURFACE()
);
#6020=ORIENTED_EDGE('',*,*,#1192,.T.);
#6021=CARTESIAN_POINT('',(-98.5,-18.,7.25));
#6022=CARTESIAN_POINT('',(-100.,-18.,7.25));
#6023=B_SPLINE_CURVE_WITH_KNOTS('',1,(#6021,#6022),.UNSPECIFIED.,.F.,.F.,(2,2),(0.0105,0.012),.UNSPECIFIED.);
#6024=EDGE_CURVE('',#1180,#576,#6023,.T.);
#6025=ORIENTED_EDGE('',*,*,#6024,.T.);
#6026=ORIENTED_EDGE('',*,*,#583,.T.);
#6027=ORIENTED_EDGE('',*,*,#5994,.F.);
#6028=EDGE_LOOP('',(#6020,#6025,#6026,#6027));
#6029=FACE_BOUND('',#6028,.T.);
#6030=ADVANCED_FACE('',(#6029),#6019,.F.);
#6031=CARTESIAN_POINT('',(-100.,-18.,7.25));
#6032=CARTESIAN_POINT('',(-98.5,-18.,7.25));
#6033=CARTESIAN_POINT('',(-100.,-18.,54.25));
#6034=CARTESIAN_POINT('',(-98.5,-18.,54.25));
#6035=B_SPLINE_SURFACE_WITH_KNOTS('',1,1,((#6031,#6032),(#6033,#6034)),.UNSPECIFIED.,.F.,.F.,.U.,(2,2),(2,2),(-0.047,0.),(-0.012,-0.0105),.UNSPECIFIED.);
#6036=ORIENTED_EDGE('',*,*,#1184,.T.);
#6037=CARTESIAN_POINT('',(-98.5,-18.,54.25));
#6038=CARTESIAN_POINT('',(-100.,-18.,54.25));
#6039=B_SPLINE_CURVE_WITH_KNOTS('',1,(#6037,#6038),.UNSPECIFIED.,.F.,.F.,(2,2),(0.0105,0.012),.UNSPECIFIED.);
#6040=EDGE_CURVE('',#1170,#586,#6039,.T.);
#6041=ORIENTED_EDGE('',*,*,#6040,.T.);
#6042=ORIENTED_EDGE('',*,*,#590,.T.);
#6043=ORIENTED_EDGE('',*,*,#6024,.F.);
#6044=EDGE_LOOP('',(#6036,#6041,#6042,#6043));
#6045=FACE_BOUND('',#6044,.T.);
#6046=ADVANCED_FACE('',(#6045),#6035,.F.);
#6047=CARTESIAN_POINT('',(-98.5,-19.5,55.75));
#6048=CARTESIAN_POINT('',(-100.,-19.5,55.75));
#6049=CARTESIAN_POINT('',(-98.5,-18.,55.75));
#6050=CARTESIAN_POINT('',(-100.,-18.,55.75));
#6051=CARTESIAN_POINT('',(-98.5,-18.,54.25));
#6052=CARTESIAN_POINT('',(-100.,-18.,54.25));
#6053=(BOUNDED_SURFACE()
B_SPLINE_SURFACE(2,1,((#6047,#6048),(#6049,#6050),(#6051,#6052)),.UNSPECIFIED.,.F.,.F.,.U.)
B_SPLINE_SURFACE_WITH_KNOTS((3,3),(2,2),(0.,1.533203626),(0.0105,0.012),.UNSPECIFIED.)
GEOMETRIC_REPRESENTATION_ITEM()
RATIONAL_B_SPLINE_SURFACE(((1.,1.),(0.633974596,0.633974596),(0.803847577,0.803847577)))
REPRESENTATION_ITEM('')
SURFACE()
);
#6054=CARTESIAN_POINT('',(-100.,-19.5,55.75));
#6055=CARTESIAN_POINT('',(-98.5,-19.5,55.75));
#6056=B_SPLINE_CURVE_WITH_KNOTS('',1,(#6054,#6055),.UNSPECIFIED.,.F.,.F.,(2,2),(0.0105,0.012),.UNSPECIFIED.);
#6057=EDGE_CURVE('',#593,#1160,#6056,.T.);
#6058=ORIENTED_EDGE('',*,*,#6057,.F.);
#6059=ORIENTED_EDGE('',*,*,#600,.T.);
#6060=ORIENTED_EDGE('',*,*,#6040,.F.);
#6061=ORIENTED_EDGE('',*,*,#1177,.T.);
#6062=EDGE_LOOP('',(#6058,#6059,#6060,#6061));
#6063=FACE_BOUND('',#6062,.T.);
#6064=ADVANCED_FACE('',(#6063),#6053,.F.);
#6065=CARTESIAN_POINT('',(-100.,-16.,54.25));
#6066=CARTESIAN_POINT('',(-98.5,-16.,54.25));
#6067=CARTESIAN_POINT('',(-100.,-16.,7.25));
#6068=CARTESIAN_POINT('',(-98.5,-16.,7.25));
#6069=B_SPLINE_SURFACE_WITH_KNOTS('',1,1,((#6065,#6066),(#6067,#6068)),.UNSPECIFIED.,.F.,.F.,.U.,(2,2),(2,2),(-0.047,0.),(-0.012,-0.0105),.UNSPECIFIED.);
#6070=ORIENTED_EDGE('',*,*,#1111,.T.);
#6071=CARTESIAN_POINT('',(-98.5,-16.,7.25));
#6072=CARTESIAN_POINT('',(-100.,-16.,7.25));
#6073=B_SPLINE_CURVE_WITH_KNOTS('',1,(#6071,#6072),.UNSPECIFIED.,.F.,.F.,(2,2),(0.0105,0.012),.UNSPECIFIED.);
#6074=EDGE_CURVE('',#1107,#521,#6073,.T.);
#6075=ORIENTED_EDGE('',*,*,#6074,.T.);
#6076=ORIENTED_EDGE('',*,*,#527,.T.);
#6077=CARTESIAN_POINT('',(-98.5,-16.,54.25));
#6078=CARTESIAN_POINT('',(-100.,-16.,54.25));
#6079=B_SPLINE_CURVE_WITH_KNOTS('',1,(#6077,#6078),.UNSPECIFIED.,.F.,.F.,(2,2),(0.0105,0.012),.UNSPECIFIED.);
#6080=EDGE_CURVE('',#1105,#523,#6079,.T.);
#6081=ORIENTED_EDGE('',*,*,#6080,.F.);
#6082=EDGE_LOOP('',(#6070,#6075,#6076,#6081));
#6083=FACE_BOUND('',#6082,.T.);
#6084=ADVANCED_FACE('',(#6083),#6069,.F.);
#6085=CARTESIAN_POINT('',(-98.5,-13.,7.25));
#6086=CARTESIAN_POINT('',(-100.,-13.,7.25));
#6087=CARTESIAN_POINT('',(-98.5,-13.,6.848076211));
#6088=CARTESIAN_POINT('',(-100.,-13.,6.848076211));
#6089=CARTESIAN_POINT('',(-98.5,-13.200961894,6.5));
#6090=CARTESIAN_POINT('',(-100.,-13.200961894,6.5));
#6091=CARTESIAN_POINT('',(-98.5,-14.5,4.25));
#6092=CARTESIAN_POINT('',(-100.,-14.5,4.25));
#6093=CARTESIAN_POINT('',(-98.5,-15.799038106,6.5));
#6094=CARTESIAN_POINT('',(-100.,-15.799038106,6.5));
#6095=CARTESIAN_POINT('',(-98.5,-16.,6.848076211));
#6096=CARTESIAN_POINT('',(-100.,-16.,6.848076211));
#6097=CARTESIAN_POINT('',(-98.5,-16.,7.25));
#6098=CARTESIAN_POINT('',(-100.,-16.,7.25));
#6099=(BOUNDED_SURFACE()
B_SPLINE_SURFACE(2,1,((#6085,#6086),(#6087,#6088),(#6089,#6090),(#6091,#6092),(#6093,#6094),(#6095,#6096),(#6097,#6098)),.UNSPECIFIED.,.F.,.F.,.U.)
B_SPLINE_SURFACE_WITH_KNOTS((3,2,2,3),(2,2),(1.533203626,2.094395102,4.188790205,4.749981681),(0.0105,0.012),.UNSPECIFIED.)
GEOMETRIC_REPRESENTATION_ITEM()
RATIONAL_B_SPLINE_SURFACE(((0.803847577,0.803847577),(0.866025404,0.866025404),(1.,1.),(0.5,0.5),(1.,1.),(0.866025404,0.866025404),(0.803847577,0.803847577)))
REPRESENTATION_ITEM('')
SURFACE()
);
#6100=ORIENTED_EDGE('',*,*,#1146,.T.);
#6101=CARTESIAN_POINT('',(-98.5,-13.,7.25));
#6102=CARTESIAN_POINT('',(-100.,-13.,7.25));
#6103=B_SPLINE_CURVE_WITH_KNOTS('',1,(#6101,#6102),.UNSPECIFIED.,.F.,.F.,(2,2),(0.0105,0.012),.UNSPECIFIED.);
#6104=EDGE_CURVE('',#1134,#530,#6103,.T.);
#6105=ORIENTED_EDGE('',*,*,#6104,.T.);
#6106=ORIENTED_EDGE('',*,*,#537,.T.);
#6107=ORIENTED_EDGE('',*,*,#6074,.F.);
#6108=EDGE_LOOP('',(#6100,#6105,#6106,#6107));
#6109=FACE_BOUND('',#6108,.T.);
#6110=ADVANCED_FACE('',(#6109),#6099,.F.);
#6111=CARTESIAN_POINT('',(-100.,-13.,7.25));
#6112=CARTESIAN_POINT('',(-98.5,-13.,7.25));
#6113=CARTESIAN_POINT('',(-100.,-13.,54.25));
#6114=CARTESIAN_POINT('',(-98.5,-13.,54.25));
#6115=B_SPLINE_SURFACE_WITH_KNOTS('',1,1,((#6111,#6112),(#6113,#6114)),.UNSPECIFIED.,.F.,.F.,.U.,(2,2),(2,2),(-0.047,0.),(-0.012,-0.0105),.UNSPECIFIED.);
#6116=ORIENTED_EDGE('',*,*,#1138,.T.);
#6117=CARTESIAN_POINT('',(-98.5,-13.,54.25));
#6118=CARTESIAN_POINT('',(-100.,-13.,54.25));
#6119=B_SPLINE_CURVE_WITH_KNOTS('',1,(#6117,#6118),.UNSPECIFIED.,.F.,.F.,(2,2),(0.0105,0.012),.UNSPECIFIED.);
#6120=EDGE_CURVE('',#1124,#540,#6119,.T.);
#6121=ORIENTED_EDGE('',*,*,#6120,.T.);
#6122=ORIENTED_EDGE('',*,*,#544,.T.);
#6123=ORIENTED_EDGE('',*,*,#6104,.F.);
#6124=EDGE_LOOP('',(#6116,#6121,#6122,#6123));
#6125=FACE_BOUND('',#6124,.T.);
#6126=ADVANCED_FACE('',(#6125),#6115,.F.);
#6127=CARTESIAN_POINT('',(-98.5,-14.5,55.75));
#6128=CARTESIAN_POINT('',(-100.,-14.5,55.75));
#6129=CARTESIAN_POINT('',(-98.5,-13.,55.75));
#6130=CARTESIAN_POINT('',(-100.,-13.,55.75));
#6131=CARTESIAN_POINT('',(-98.5,-13.,54.25));
#6132=CARTESIAN_POINT('',(-100.,-13.,54.25));
#6133=(BOUNDED_SURFACE()
B_SPLINE_SURFACE(2,1,((#6127,#6128),(#6129,#6130),(#6131,#6132)),.UNSPECIFIED.,.F.,.F.,.U.)
B_SPLINE_SURFACE_WITH_KNOTS((3,3),(2,2),(0.,1.533203626),(0.0105,0.012),.UNSPECIFIED.)
GEOMETRIC_REPRESENTATION_ITEM()
RATIONAL_B_SPLINE_SURFACE(((1.,1.),(0.633974596,0.633974596),(0.803847577,0.803847577)))
REPRESENTATION_ITEM('')
SURFACE()
);
#6134=CARTESIAN_POINT('',(-100.,-14.5,55.75));
#6135=CARTESIAN_POINT('',(-98.5,-14.5,55.75));
#6136=B_SPLINE_CURVE_WITH_KNOTS('',1,(#6134,#6135),.UNSPECIFIED.,.F.,.F.,(2,2),(0.0105,0.012),.UNSPECIFIED.);
#6137=EDGE_CURVE('',#547,#1114,#6136,.T.);
#6138=ORIENTED_EDGE('',*,*,#6137,.F.);
#6139=ORIENTED_EDGE('',*,*,#554,.T.);
#6140=ORIENTED_EDGE('',*,*,#6120,.F.);
#6141=ORIENTED_EDGE('',*,*,#1131,.T.);
#6142=EDGE_LOOP('',(#6138,#6139,#6140,#6141));
#6143=FACE_BOUND('',#6142,.T.);
#6144=ADVANCED_FACE('',(#6143),#6133,.F.);
#6145=CARTESIAN_POINT('',(-100.,-11.,54.25));
#6146=CARTESIAN_POINT('',(-98.5,-11.,54.25));
#6147=CARTESIAN_POINT('',(-100.,-11.,7.25));
#6148=CARTESIAN_POINT('',(-98.5,-11.,7.25));
#6149=B_SPLINE_SURFACE_WITH_KNOTS('',1,1,((#6145,#6146),(#6147,#6148)),.UNSPECIFIED.,.F.,.F.,.U.,(2,2),(2,2),(-0.047,0.),(-0.012,-0.0105),.UNSPECIFIED.);
#6150=ORIENTED_EDGE('',*,*,#1065,.T.);
#6151=CARTESIAN_POINT('',(-98.5,-11.,7.25));
#6152=CARTESIAN_POINT('',(-100.,-11.,7.25));
#6153=B_SPLINE_CURVE_WITH_KNOTS('',1,(#6151,#6152),.UNSPECIFIED.,.F.,.F.,(2,2),(0.0105,0.012),.UNSPECIFIED.);
#6154=EDGE_CURVE('',#1061,#475,#6153,.T.);
#6155=ORIENTED_EDGE('',*,*,#6154,.T.);
#6156=ORIENTED_EDGE('',*,*,#481,.T.);
#6157=CARTESIAN_POINT('',(-98.5,-11.,54.25));
#6158=CARTESIAN_POINT('',(-100.,-11.,54.25));
#6159=B_SPLINE_CURVE_WITH_KNOTS('',1,(#6157,#6158),.UNSPECIFIED.,.F.,.F.,(2,2),(0.0105,0.012),.UNSPECIFIED.);
#6160=EDGE_CURVE('',#1059,#477,#6159,.T.);
#6161=ORIENTED_EDGE('',*,*,#6160,.F.);
#6162=EDGE_LOOP('',(#6150,#6155,#6156,#6161));
#6163=FACE_BOUND('',#6162,.T.);
#6164=ADVANCED_FACE('',(#6163),#6149,.F.);
#6165=CARTESIAN_POINT('',(-98.5,-8.,7.25));
#6166=CARTESIAN_POINT('',(-100.,-8.,7.25));
#6167=CARTESIAN_POINT('',(-98.5,-8.,6.848076211));
#6168=CARTESIAN_POINT('',(-100.,-8.,6.848076211));
#6169=CARTESIAN_POINT('',(-98.5,-8.200961894,6.5));
#6170=CARTESIAN_POINT('',(-100.,-8.200961894,6.5));
#6171=CARTESIAN_POINT('',(-98.5,-9.5,4.25));
#6172=CARTESIAN_POINT('',(-100.,-9.5,4.25));
#6173=CARTESIAN_POINT('',(-98.5,-10.799038106,6.5));
#6174=CARTESIAN_POINT('',(-100.,-10.799038106,6.5));
#6175=CARTESIAN_POINT('',(-98.5,-11.,6.848076211));
#6176=CARTESIAN_POINT('',(-100.,-11.,6.848076211));
#6177=CARTESIAN_POINT('',(-98.5,-11.,7.25));
#6178=CARTESIAN_POINT('',(-100.,-11.,7.25));
#6179=(BOUNDED_SURFACE()
B_SPLINE_SURFACE(2,1,((#6165,#6166),(#6167,#6168),(#6169,#6170),(#6171,#6172),(#6173,#6174),(#6175,#6176),(#6177,#6178)),.UNSPECIFIED.,.F.,.F.,.U.)
B_SPLINE_SURFACE_WITH_KNOTS((3,2,2,3),(2,2),(1.533203626,2.094395102,4.188790205,4.749981681),(0.0105,0.012),.UNSPECIFIED.)
GEOMETRIC_REPRESENTATION_ITEM()
RATIONAL_B_SPLINE_SURFACE(((0.803847577,0.803847577),(0.866025404,0.866025404),(1.,1.),(0.5,0.5),(1.,1.),(0.866025404,0.866025404),(0.803847577,0.803847577)))
REPRESENTATION_ITEM('')
SURFACE()
);
#6180=ORIENTED_EDGE('',*,*,#1100,.T.);
#6181=CARTESIAN_POINT('',(-98.5,-8.,7.25));
#6182=CARTESIAN_POINT('',(-100.,-8.,7.25));
#6183=B_SPLINE_CURVE_WITH_KNOTS('',1,(#6181,#6182),.UNSPECIFIED.,.F.,.F.,(2,2),(0.0105,0.012),.UNSPECIFIED.);
#6184=EDGE_CURVE('',#1088,#484,#6183,.T.);
#6185=ORIENTED_EDGE('',*,*,#6184,.T.);
#6186=ORIENTED_EDGE('',*,*,#491,.T.);
#6187=ORIENTED_EDGE('',*,*,#6154,.F.);
#6188=EDGE_LOOP('',(#6180,#6185,#6186,#6187));
#6189=FACE_BOUND('',#6188,.T.);
#6190=ADVANCED_FACE('',(#6189),#6179,.F.);
#6191=CARTESIAN_POINT('',(-100.,-8.,7.25));
#6192=CARTESIAN_POINT('',(-98.5,-8.,7.25));
#6193=CARTESIAN_POINT('',(-100.,-8.,54.25));
#6194=CARTESIAN_POINT('',(-98.5,-8.,54.25));
#6195=B_SPLINE_SURFACE_WITH_KNOTS('',1,1,((#6191,#6192),(#6193,#6194)),.UNSPECIFIED.,.F.,.F.,.U.,(2,2),(2,2),(-0.047,0.),(-0.012,-0.0105),.UNSPECIFIED.);
#6196=ORIENTED_EDGE('',*,*,#1092,.T.);
#6197=CARTESIAN_POINT('',(-98.5,-8.,54.25));
#6198=CARTESIAN_POINT('',(-100.,-8.,54.25));
#6199=B_SPLINE_CURVE_WITH_KNOTS('',1,(#6197,#6198),.UNSPECIFIED.,.F.,.F.,(2,2),(0.0105,0.012),.UNSPECIFIED.);
#6200=EDGE_CURVE('',#1078,#494,#6199,.T.);
#6201=ORIENTED_EDGE('',*,*,#6200,.T.);
#6202=ORIENTED_EDGE('',*,*,#498,.T.);
#6203=ORIENTED_EDGE('',*,*,#6184,.F.);
#6204=EDGE_LOOP('',(#6196,#6201,#6202,#6203));
#6205=FACE_BOUND('',#6204,.T.);
#6206=ADVANCED_FACE('',(#6205),#6195,.F.);
#6207=CARTESIAN_POINT('',(-98.5,-9.5,55.75));
#6208=CARTESIAN_POINT('',(-100.,-9.5,55.75));
#6209=CARTESIAN_POINT('',(-98.5,-8.,55.75));
#6210=CARTESIAN_POINT('',(-100.,-8.,55.75));
#6211=CARTESIAN_POINT('',(-98.5,-8.,54.25));
#6212=CARTESIAN_POINT('',(-100.,-8.,54.25));
#6213=(BOUNDED_SURFACE()
B_SPLINE_SURFACE(2,1,((#6207,#6208),(#6209,#6210),(#6211,#6212)),.UNSPECIFIED.,.F.,.F.,.U.)
B_SPLINE_SURFACE_WITH_KNOTS((3,3),(2,2),(0.,1.533203626),(0.0105,0.012),.UNSPECIFIED.)
GEOMETRIC_REPRESENTATION_ITEM()
RATIONAL_B_SPLINE_SURFACE(((1.,1.),(0.633974596,0.633974596),(0.803847577,0.803847577)))
REPRESENTATION_ITEM('')
SURFACE()
);
#6214=CARTESIAN_POINT('',(-100.,-9.5,55.75));
#6215=CARTESIAN_POINT('',(-98.5,-9.5,55.75));
#6216=B_SPLINE_CURVE_WITH_KNOTS('',1,(#6214,#6215),.UNSPECIFIED.,.F.,.F.,(2,2),(0.0105,0.012),.UNSPECIFIED.);
#6217=EDGE_CURVE('',#501,#1068,#6216,.T.);
#6218=ORIENTED_EDGE('',*,*,#6217,.F.);
#6219=ORIENTED_EDGE('',*,*,#508,.T.);
#6220=ORIENTED_EDGE('',*,*,#6200,.F.);
#6221=ORIENTED_EDGE('',*,*,#1085,.T.);
#6222=EDGE_LOOP('',(#6218,#6219,#6220,#6221));
#6223=FACE_BOUND('',#6222,.T.);
#6224=ADVANCED_FACE('',(#6223),#6213,.F.);
#6225=CARTESIAN_POINT('',(-100.,-6.,54.25));
#6226=CARTESIAN_POINT('',(-98.5,-6.,54.25));
#6227=CARTESIAN_POINT('',(-100.,-6.,7.25));
#6228=CARTESIAN_POINT('',(-98.5,-6.,7.25));
#6229=B_SPLINE_SURFACE_WITH_KNOTS('',1,1,((#6225,#6226),(#6227,#6228)),.UNSPECIFIED.,.F.,.F.,.U.,(2,2),(2,2),(-0.047,0.),(-0.012,-0.0105),.UNSPECIFIED.);
#6230=ORIENTED_EDGE('',*,*,#1019,.T.);
#6231=CARTESIAN_POINT('',(-98.5,-6.,7.25));
#6232=CARTESIAN_POINT('',(-100.,-6.,7.25));
#6233=B_SPLINE_CURVE_WITH_KNOTS('',1,(#6231,#6232),.UNSPECIFIED.,.F.,.F.,(2,2),(0.0105,0.012),.UNSPECIFIED.);
#6234=EDGE_CURVE('',#1015,#429,#6233,.T.);
#6235=ORIENTED_EDGE('',*,*,#6234,.T.);
#6236=ORIENTED_EDGE('',*,*,#435,.T.);
#6237=CARTESIAN_POINT('',(-98.5,-6.,54.25));
#6238=CARTESIAN_POINT('',(-100.,-6.,54.25));
#6239=B_SPLINE_CURVE_WITH_KNOTS('',1,(#6237,#6238),.UNSPECIFIED.,.F.,.F.,(2,2),(0.0105,0.012),.UNSPECIFIED.);
#6240=EDGE_CURVE('',#1013,#431,#6239,.T.);
#6241=ORIENTED_EDGE('',*,*,#6240,.F.);
#6242=EDGE_LOOP('',(#6230,#6235,#6236,#6241));
#6243=FACE_BOUND('',#6242,.T.);
#6244=ADVANCED_FACE('',(#6243),#6229,.F.);
#6245=CARTESIAN_POINT('',(-98.5,-3.,7.25));
#6246=CARTESIAN_POINT('',(-100.,-3.,7.25));
#6247=CARTESIAN_POINT('',(-98.5,-3.,6.848076211));
#6248=CARTESIAN_POINT('',(-100.,-3.,6.848076211));
#6249=CARTESIAN_POINT('',(-98.5,-3.200961894,6.5));
#6250=CARTESIAN_POINT('',(-100.,-3.200961894,6.5));
#6251=CARTESIAN_POINT('',(-98.5,-4.5,4.25));
#6252=CARTESIAN_POINT('',(-100.,-4.5,4.25));
#6253=CARTESIAN_POINT('',(-98.5,-5.799038106,6.5));
#6254=CARTESIAN_POINT('',(-100.,-5.799038106,6.5));
#6255=CARTESIAN_POINT('',(-98.5,-6.,6.848076211));
#6256=CARTESIAN_POINT('',(-100.,-6.,6.848076211));
#6257=CARTESIAN_POINT('',(-98.5,-6.,7.25));
#6258=CARTESIAN_POINT('',(-100.,-6.,7.25));
#6259=(BOUNDED_SURFACE()
B_SPLINE_SURFACE(2,1,((#6245,#6246),(#6247,#6248),(#6249,#6250),(#6251,#6252),(#6253,#6254),(#6255,#6256),(#6257,#6258)),.UNSPECIFIED.,.F.,.F.,.U.)
B_SPLINE_SURFACE_WITH_KNOTS((3,2,2,3),(2,2),(1.533203626,2.094395102,4.188790205,4.749981681),(0.0105,0.012),.UNSPECIFIED.)
GEOMETRIC_REPRESENTATION_ITEM()
RATIONAL_B_SPLINE_SURFACE(((0.803847577,0.803847577),(0.866025404,0.866025404),(1.,1.),(0.5,0.5),(1.,1.),(0.866025404,0.866025404),(0.803847577,0.803847577)))
REPRESENTATION_ITEM('')
SURFACE()
);
#6260=ORIENTED_EDGE('',*,*,#1054,.T.);
#6261=CARTESIAN_POINT('',(-98.5,-3.,7.25));
#6262=CARTESIAN_POINT('',(-100.,-3.,7.25));
#6263=B_SPLINE_CURVE_WITH_KNOTS('',1,(#6261,#6262),.UNSPECIFIED.,.F.,.F.,(2,2),(0.0105,0.012),.UNSPECIFIED.);
#6264=EDGE_CURVE('',#1042,#438,#6263,.T.);
#6265=ORIENTED_EDGE('',*,*,#6264,.T.);
#6266=ORIENTED_EDGE('',*,*,#445,.T.);
#6267=ORIENTED_EDGE('',*,*,#6234,.F.);
#6268=EDGE_LOOP('',(#6260,#6265,#6266,#6267));
#6269=FACE_BOUND('',#6268,.T.);
#6270=ADVANCED_FACE('',(#6269),#6259,.F.);
#6271=CARTESIAN_POINT('',(-100.,-3.,7.25));
#6272=CARTESIAN_POINT('',(-98.5,-3.,7.25));
#6273=CARTESIAN_POINT('',(-100.,-3.,54.25));
#6274=CARTESIAN_POINT('',(-98.5,-3.,54.25));
#6275=B_SPLINE_SURFACE_WITH_KNOTS('',1,1,((#6271,#6272),(#6273,#6274)),.UNSPECIFIED.,.F.,.F.,.U.,(2,2),(2,2),(-0.047,0.),(-0.012,-0.0105),.UNSPECIFIED.);
#6276=ORIENTED_EDGE('',*,*,#1046,.T.);
#6277=CARTESIAN_POINT('',(-98.5,-3.,54.25));
#6278=CARTESIAN_POINT('',(-100.,-3.,54.25));
#6279=B_SPLINE_CURVE_WITH_KNOTS('',1,(#6277,#6278),.UNSPECIFIED.,.F.,.F.,(2,2),(0.0105,0.012),.UNSPECIFIED.);
#6280=EDGE_CURVE('',#1032,#448,#6279,.T.);
#6281=ORIENTED_EDGE('',*,*,#6280,.T.);
#6282=ORIENTED_EDGE('',*,*,#452,.T.);
#6283=ORIENTED_EDGE('',*,*,#6264,.F.);
#6284=EDGE_LOOP('',(#6276,#6281,#6282,#6283));
#6285=FACE_BOUND('',#6284,.T.);
#6286=ADVANCED_FACE('',(#6285),#6275,.F.);
#6287=CARTESIAN_POINT('',(-98.5,-4.5,55.75));
#6288=CARTESIAN_POINT('',(-100.,-4.5,55.75));
#6289=CARTESIAN_POINT('',(-98.5,-3.,55.75));
#6290=CARTESIAN_POINT('',(-100.,-3.,55.75));
#6291=CARTESIAN_POINT('',(-98.5,-3.,54.25));
#6292=CARTESIAN_POINT('',(-100.,-3.,54.25));
#6293=(BOUNDED_SURFACE()
B_SPLINE_SURFACE(2,1,((#6287,#6288),(#6289,#6290),(#6291,#6292)),.UNSPECIFIED.,.F.,.F.,.U.)
B_SPLINE_SURFACE_WITH_KNOTS((3,3),(2,2),(0.,1.533203626),(0.0105,0.012),.UNSPECIFIED.)
GEOMETRIC_REPRESENTATION_ITEM()
RATIONAL_B_SPLINE_SURFACE(((1.,1.),(0.633974596,0.633974596),(0.803847577,0.803847577)))
REPRESENTATION_ITEM('')
SURFACE()
);
#6294=CARTESIAN_POINT('',(-100.,-4.5,55.75));
#6295=CARTESIAN_POINT('',(-98.5,-4.5,55.75));
#6296=B_SPLINE_CURVE_WITH_KNOTS('',1,(#6294,#6295),.UNSPECIFIED.,.F.,.F.,(2,2),(0.0105,0.012),.UNSPECIFIED.);
#6297=EDGE_CURVE('',#455,#1022,#6296,.T.);
#6298=ORIENTED_EDGE('',*,*,#6297,.F.);
#6299=ORIENTED_EDGE('',*,*,#462,.T.);
#6300=ORIENTED_EDGE('',*,*,#6280,.F.);
#6301=ORIENTED_EDGE('',*,*,#1039,.T.);
#6302=EDGE_LOOP('',(#6298,#6299,#6300,#6301));
#6303=FACE_BOUND('',#6302,.T.);
#6304=ADVANCED_FACE('',(#6303),#6293,.F.);
#6305=CARTESIAN_POINT('',(-100.,-1.,54.25));
#6306=CARTESIAN_POINT('',(-98.5,-1.,54.25));
#6307=CARTESIAN_POINT('',(-100.,-1.,7.25));
#6308=CARTESIAN_POINT('',(-98.5,-1.,7.25));
#6309=B_SPLINE_SURFACE_WITH_KNOTS('',1,1,((#6305,#6306),(#6307,#6308)),.UNSPECIFIED.,.F.,.F.,.U.,(2,2),(2,2),(-0.047,0.),(-0.012,-0.0105),.UNSPECIFIED.);
#6310=ORIENTED_EDGE('',*,*,#973,.T.);
#6311=CARTESIAN_POINT('',(-98.5,-1.,7.25));
#6312=CARTESIAN_POINT('',(-100.,-1.,7.25));
#6313=B_SPLINE_CURVE_WITH_KNOTS('',1,(#6311,#6312),.UNSPECIFIED.,.F.,.F.,(2,2),(0.0105,0.012),.UNSPECIFIED.);
#6314=EDGE_CURVE('',#969,#383,#6313,.T.);
#6315=ORIENTED_EDGE('',*,*,#6314,.T.);
#6316=ORIENTED_EDGE('',*,*,#389,.T.);
#6317=CARTESIAN_POINT('',(-98.5,-1.,54.25));
#6318=CARTESIAN_POINT('',(-100.,-1.,54.25));
#6319=B_SPLINE_CURVE_WITH_KNOTS('',1,(#6317,#6318),.UNSPECIFIED.,.F.,.F.,(2,2),(0.0105,0.012),.UNSPECIFIED.);
#6320=EDGE_CURVE('',#967,#385,#6319,.T.);
#6321=ORIENTED_EDGE('',*,*,#6320,.F.);
#6322=EDGE_LOOP('',(#6310,#6315,#6316,#6321));
#6323=FACE_BOUND('',#6322,.T.);
#6324=ADVANCED_FACE('',(#6323),#6309,.F.);
#6325=CARTESIAN_POINT('',(-98.5,2.,7.25));
#6326=CARTESIAN_POINT('',(-100.,2.,7.25));
#6327=CARTESIAN_POINT('',(-98.5,2.,6.848076211));
#6328=CARTESIAN_POINT('',(-100.,2.,6.848076211));
#6329=CARTESIAN_POINT('',(-98.5,1.799038106,6.5));
#6330=CARTESIAN_POINT('',(-100.,1.799038106,6.5));
#6331=CARTESIAN_POINT('',(-98.5,0.5,4.25));
#6332=CARTESIAN_POINT('',(-100.,0.5,4.25));
#6333=CARTESIAN_POINT('',(-98.5,-0.799038106,6.5));
#6334=CARTESIAN_POINT('',(-100.,-0.799038106,6.5));
#6335=CARTESIAN_POINT('',(-98.5,-1.,6.848076211));
#6336=CARTESIAN_POINT('',(-100.,-1.,6.848076211));
#6337=CARTESIAN_POINT('',(-98.5,-1.,7.25));
#6338=CARTESIAN_POINT('',(-100.,-1.,7.25));
#6339=(BOUNDED_SURFACE()
B_SPLINE_SURFACE(2,1,((#6325,#6326),(#6327,#6328),(#6329,#6330),(#6331,#6332),(#6333,#6334),(#6335,#6336),(#6337,#6338)),.UNSPECIFIED.,.F.,.F.,.U.)
B_SPLINE_SURFACE_WITH_KNOTS((3,2,2,3),(2,2),(1.533203626,2.094395102,4.188790205,4.749981681),(0.0105,0.012),.UNSPECIFIED.)
GEOMETRIC_REPRESENTATION_ITEM()
RATIONAL_B_SPLINE_SURFACE(((0.803847577,0.803847577),(0.866025404,0.866025404),(1.,1.),(0.5,0.5),(1.,1.),(0.866025404,0.866025404),(0.803847577,0.803847577)))
REPRESENTATION_ITEM('')
SURFACE()
);
#6340=ORIENTED_EDGE('',*,*,#1008,.T.);
#6341=CARTESIAN_POINT('',(-98.5,2.,7.25));
#6342=CARTESIAN_POINT('',(-100.,2.,7.25));
#6343=B_SPLINE_CURVE_WITH_KNOTS('',1,(#6341,#6342),.UNSPECIFIED.,.F.,.F.,(2,2),(0.0105,0.012),.UNSPECIFIED.);
#6344=EDGE_CURVE('',#996,#392,#6343,.T.);
#6345=ORIENTED_EDGE('',*,*,#6344,.T.);
#6346=ORIENTED_EDGE('',*,*,#399,.T.);
#6347=ORIENTED_EDGE('',*,*,#6314,.F.);
#6348=EDGE_LOOP('',(#6340,#6345,#6346,#6347));
#6349=FACE_BOUND('',#6348,.T.);
#6350=ADVANCED_FACE('',(#6349),#6339,.F.);
#6351=CARTESIAN_POINT('',(-100.,2.,7.25));
#6352=CARTESIAN_POINT('',(-98.5,2.,7.25));
#6353=CARTESIAN_POINT('',(-100.,2.,54.25));
#6354=CARTESIAN_POINT('',(-98.5,2.,54.25));
#6355=B_SPLINE_SURFACE_WITH_KNOTS('',1,1,((#6351,#6352),(#6353,#6354)),.UNSPECIFIED.,.F.,.F.,.U.,(2,2),(2,2),(-0.047,0.),(-0.012,-0.0105),.UNSPECIFIED.);
#6356=ORIENTED_EDGE('',*,*,#1000,.T.);
#6357=CARTESIAN_POINT('',(-98.5,2.,54.25));
#6358=CARTESIAN_POINT('',(-100.,2.,54.25));
#6359=B_SPLINE_CURVE_WITH_KNOTS('',1,(#6357,#6358),.UNSPECIFIED.,.F.,.F.,(2,2),(0.0105,0.012),.UNSPECIFIED.);
#6360=EDGE_CURVE('',#986,#402,#6359,.T.);
#6361=ORIENTED_EDGE('',*,*,#6360,.T.);
#6362=ORIENTED_EDGE('',*,*,#406,.T.);
#6363=ORIENTED_EDGE('',*,*,#6344,.F.);
#6364=EDGE_LOOP('',(#6356,#6361,#6362,#6363));
#6365=FACE_BOUND('',#6364,.T.);
#6366=ADVANCED_FACE('',(#6365),#6355,.F.);
#6367=CARTESIAN_POINT('',(-98.5,0.5,55.75));
#6368=CARTESIAN_POINT('',(-100.,0.5,55.75));
#6369=CARTESIAN_POINT('',(-98.5,2.,55.75));
#6370=CARTESIAN_POINT('',(-100.,2.,55.75));
#6371=CARTESIAN_POINT('',(-98.5,2.,54.25));
#6372=CARTESIAN_POINT('',(-100.,2.,54.25));
#6373=(BOUNDED_SURFACE()
B_SPLINE_SURFACE(2,1,((#6367,#6368),(#6369,#6370),(#6371,#6372)),.UNSPECIFIED.,.F.,.F.,.U.)
B_SPLINE_SURFACE_WITH_KNOTS((3,3),(2,2),(0.,1.533203626),(0.0105,0.012),.UNSPECIFIED.)
GEOMETRIC_REPRESENTATION_ITEM()
RATIONAL_B_SPLINE_SURFACE(((1.,1.),(0.633974596,0.633974596),(0.803847577,0.803847577)))
REPRESENTATION_ITEM('')
SURFACE()
);
#6374=CARTESIAN_POINT('',(-100.,0.5,55.75));
#6375=CARTESIAN_POINT('',(-98.5,0.5,55.75));
#6376=B_SPLINE_CURVE_WITH_KNOTS('',1,(#6374,#6375),.UNSPECIFIED.,.F.,.F.,(2,2),(0.0105,0.012),.UNSPECIFIED.);
#6377=EDGE_CURVE('',#409,#976,#6376,.T.);
#6378=ORIENTED_EDGE('',*,*,#6377,.F.);
#6379=ORIENTED_EDGE('',*,*,#416,.T.);
#6380=ORIENTED_EDGE('',*,*,#6360,.F.);
#6381=ORIENTED_EDGE('',*,*,#993,.T.);
#6382=EDGE_LOOP('',(#6378,#6379,#6380,#6381));
#6383=FACE_BOUND('',#6382,.T.);
#6384=ADVANCED_FACE('',(#6383),#6373,.F.);
#6385=CARTESIAN_POINT('',(-100.,4.,54.25));
#6386=CARTESIAN_POINT('',(-98.5,4.,54.25));
#6387=CARTESIAN_POINT('',(-100.,4.,7.25));
#6388=CARTESIAN_POINT('',(-98.5,4.,7.25));
#6389=B_SPLINE_SURFACE_WITH_KNOTS('',1,1,((#6385,#6386),(#6387,#6388)),.UNSPECIFIED.,.F.,.F.,.U.,(2,2),(2,2),(-0.047,0.),(-0.012,-0.0105),.UNSPECIFIED.);
#6390=ORIENTED_EDGE('',*,*,#927,.T.);
#6391=CARTESIAN_POINT('',(-98.5,4.,7.25));
#6392=CARTESIAN_POINT('',(-100.,4.,7.25));
#6393=B_SPLINE_CURVE_WITH_KNOTS('',1,(#6391,#6392),.UNSPECIFIED.,.F.,.F.,(2,2),(0.0105,0.012),.UNSPECIFIED.);
#6394=EDGE_CURVE('',#923,#337,#6393,.T.);
#6395=ORIENTED_EDGE('',*,*,#6394,.T.);
#6396=ORIENTED_EDGE('',*,*,#343,.T.);
#6397=CARTESIAN_POINT('',(-98.5,4.,54.25));
#6398=CARTESIAN_POINT('',(-100.,4.,54.25));
#6399=B_SPLINE_CURVE_WITH_KNOTS('',1,(#6397,#6398),.UNSPECIFIED.,.F.,.F.,(2,2),(0.0105,0.012),.UNSPECIFIED.);
#6400=EDGE_CURVE('',#921,#339,#6399,.T.);
#6401=ORIENTED_EDGE('',*,*,#6400,.F.);
#6402=EDGE_LOOP('',(#6390,#6395,#6396,#6401));
#6403=FACE_BOUND('',#6402,.T.);
#6404=ADVANCED_FACE('',(#6403),#6389,.F.);
#6405=CARTESIAN_POINT('',(-98.5,7.,7.25));
#6406=CARTESIAN_POINT('',(-100.,7.,7.25));
#6407=CARTESIAN_POINT('',(-98.5,7.,6.848076211));
#6408=CARTESIAN_POINT('',(-100.,7.,6.848076211));
#6409=CARTESIAN_POINT('',(-98.5,6.799038106,6.5));
#6410=CARTESIAN_POINT('',(-100.,6.799038106,6.5));
#6411=CARTESIAN_POINT('',(-98.5,5.5,4.25));
#6412=CARTESIAN_POINT('',(-100.,5.5,4.25));
#6413=CARTESIAN_POINT('',(-98.5,4.200961894,6.5));
#6414=CARTESIAN_POINT('',(-100.,4.200961894,6.5));
#6415=CARTESIAN_POINT('',(-98.5,4.,6.848076211));
#6416=CARTESIAN_POINT('',(-100.,4.,6.848076211));
#6417=CARTESIAN_POINT('',(-98.5,4.,7.25));
#6418=CARTESIAN_POINT('',(-100.,4.,7.25));
#6419=(BOUNDED_SURFACE()
B_SPLINE_SURFACE(2,1,((#6405,#6406),(#6407,#6408),(#6409,#6410),(#6411,#6412),(#6413,#6414),(#6415,#6416),(#6417,#6418)),.UNSPECIFIED.,.F.,.F.,.U.)
B_SPLINE_SURFACE_WITH_KNOTS((3,2,2,3),(2,2),(1.533203626,2.094395102,4.188790205,4.749981681),(0.0105,0.012),.UNSPECIFIED.)
GEOMETRIC_REPRESENTATION_ITEM()
RATIONAL_B_SPLINE_SURFACE(((0.803847577,0.803847577),(0.866025404,0.866025404),(1.,1.),(0.5,0.5),(1.,1.),(0.866025404,0.866025404),(0.803847577,0.803847577)))
REPRESENTATION_ITEM('')
SURFACE()
);
#6420=ORIENTED_EDGE('',*,*,#962,.T.);
#6421=CARTESIAN_POINT('',(-98.5,7.,7.25));
#6422=CARTESIAN_POINT('',(-100.,7.,7.25));
#6423=B_SPLINE_CURVE_WITH_KNOTS('',1,(#6421,#6422),.UNSPECIFIED.,.F.,.F.,(2,2),(0.0105,0.012),.UNSPECIFIED.);
#6424=EDGE_CURVE('',#950,#346,#6423,.T.);
#6425=ORIENTED_EDGE('',*,*,#6424,.T.);
#6426=ORIENTED_EDGE('',*,*,#353,.T.);
#6427=ORIENTED_EDGE('',*,*,#6394,.F.);
#6428=EDGE_LOOP('',(#6420,#6425,#6426,#6427));
#6429=FACE_BOUND('',#6428,.T.);
#6430=ADVANCED_FACE('',(#6429),#6419,.F.);
#6431=CARTESIAN_POINT('',(-100.,7.,7.25));
#6432=CARTESIAN_POINT('',(-98.5,7.,7.25));
#6433=CARTESIAN_POINT('',(-100.,7.,54.25));
#6434=CARTESIAN_POINT('',(-98.5,7.,54.25));
#6435=B_SPLINE_SURFACE_WITH_KNOTS('',1,1,((#6431,#6432),(#6433,#6434)),.UNSPECIFIED.,.F.,.F.,.U.,(2,2),(2,2),(-0.047,0.),(-0.012,-0.0105),.UNSPECIFIED.);
#6436=ORIENTED_EDGE('',*,*,#954,.T.);
#6437=CARTESIAN_POINT('',(-98.5,7.,54.25));
#6438=CARTESIAN_POINT('',(-100.,7.,54.25));
#6439=B_SPLINE_CURVE_WITH_KNOTS('',1,(#6437,#6438),.UNSPECIFIED.,.F.,.F.,(2,2),(0.0105,0.012),.UNSPECIFIED.);
#6440=EDGE_CURVE('',#940,#356,#6439,.T.);
#6441=ORIENTED_EDGE('',*,*,#6440,.T.);
#6442=ORIENTED_EDGE('',*,*,#360,.T.);
#6443=ORIENTED_EDGE('',*,*,#6424,.F.);
#6444=EDGE_LOOP('',(#6436,#6441,#6442,#6443));
#6445=FACE_BOUND('',#6444,.T.);
#6446=ADVANCED_FACE('',(#6445),#6435,.F.);
#6447=CARTESIAN_POINT('',(-98.5,5.5,55.75));
#6448=CARTESIAN_POINT('',(-100.,5.5,55.75));
#6449=CARTESIAN_POINT('',(-98.5,7.,55.75));
#6450=CARTESIAN_POINT('',(-100.,7.,55.75));
#6451=CARTESIAN_POINT('',(-98.5,7.,54.25));
#6452=CARTESIAN_POINT('',(-100.,7.,54.25));
#6453=(BOUNDED_SURFACE()
B_SPLINE_SURFACE(2,1,((#6447,#6448),(#6449,#6450),(#6451,#6452)),.UNSPECIFIED.,.F.,.F.,.U.)
B_SPLINE_SURFACE_WITH_KNOTS((3,3),(2,2),(0.,1.533203626),(0.0105,0.012),.UNSPECIFIED.)
GEOMETRIC_REPRESENTATION_ITEM()
RATIONAL_B_SPLINE_SURFACE(((1.,1.),(0.633974596,0.633974596),(0.803847577,0.803847577)))
REPRESENTATION_ITEM('')
SURFACE()
);
#6454=CARTESIAN_POINT('',(-100.,5.5,55.75));
#6455=CARTESIAN_POINT('',(-98.5,5.5,55.75));
#6456=B_SPLINE_CURVE_WITH_KNOTS('',1,(#6454,#6455),.UNSPECIFIED.,.F.,.F.,(2,2),(0.0105,0.012),.UNSPECIFIED.);
#6457=EDGE_CURVE('',#363,#930,#6456,.T.);
#6458=ORIENTED_EDGE('',*,*,#6457,.F.);
#6459=ORIENTED_EDGE('',*,*,#370,.T.);
#6460=ORIENTED_EDGE('',*,*,#6440,.F.);
#6461=ORIENTED_EDGE('',*,*,#947,.T.);
#6462=EDGE_LOOP('',(#6458,#6459,#6460,#6461));
#6463=FACE_BOUND('',#6462,.T.);
#6464=ADVANCED_FACE('',(#6463),#6453,.F.);
#6465=CARTESIAN_POINT('',(-100.,9.,54.25));
#6466=CARTESIAN_POINT('',(-98.5,9.,54.25));
#6467=CARTESIAN_POINT('',(-100.,9.,7.25));
#6468=CARTESIAN_POINT('',(-98.5,9.,7.25));
#6469=B_SPLINE_SURFACE_WITH_KNOTS('',1,1,((#6465,#6466),(#6467,#6468)),.UNSPECIFIED.,.F.,.F.,.U.,(2,2),(2,2),(-0.047,0.),(-0.012,-0.0105),.UNSPECIFIED.);
#6470=ORIENTED_EDGE('',*,*,#881,.T.);
#6471=CARTESIAN_POINT('',(-98.5,9.,7.25));
#6472=CARTESIAN_POINT('',(-100.,9.,7.25));
#6473=B_SPLINE_CURVE_WITH_KNOTS('',1,(#6471,#6472),.UNSPECIFIED.,.F.,.F.,(2,2),(0.0105,0.012),.UNSPECIFIED.);
#6474=EDGE_CURVE('',#877,#291,#6473,.T.);
#6475=ORIENTED_EDGE('',*,*,#6474,.T.);
#6476=ORIENTED_EDGE('',*,*,#297,.T.);
#6477=CARTESIAN_POINT('',(-98.5,9.,54.25));
#6478=CARTESIAN_POINT('',(-100.,9.,54.25));
#6479=B_SPLINE_CURVE_WITH_KNOTS('',1,(#6477,#6478),.UNSPECIFIED.,.F.,.F.,(2,2),(0.0105,0.012),.UNSPECIFIED.);
#6480=EDGE_CURVE('',#875,#293,#6479,.T.);
#6481=ORIENTED_EDGE('',*,*,#6480,.F.);
#6482=EDGE_LOOP('',(#6470,#6475,#6476,#6481));
#6483=FACE_BOUND('',#6482,.T.);
#6484=ADVANCED_FACE('',(#6483),#6469,.F.);
#6485=CARTESIAN_POINT('',(-98.5,12.,7.25));
#6486=CARTESIAN_POINT('',(-100.,12.,7.25));
#6487=CARTESIAN_POINT('',(-98.5,12.,6.848076211));
#6488=CARTESIAN_POINT('',(-100.,12.,6.848076211));
#6489=CARTESIAN_POINT('',(-98.5,11.799038106,6.5));
#6490=CARTESIAN_POINT('',(-100.,11.799038106,6.5));
#6491=CARTESIAN_POINT('',(-98.5,10.5,4.25));
#6492=CARTESIAN_POINT('',(-100.,10.5,4.25));
#6493=CARTESIAN_POINT('',(-98.5,9.200961894,6.5));
#6494=CARTESIAN_POINT('',(-100.,9.200961894,6.5));
#6495=CARTESIAN_POINT('',(-98.5,9.,6.848076211));
#6496=CARTESIAN_POINT('',(-100.,9.,6.848076211));
#6497=CARTESIAN_POINT('',(-98.5,9.,7.25));
#6498=CARTESIAN_POINT('',(-100.,9.,7.25));
#6499=(BOUNDED_SURFACE()
B_SPLINE_SURFACE(2,1,((#6485,#6486),(#6487,#6488),(#6489,#6490),(#6491,#6492),(#6493,#6494),(#6495,#6496),(#6497,#6498)),.UNSPECIFIED.,.F.,.F.,.U.)
B_SPLINE_SURFACE_WITH_KNOTS((3,2,2,3),(2,2),(1.533203626,2.094395102,4.188790205,4.749981681),(0.0105,0.012),.UNSPECIFIED.)
GEOMETRIC_REPRESENTATION_ITEM()
RATIONAL_B_SPLINE_SURFACE(((0.803847577,0.803847577),(0.866025404,0.866025404),(1.,1.),(0.5,0.5),(1.,1.),(0.866025404,0.866025404),(0.803847577,0.803847577)))
REPRESENTATION_ITEM('')
SURFACE()
);
#6500=ORIENTED_EDGE('',*,*,#916,.T.);
#6501=CARTESIAN_POINT('',(-98.5,12.,7.25));
#6502=CARTESIAN_POINT('',(-100.,12.,7.25));
#6503=B_SPLINE_CURVE_WITH_KNOTS('',1,(#6501,#6502),.UNSPECIFIED.,.F.,.F.,(2,2),(0.0105,0.012),.UNSPECIFIED.);
#6504=EDGE_CURVE('',#904,#300,#6503,.T.);
#6505=ORIENTED_EDGE('',*,*,#6504,.T.);
#6506=ORIENTED_EDGE('',*,*,#307,.T.);
#6507=ORIENTED_EDGE('',*,*,#6474,.F.);
#6508=EDGE_LOOP('',(#6500,#6505,#6506,#6507));
#6509=FACE_BOUND('',#6508,.T.);
#6510=ADVANCED_FACE('',(#6509),#6499,.F.);
#6511=CARTESIAN_POINT('',(-100.,12.,7.25));
#6512=CARTESIAN_POINT('',(-98.5,12.,7.25));
#6513=CARTESIAN_POINT('',(-100.,12.,54.25));
#6514=CARTESIAN_POINT('',(-98.5,12.,54.25));
#6515=B_SPLINE_SURFACE_WITH_KNOTS('',1,1,((#6511,#6512),(#6513,#6514)),.UNSPECIFIED.,.F.,.F.,.U.,(2,2),(2,2),(-0.047,0.),(-0.012,-0.0105),.UNSPECIFIED.);
#6516=ORIENTED_EDGE('',*,*,#908,.T.);
#6517=CARTESIAN_POINT('',(-98.5,12.,54.25));
#6518=CARTESIAN_POINT('',(-100.,12.,54.25));
#6519=B_SPLINE_CURVE_WITH_KNOTS('',1,(#6517,#6518),.UNSPECIFIED.,.F.,.F.,(2,2),(0.0105,0.012),.UNSPECIFIED.);
#6520=EDGE_CURVE('',#894,#310,#6519,.T.);
#6521=ORIENTED_EDGE('',*,*,#6520,.T.);
#6522=ORIENTED_EDGE('',*,*,#314,.T.);
#6523=ORIENTED_EDGE('',*,*,#6504,.F.);
#6524=EDGE_LOOP('',(#6516,#6521,#6522,#6523));
#6525=FACE_BOUND('',#6524,.T.);
#6526=ADVANCED_FACE('',(#6525),#6515,.F.);
#6527=CARTESIAN_POINT('',(-98.5,10.5,55.75));
#6528=CARTESIAN_POINT('',(-100.,10.5,55.75));
#6529=CARTESIAN_POINT('',(-98.5,12.,55.75));
#6530=CARTESIAN_POINT('',(-100.,12.,55.75));
#6531=CARTESIAN_POINT('',(-98.5,12.,54.25));
#6532=CARTESIAN_POINT('',(-100.,12.,54.25));
#6533=(BOUNDED_SURFACE()
B_SPLINE_SURFACE(2,1,((#6527,#6528),(#6529,#6530),(#6531,#6532)),.UNSPECIFIED.,.F.,.F.,.U.)
B_SPLINE_SURFACE_WITH_KNOTS((3,3),(2,2),(0.,1.533203626),(0.0105,0.012),.UNSPECIFIED.)
GEOMETRIC_REPRESENTATION_ITEM()
RATIONAL_B_SPLINE_SURFACE(((1.,1.),(0.633974596,0.633974596),(0.803847577,0.803847577)))
REPRESENTATION_ITEM('')
SURFACE()
);
#6534=CARTESIAN_POINT('',(-100.,10.5,55.75));
#6535=CARTESIAN_POINT('',(-98.5,10.5,55.75));
#6536=B_SPLINE_CURVE_WITH_KNOTS('',1,(#6534,#6535),.UNSPECIFIED.,.F.,.F.,(2,2),(0.0105,0.012),.UNSPECIFIED.);
#6537=EDGE_CURVE('',#317,#884,#6536,.T.);
#6538=ORIENTED_EDGE('',*,*,#6537,.F.);
#6539=ORIENTED_EDGE('',*,*,#324,.T.);
#6540=ORIENTED_EDGE('',*,*,#6520,.F.);
#6541=ORIENTED_EDGE('',*,*,#901,.T.);
#6542=EDGE_LOOP('',(#6538,#6539,#6540,#6541));
#6543=FACE_BOUND('',#6542,.T.);
#6544=ADVANCED_FACE('',(#6543),#6533,.F.);
#6545=CARTESIAN_POINT('',(-100.,14.,54.25));
#6546=CARTESIAN_POINT('',(-98.5,14.,54.25));
#6547=CARTESIAN_POINT('',(-100.,14.,7.25));
#6548=CARTESIAN_POINT('',(-98.5,14.,7.25));
#6549=B_SPLINE_SURFACE_WITH_KNOTS('',1,1,((#6545,#6546),(#6547,#6548)),.UNSPECIFIED.,.F.,.F.,.U.,(2,2),(2,2),(-0.047,0.),(-0.012,-0.0105),.UNSPECIFIED.);
#6550=ORIENTED_EDGE('',*,*,#835,.T.);
#6551=CARTESIAN_POINT('',(-98.5,14.,7.25));
#6552=CARTESIAN_POINT('',(-100.,14.,7.25));
#6553=B_SPLINE_CURVE_WITH_KNOTS('',1,(#6551,#6552),.UNSPECIFIED.,.F.,.F.,(2,2),(0.0105,0.012),.UNSPECIFIED.);
#6554=EDGE_CURVE('',#831,#245,#6553,.T.);
#6555=ORIENTED_EDGE('',*,*,#6554,.T.);
#6556=ORIENTED_EDGE('',*,*,#251,.T.);
#6557=CARTESIAN_POINT('',(-98.5,14.,54.25));
#6558=CARTESIAN_POINT('',(-100.,14.,54.25));
#6559=B_SPLINE_CURVE_WITH_KNOTS('',1,(#6557,#6558),.UNSPECIFIED.,.F.,.F.,(2,2),(0.0105,0.012),.UNSPECIFIED.);
#6560=EDGE_CURVE('',#829,#247,#6559,.T.);
#6561=ORIENTED_EDGE('',*,*,#6560,.F.);
#6562=EDGE_LOOP('',(#6550,#6555,#6556,#6561));
#6563=FACE_BOUND('',#6562,.T.);
#6564=ADVANCED_FACE('',(#6563),#6549,.F.);
#6565=CARTESIAN_POINT('',(-98.5,17.,7.25));
#6566=CARTESIAN_POINT('',(-100.,17.,7.25));
#6567=CARTESIAN_POINT('',(-98.5,17.,6.848076211));
#6568=CARTESIAN_POINT('',(-100.,17.,6.848076211));
#6569=CARTESIAN_POINT('',(-98.5,16.799038106,6.5));
#6570=CARTESIAN_POINT('',(-100.,16.799038106,6.5));
#6571=CARTESIAN_POINT('',(-98.5,15.5,4.25));
#6572=CARTESIAN_POINT('',(-100.,15.5,4.25));
#6573=CARTESIAN_POINT('',(-98.5,14.200961894,6.5));
#6574=CARTESIAN_POINT('',(-100.,14.200961894,6.5));
#6575=CARTESIAN_POINT('',(-98.5,14.,6.848076211));
#6576=CARTESIAN_POINT('',(-100.,14.,6.848076211));
#6577=CARTESIAN_POINT('',(-98.5,14.,7.25));
#6578=CARTESIAN_POINT('',(-100.,14.,7.25));
#6579=(BOUNDED_SURFACE()
B_SPLINE_SURFACE(2,1,((#6565,#6566),(#6567,#6568),(#6569,#6570),(#6571,#6572),(#6573,#6574),(#6575,#6576),(#6577,#6578)),.UNSPECIFIED.,.F.,.F.,.U.)
B_SPLINE_SURFACE_WITH_KNOTS((3,2,2,3),(2,2),(1.533203626,2.094395102,4.188790205,4.749981681),(0.0105,0.012),.UNSPECIFIED.)
GEOMETRIC_REPRESENTATION_ITEM()
RATIONAL_B_SPLINE_SURFACE(((0.803847577,0.803847577),(0.866025404,0.866025404),(1.,1.),(0.5,0.5),(1.,1.),(0.866025404,0.866025404),(0.803847577,0.803847577)))
REPRESENTATION_ITEM('')
SURFACE()
);
#6580=ORIENTED_EDGE('',*,*,#870,.T.);
#6581=CARTESIAN_POINT('',(-98.5,17.,7.25));
#6582=CARTESIAN_POINT('',(-100.,17.,7.25));
#6583=B_SPLINE_CURVE_WITH_KNOTS('',1,(#6581,#6582),.UNSPECIFIED.,.F.,.F.,(2,2),(0.0105,0.012),.UNSPECIFIED.);
#6584=EDGE_CURVE('',#858,#254,#6583,.T.);
#6585=ORIENTED_EDGE('',*,*,#6584,.T.);
#6586=ORIENTED_EDGE('',*,*,#261,.T.);
#6587=ORIENTED_EDGE('',*,*,#6554,.F.);
#6588=EDGE_LOOP('',(#6580,#6585,#6586,#6587));
#6589=FACE_BOUND('',#6588,.T.);
#6590=ADVANCED_FACE('',(#6589),#6579,.F.);
#6591=CARTESIAN_POINT('',(-100.,17.,7.25));
#6592=CARTESIAN_POINT('',(-98.5,17.,7.25));
#6593=CARTESIAN_POINT('',(-100.,17.,54.25));
#6594=CARTESIAN_POINT('',(-98.5,17.,54.25));
#6595=B_SPLINE_SURFACE_WITH_KNOTS('',1,1,((#6591,#6592),(#6593,#6594)),.UNSPECIFIED.,.F.,.F.,.U.,(2,2),(2,2),(-0.047,0.),(-0.012,-0.0105),.UNSPECIFIED.);
#6596=ORIENTED_EDGE('',*,*,#862,.T.);
#6597=CARTESIAN_POINT('',(-98.5,17.,54.25));
#6598=CARTESIAN_POINT('',(-100.,17.,54.25));
#6599=B_SPLINE_CURVE_WITH_KNOTS('',1,(#6597,#6598),.UNSPECIFIED.,.F.,.F.,(2,2),(0.0105,0.012),.UNSPECIFIED.);
#6600=EDGE_CURVE('',#848,#264,#6599,.T.);
#6601=ORIENTED_EDGE('',*,*,#6600,.T.);
#6602=ORIENTED_EDGE('',*,*,#268,.T.);
#6603=ORIENTED_EDGE('',*,*,#6584,.F.);
#6604=EDGE_LOOP('',(#6596,#6601,#6602,#6603));
#6605=FACE_BOUND('',#6604,.T.);
#6606=ADVANCED_FACE('',(#6605),#6595,.F.);
#6607=CARTESIAN_POINT('',(-98.5,15.5,55.75));
#6608=CARTESIAN_POINT('',(-100.,15.5,55.75));
#6609=CARTESIAN_POINT('',(-98.5,17.,55.75));
#6610=CARTESIAN_POINT('',(-100.,17.,55.75));
#6611=CARTESIAN_POINT('',(-98.5,17.,54.25));
#6612=CARTESIAN_POINT('',(-100.,17.,54.25));
#6613=(BOUNDED_SURFACE()
B_SPLINE_SURFACE(2,1,((#6607,#6608),(#6609,#6610),(#6611,#6612)),.UNSPECIFIED.,.F.,.F.,.U.)
B_SPLINE_SURFACE_WITH_KNOTS((3,3),(2,2),(0.,1.533203626),(0.0105,0.012),.UNSPECIFIED.)
GEOMETRIC_REPRESENTATION_ITEM()
RATIONAL_B_SPLINE_SURFACE(((1.,1.),(0.633974596,0.633974596),(0.803847577,0.803847577)))
REPRESENTATION_ITEM('')
SURFACE()
);
#6614=CARTESIAN_POINT('',(-100.,15.5,55.75));
#6615=CARTESIAN_POINT('',(-98.5,15.5,55.75));
#6616=B_SPLINE_CURVE_WITH_KNOTS('',1,(#6614,#6615),.UNSPECIFIED.,.F.,.F.,(2,2),(0.0105,0.012),.UNSPECIFIED.);
#6617=EDGE_CURVE('',#271,#838,#6616,.T.);
#6618=ORIENTED_EDGE('',*,*,#6617,.F.);
#6619=ORIENTED_EDGE('',*,*,#278,.T.);
#6620=ORIENTED_EDGE('',*,*,#6600,.F.);
#6621=ORIENTED_EDGE('',*,*,#855,.T.);
#6622=EDGE_LOOP('',(#6618,#6619,#6620,#6621));
#6623=FACE_BOUND('',#6622,.T.);
#6624=ADVANCED_FACE('',(#6623),#6613,.F.);
#6625=CARTESIAN_POINT('',(-50.8,27.7,0.499999));
#6626=CARTESIAN_POINT('',(-53.2,27.7,0.499999));
#6627=CARTESIAN_POINT('',(-50.8,25.3,0.499999));
#6628=CARTESIAN_POINT('',(-53.2,25.3,0.499999));
#6629=B_SPLINE_SURFACE_WITH_KNOTS('',1,1,((#6625,#6626),(#6627,#6628)),.UNSPECIFIED.,.F.,.F.,.U.,(2,2),(2,2),(-0.0012,0.0012),(-0.0012,0.0012),.UNSPECIFIED.);
#6630=CARTESIAN_POINT('',(-52.,25.3,0.499999));
#6631=VERTEX_POINT('',#6630);
#6632=CARTESIAN_POINT('',(-52.,25.3,0.499999));
#6633=CARTESIAN_POINT('',(-53.2,25.3,0.499999));
#6634=CARTESIAN_POINT('',(-53.2,26.5,0.499999));
#6635=CARTESIAN_POINT('',(-53.2,27.7,0.499999));
#6636=CARTESIAN_POINT('',(-52.,27.7,0.499999));
#6637=CARTESIAN_POINT('',(-50.8,27.7,0.499999));
#6638=CARTESIAN_POINT('',(-50.8,26.5,0.499999));
#6639=CARTESIAN_POINT('',(-50.8,25.3,0.499999));
#6640=CARTESIAN_POINT('',(-52.,25.3,0.499999));
#6641=(BOUNDED_CURVE()
B_SPLINE_CURVE(2,(#6632,#6633,#6634,#6635,#6636,#6637,#6638,#6639,#6640),.UNSPECIFIED.,.T.,.F.)
B_SPLINE_CURVE_WITH_KNOTS((3,2,2,2,3),(0.,1.570796327,3.141592654,4.71238898,6.283185307),.UNSPECIFIED.)
CURVE()
GEOMETRIC_REPRESENTATION_ITEM()
RATIONAL_B_SPLINE_CURVE((1.,0.707106781,1.,0.707106781,1.,0.707106781,1.,0.707106781,1.))
REPRESENTATION_ITEM(''));
#6642=EDGE_CURVE('',#6631,#6631,#6641,.T.);
#6643=ORIENTED_EDGE('',*,*,#6642,.F.);
#6644=EDGE_LOOP('',(#6643));
#6645=FACE_BOUND('',#6644,.T.);
#6646=ADVANCED_FACE('',(#6645),#6629,.F.);
#6647=CARTESIAN_POINT('',(-52.,25.3,0.499999));
#6648=CARTESIAN_POINT('',(-52.,25.3,5.499999));
#6649=CARTESIAN_POINT('',(-49.921539031,25.3,0.499999));
#6650=CARTESIAN_POINT('',(-49.921539031,25.3,5.499999));
#6651=CARTESIAN_POINT('',(-50.960769515,27.1,0.499999));
#6652=CARTESIAN_POINT('',(-50.960769515,27.1,5.499999));
#6653=CARTESIAN_POINT('',(-52.,28.9,0.499999));
#6654=CARTESIAN_POINT('',(-52.,28.9,5.499999));
#6655=CARTESIAN_POINT('',(-53.039230485,27.1,0.499999));
#6656=CARTESIAN_POINT('',(-53.039230485,27.1,5.499999));
#6657=CARTESIAN_POINT('',(-54.078460969,25.3,0.499999));
#6658=CARTESIAN_POINT('',(-54.078460969,25.3,5.499999));
#6659=CARTESIAN_POINT('',(-52.,25.3,0.499999));
#6660=CARTESIAN_POINT('',(-52.,25.3,5.499999));
#6661=(BOUNDED_SURFACE()
B_SPLINE_SURFACE(2,1,((#6647,#6648),(#6649,#6650),(#6651,#6652),(#6653,#6654),(#6655,#6656),(#6657,#6658),(#6659,#6660)),.UNSPECIFIED.,.T.,.F.,.U.)
B_SPLINE_SURFACE_WITH_KNOTS((3,2,2,3),(2,2),(0.,2.094395102,4.188790205,6.283185307),(-0.,0.005),.UNSPECIFIED.)
GEOMETRIC_REPRESENTATION_ITEM()
RATIONAL_B_SPLINE_SURFACE(((1.,1.),(0.5,0.5),(1.,1.),(0.5,0.5),(1.,1.),(0.5,0.5),(1.,1.)))
REPRESENTATION_ITEM('')
SURFACE()
);
#6662=CARTESIAN_POINT('',(-52.,25.3,5.499999));
#6663=CARTESIAN_POINT('',(-52.,25.3,0.499999));
#6664=B_SPLINE_CURVE_WITH_KNOTS('',1,(#6662,#6663),.UNSPECIFIED.,.F.,.F.,(2,2),(0.,0.005),.UNSPECIFIED.);
#6665=EDGE_CURVE('',#4498,#6631,#6664,.T.);
#6666=ORIENTED_EDGE('',*,*,#6665,.F.);
#6667=ORIENTED_EDGE('',*,*,#4509,.T.);
#6668=ORIENTED_EDGE('',*,*,#6665,.T.);
#6669=ORIENTED_EDGE('',*,*,#6642,.T.);
#6670=EDGE_LOOP('',(#6666,#6667,#6668,#6669));
#6671=FACE_BOUND('',#6670,.T.);
#6672=ADVANCED_FACE('',(#6671),#6661,.F.);
#6673=CARTESIAN_POINT('',(-76.8,27.7,0.499999));
#6674=CARTESIAN_POINT('',(-79.2,27.7,0.499999));
#6675=CARTESIAN_POINT('',(-76.8,25.3,0.499999));
#6676=CARTESIAN_POINT('',(-79.2,25.3,0.499999));
#6677=B_SPLINE_SURFACE_WITH_KNOTS('',1,1,((#6673,#6674),(#6675,#6676)),.UNSPECIFIED.,.F.,.F.,.U.,(2,2),(2,2),(-0.0012,0.0012),(-0.0012,0.0012),.UNSPECIFIED.);
#6678=CARTESIAN_POINT('',(-78.,25.3,0.499999));
#6679=VERTEX_POINT('',#6678);
#6680=CARTESIAN_POINT('',(-78.,25.3,0.499999));
#6681=CARTESIAN_POINT('',(-79.2,25.3,0.499999));
#6682=CARTESIAN_POINT('',(-79.2,26.5,0.499999));
#6683=CARTESIAN_POINT('',(-79.2,27.7,0.499999));
#6684=CARTESIAN_POINT('',(-78.,27.7,0.499999));
#6685=CARTESIAN_POINT('',(-76.8,27.7,0.499999));
#6686=CARTESIAN_POINT('',(-76.8,26.5,0.499999));
#6687=CARTESIAN_POINT('',(-76.8,25.3,0.499999));
#6688=CARTESIAN_POINT('',(-78.,25.3,0.499999));
#6689=(BOUNDED_CURVE()
B_SPLINE_CURVE(2,(#6680,#6681,#6682,#6683,#6684,#6685,#6686,#6687,#6688),.UNSPECIFIED.,.T.,.F.)
B_SPLINE_CURVE_WITH_KNOTS((3,2,2,2,3),(0.,1.570796327,3.141592654,4.71238898,6.283185307),.UNSPECIFIED.)
CURVE()
GEOMETRIC_REPRESENTATION_ITEM()
RATIONAL_B_SPLINE_CURVE((1.,0.707106781,1.,0.707106781,1.,0.707106781,1.,0.707106781,1.))
REPRESENTATION_ITEM(''));
#6690=EDGE_CURVE('',#6679,#6679,#6689,.T.);
#6691=ORIENTED_EDGE('',*,*,#6690,.F.);
#6692=EDGE_LOOP('',(#6691));
#6693=FACE_BOUND('',#6692,.T.);
#6694=ADVANCED_FACE('',(#6693),#6677,.F.);
#6695=CARTESIAN_POINT('',(-78.,25.3,0.499999));
#6696=CARTESIAN_POINT('',(-78.,25.3,5.499999));
#6697=CARTESIAN_POINT('',(-75.921539031,25.3,0.499999));
#6698=CARTESIAN_POINT('',(-75.921539031,25.3,5.499999));
#6699=CARTESIAN_POINT('',(-76.960769515,27.1,0.499999));
#6700=CARTESIAN_POINT('',(-76.960769515,27.1,5.499999));
#6701=CARTESIAN_POINT('',(-78.,28.9,0.499999));
#6702=CARTESIAN_POINT('',(-78.,28.9,5.499999));
#6703=CARTESIAN_POINT('',(-79.039230485,27.1,0.499999));
#6704=CARTESIAN_POINT('',(-79.039230485,27.1,5.499999));
#6705=CARTESIAN_POINT('',(-80.078460969,25.3,0.499999));
#6706=CARTESIAN_POINT('',(-80.078460969,25.3,5.499999));
#6707=CARTESIAN_POINT('',(-78.,25.3,0.499999));
#6708=CARTESIAN_POINT('',(-78.,25.3,5.499999));
#6709=(BOUNDED_SURFACE()
B_SPLINE_SURFACE(2,1,((#6695,#6696),(#6697,#6698),(#6699,#6700),(#6701,#6702),(#6703,#6704),(#6705,#6706),(#6707,#6708)),.UNSPECIFIED.,.T.,.F.,.U.)
B_SPLINE_SURFACE_WITH_KNOTS((3,2,2,3),(2,2),(0.,2.094395102,4.188790205,6.283185307),(-0.,0.005),.UNSPECIFIED.)
GEOMETRIC_REPRESENTATION_ITEM()
RATIONAL_B_SPLINE_SURFACE(((1.,1.),(0.5,0.5),(1.,1.),(0.5,0.5),(1.,1.),(0.5,0.5),(1.,1.)))
REPRESENTATION_ITEM('')
SURFACE()
);
#6710=CARTESIAN_POINT('',(-78.,25.3,5.499999));
#6711=CARTESIAN_POINT('',(-78.,25.3,0.499999));
#6712=B_SPLINE_CURVE_WITH_KNOTS('',1,(#6710,#6711),.UNSPECIFIED.,.F.,.F.,(2,2),(0.,0.005),.UNSPECIFIED.);
#6713=EDGE_CURVE('',#4420,#6679,#6712,.T.);
#6714=ORIENTED_EDGE('',*,*,#6713,.F.);
#6715=ORIENTED_EDGE('',*,*,#4431,.T.);
#6716=ORIENTED_EDGE('',*,*,#6713,.T.);
#6717=ORIENTED_EDGE('',*,*,#6690,.T.);
#6718=EDGE_LOOP('',(#6714,#6715,#6716,#6717));
#6719=FACE_BOUND('',#6718,.T.);
#6720=ADVANCED_FACE('',(#6719),#6709,.F.);
#6721=CARTESIAN_POINT('',(-50.8,-30.3,0.499999));
#6722=CARTESIAN_POINT('',(-53.2,-30.3,0.499999));
#6723=CARTESIAN_POINT('',(-50.8,-32.7,0.499999));
#6724=CARTESIAN_POINT('',(-53.2,-32.7,0.499999));
#6725=B_SPLINE_SURFACE_WITH_KNOTS('',1,1,((#6721,#6722),(#6723,#6724)),.UNSPECIFIED.,.F.,.F.,.U.,(2,2),(2,2),(-0.0012,0.0012),(-0.0012,0.0012),.UNSPECIFIED.);
#6726=CARTESIAN_POINT('',(-52.,-32.7,0.499999));
#6727=VERTEX_POINT('',#6726);
#6728=CARTESIAN_POINT('',(-52.,-32.7,0.499999));
#6729=CARTESIAN_POINT('',(-53.2,-32.7,0.499999));
#6730=CARTESIAN_POINT('',(-53.2,-31.5,0.499999));
#6731=CARTESIAN_POINT('',(-53.2,-30.3,0.499999));
#6732=CARTESIAN_POINT('',(-52.,-30.3,0.499999));
#6733=CARTESIAN_POINT('',(-50.8,-30.3,0.499999));
#6734=CARTESIAN_POINT('',(-50.8,-31.5,0.499999));
#6735=CARTESIAN_POINT('',(-50.8,-32.7,0.499999));
#6736=CARTESIAN_POINT('',(-52.,-32.7,0.499999));
#6737=(BOUNDED_CURVE()
B_SPLINE_CURVE(2,(#6728,#6729,#6730,#6731,#6732,#6733,#6734,#6735,#6736),.UNSPECIFIED.,.T.,.F.)
B_SPLINE_CURVE_WITH_KNOTS((3,2,2,2,3),(0.,1.570796327,3.141592654,4.71238898,6.283185307),.UNSPECIFIED.)
CURVE()
GEOMETRIC_REPRESENTATION_ITEM()
RATIONAL_B_SPLINE_CURVE((1.,0.707106781,1.,0.707106781,1.,0.707106781,1.,0.707106781,1.))
REPRESENTATION_ITEM(''));
#6738=EDGE_CURVE('',#6727,#6727,#6737,.T.);
#6739=ORIENTED_EDGE('',*,*,#6738,.F.);
#6740=EDGE_LOOP('',(#6739));
#6741=FACE_BOUND('',#6740,.T.);
#6742=ADVANCED_FACE('',(#6741),#6725,.F.);
#6743=CARTESIAN_POINT('',(-52.,-32.7,0.499999));
#6744=CARTESIAN_POINT('',(-52.,-32.7,5.499999));
#6745=CARTESIAN_POINT('',(-49.921539031,-32.7,0.499999));
#6746=CARTESIAN_POINT('',(-49.921539031,-32.7,5.499999));
#6747=CARTESIAN_POINT('',(-50.960769515,-30.9,0.499999));
#6748=CARTESIAN_POINT('',(-50.960769515,-30.9,5.499999));
#6749=CARTESIAN_POINT('',(-52.,-29.1,0.499999));
#6750=CARTESIAN_POINT('',(-52.,-29.1,5.499999));
#6751=CARTESIAN_POINT('',(-53.039230485,-30.9,0.499999));
#6752=CARTESIAN_POINT('',(-53.039230485,-30.9,5.499999));
#6753=CARTESIAN_POINT('',(-54.078460969,-32.7,0.499999));
#6754=CARTESIAN_POINT('',(-54.078460969,-32.7,5.499999));
#6755=CARTESIAN_POINT('',(-52.,-32.7,0.499999));
#6756=CARTESIAN_POINT('',(-52.,-32.7,5.499999));
#6757=(BOUNDED_SURFACE()
B_SPLINE_SURFACE(2,1,((#6743,#6744),(#6745,#6746),(#6747,#6748),(#6749,#6750),(#6751,#6752),(#6753,#6754),(#6755,#6756)),.UNSPECIFIED.,.T.,.F.,.U.)
B_SPLINE_SURFACE_WITH_KNOTS((3,2,2,3),(2,2),(0.,2.094395102,4.188790205,6.283185307),(-0.,0.005),.UNSPECIFIED.)
GEOMETRIC_REPRESENTATION_ITEM()
RATIONAL_B_SPLINE_SURFACE(((1.,1.),(0.5,0.5),(1.,1.),(0.5,0.5),(1.,1.),(0.5,0.5),(1.,1.)))
REPRESENTATION_ITEM('')
SURFACE()
);
#6758=CARTESIAN_POINT('',(-52.,-32.7,5.499999));
#6759=CARTESIAN_POINT('',(-52.,-32.7,0.499999));
#6760=B_SPLINE_CURVE_WITH_KNOTS('',1,(#6758,#6759),.UNSPECIFIED.,.F.,.F.,(2,2),(0.,0.005),.UNSPECIFIED.);
#6761=EDGE_CURVE('',#4351,#6727,#6760,.T.);
#6762=ORIENTED_EDGE('',*,*,#6761,.F.);
#6763=ORIENTED_EDGE('',*,*,#4362,.T.);
#6764=ORIENTED_EDGE('',*,*,#6761,.T.);
#6765=ORIENTED_EDGE('',*,*,#6738,.T.);
#6766=EDGE_LOOP('',(#6762,#6763,#6764,#6765));
#6767=FACE_BOUND('',#6766,.T.);
#6768=ADVANCED_FACE('',(#6767),#6757,.F.);
#6769=CARTESIAN_POINT('',(-76.8,-30.3,0.499999));
#6770=CARTESIAN_POINT('',(-79.2,-30.3,0.499999));
#6771=CARTESIAN_POINT('',(-76.8,-32.7,0.499999));
#6772=CARTESIAN_POINT('',(-79.2,-32.7,0.499999));
#6773=B_SPLINE_SURFACE_WITH_KNOTS('',1,1,((#6769,#6770),(#6771,#6772)),.UNSPECIFIED.,.F.,.F.,.U.,(2,2),(2,2),(-0.0012,0.0012),(-0.0012,0.0012),.UNSPECIFIED.);
#6774=CARTESIAN_POINT('',(-78.,-32.7,0.499999));
#6775=VERTEX_POINT('',#6774);
#6776=CARTESIAN_POINT('',(-78.,-32.7,0.499999));
#6777=CARTESIAN_POINT('',(-79.2,-32.7,0.499999));
#6778=CARTESIAN_POINT('',(-79.2,-31.5,0.499999));
#6779=CARTESIAN_POINT('',(-79.2,-30.3,0.499999));
#6780=CARTESIAN_POINT('',(-78.,-30.3,0.499999));
#6781=CARTESIAN_POINT('',(-76.8,-30.3,0.499999));
#6782=CARTESIAN_POINT('',(-76.8,-31.5,0.499999));
#6783=CARTESIAN_POINT('',(-76.8,-32.7,0.499999));
#6784=CARTESIAN_POINT('',(-78.,-32.7,0.499999));
#6785=(BOUNDED_CURVE()
B_SPLINE_CURVE(2,(#6776,#6777,#6778,#6779,#6780,#6781,#6782,#6783,#6784),.UNSPECIFIED.,.T.,.F.)
B_SPLINE_CURVE_WITH_KNOTS((3,2,2,2,3),(0.,1.570796327,3.141592654,4.71238898,6.283185307),.UNSPECIFIED.)
CURVE()
GEOMETRIC_REPRESENTATION_ITEM()
RATIONAL_B_SPLINE_CURVE((1.,0.707106781,1.,0.707106781,1.,0.707106781,1.,0.707106781,1.))
REPRESENTATION_ITEM(''));
#6786=EDGE_CURVE('',#6775,#6775,#6785,.T.);
#6787=ORIENTED_EDGE('',*,*,#6786,.F.);
#6788=EDGE_LOOP('',(#6787));
#6789=FACE_BOUND('',#6788,.T.);
#6790=ADVANCED_FACE('',(#6789),#6773,.F.);
#6791=CARTESIAN_POINT('',(-78.,-32.7,0.499999));
#6792=CARTESIAN_POINT('',(-78.,-32.7,5.499999));
#6793=CARTESIAN_POINT('',(-75.921539031,-32.7,0.499999));
#6794=CARTESIAN_POINT('',(-75.921539031,-32.7,5.499999));
#6795=CARTESIAN_POINT('',(-76.960769515,-30.9,0.499999));
#6796=CARTESIAN_POINT('',(-76.960769515,-30.9,5.499999));
#6797=CARTESIAN_POINT('',(-78.,-29.1,0.499999));
#6798=CARTESIAN_POINT('',(-78.,-29.1,5.499999));
#6799=CARTESIAN_POINT('',(-79.039230485,-30.9,0.499999));
#6800=CARTESIAN_POINT('',(-79.039230485,-30.9,5.499999));
#6801=CARTESIAN_POINT('',(-80.078460969,-32.7,0.499999));
#6802=CARTESIAN_POINT('',(-80.078460969,-32.7,5.499999));
#6803=CARTESIAN_POINT('',(-78.,-32.7,0.499999));
#6804=CARTESIAN_POINT('',(-78.,-32.7,5.499999));
#6805=(BOUNDED_SURFACE()
B_SPLINE_SURFACE(2,1,((#6791,#6792),(#6793,#6794),(#6795,#6796),(#6797,#6798),(#6799,#6800),(#6801,#6802),(#6803,#6804)),.UNSPECIFIED.,.T.,.F.,.U.)
B_SPLINE_SURFACE_WITH_KNOTS((3,2,2,3),(2,2),(0.,2.094395102,4.188790205,6.283185307),(-0.,0.005),.UNSPECIFIED.)
GEOMETRIC_REPRESENTATION_ITEM()
RATIONAL_B_SPLINE_SURFACE(((1.,1.),(0.5,0.5),(1.,1.),(0.5,0.5),(1.,1.),(0.5,0.5),(1.,1.)))
REPRESENTATION_ITEM('')
SURFACE()
);
#6806=CARTESIAN_POINT('',(-78.,-32.7,5.499999));
#6807=CARTESIAN_POINT('',(-78.,-32.7,0.499999));
#6808=B_SPLINE_CURVE_WITH_KNOTS('',1,(#6806,#6807),.UNSPECIFIED.,.F.,.F.,(2,2),(0.,0.005),.UNSPECIFIED.);
#6809=EDGE_CURVE('',#4254,#6775,#6808,.T.);
#6810=ORIENTED_EDGE('',*,*,#6809,.F.);
#6811=ORIENTED_EDGE('',*,*,#4265,.T.);
#6812=ORIENTED_EDGE('',*,*,#6809,.T.);
#6813=ORIENTED_EDGE('',*,*,#6786,.T.);
#6814=EDGE_LOOP('',(#6810,#6811,#6812,#6813));
#6815=FACE_BOUND('',#6814,.T.);
#6816=ADVANCED_FACE('',(#6815),#6805,.F.);
#6817=CARTESIAN_POINT('',(-12.3,32.7,0.499999));
#6818=CARTESIAN_POINT('',(-14.7,32.7,0.499999));
#6819=CARTESIAN_POINT('',(-12.3,30.3,0.499999));
#6820=CARTESIAN_POINT('',(-14.7,30.3,0.499999));
#6821=B_SPLINE_SURFACE_WITH_KNOTS('',1,1,((#6817,#6818),(#6819,#6820)),.UNSPECIFIED.,.F.,.F.,.U.,(2,2),(2,2),(-0.0012,0.0012),(-0.0012,0.0012),.UNSPECIFIED.);
#6822=CARTESIAN_POINT('',(-13.5,30.3,0.499999));
#6823=VERTEX_POINT('',#6822);
#6824=CARTESIAN_POINT('',(-13.5,30.3,0.499999));
#6825=CARTESIAN_POINT('',(-14.7,30.3,0.499999));
#6826=CARTESIAN_POINT('',(-14.7,31.5,0.499999));
#6827=CARTESIAN_POINT('',(-14.7,32.7,0.499999));
#6828=CARTESIAN_POINT('',(-13.5,32.7,0.499999));
#6829=CARTESIAN_POINT('',(-12.3,32.7,0.499999));
#6830=CARTESIAN_POINT('',(-12.3,31.5,0.499999));
#6831=CARTESIAN_POINT('',(-12.3,30.3,0.499999));
#6832=CARTESIAN_POINT('',(-13.5,30.3,0.499999));
#6833=(BOUNDED_CURVE()
B_SPLINE_CURVE(2,(#6824,#6825,#6826,#6827,#6828,#6829,#6830,#6831,#6832),.UNSPECIFIED.,.T.,.F.)
B_SPLINE_CURVE_WITH_KNOTS((3,2,2,2,3),(0.,1.570796327,3.141592654,4.71238898,6.283185307),.UNSPECIFIED.)
CURVE()
GEOMETRIC_REPRESENTATION_ITEM()
RATIONAL_B_SPLINE_CURVE((1.,0.707106781,1.,0.707106781,1.,0.707106781,1.,0.707106781,1.))
REPRESENTATION_ITEM(''));
#6834=EDGE_CURVE('',#6823,#6823,#6833,.T.);
#6835=ORIENTED_EDGE('',*,*,#6834,.F.);
#6836=EDGE_LOOP('',(#6835));
#6837=FACE_BOUND('',#6836,.T.);
#6838=ADVANCED_FACE('',(#6837),#6821,.F.);
#6839=CARTESIAN_POINT('',(-13.5,30.3,0.499999));
#6840=CARTESIAN_POINT('',(-13.5,30.3,5.499999));
#6841=CARTESIAN_POINT('',(-11.421539031,30.3,0.499999));
#6842=CARTESIAN_POINT('',(-11.421539031,30.3,5.499999));
#6843=CARTESIAN_POINT('',(-12.460769515,32.1,0.499999));
#6844=CARTESIAN_POINT('',(-12.460769515,32.1,5.499999));
#6845=CARTESIAN_POINT('',(-13.5,33.9,0.499999));
#6846=CARTESIAN_POINT('',(-13.5,33.9,5.499999));
#6847=CARTESIAN_POINT('',(-14.539230485,32.1,0.499999));
#6848=CARTESIAN_POINT('',(-14.539230485,32.1,5.499999));
#6849=CARTESIAN_POINT('',(-15.578460969,30.3,0.499999));
#6850=CARTESIAN_POINT('',(-15.578460969,30.3,5.499999));
#6851=CARTESIAN_POINT('',(-13.5,30.3,0.499999));
#6852=CARTESIAN_POINT('',(-13.5,30.3,5.499999));
#6853=(BOUNDED_SURFACE()
B_SPLINE_SURFACE(2,1,((#6839,#6840),(#6841,#6842),(#6843,#6844),(#6845,#6846),(#6847,#6848),(#6849,#6850),(#6851,#6852)),.UNSPECIFIED.,.T.,.F.,.U.)
B_SPLINE_SURFACE_WITH_KNOTS((3,2,2,3),(2,2),(0.,2.094395102,4.188790205,6.283185307),(-0.,0.005),.UNSPECIFIED.)
GEOMETRIC_REPRESENTATION_ITEM()
RATIONAL_B_SPLINE_SURFACE(((1.,1.),(0.5,0.5),(1.,1.),(0.5,0.5),(1.,1.),(0.5,0.5),(1.,1.)))
REPRESENTATION_ITEM('')
SURFACE()
);
#6854=CARTESIAN_POINT('',(-13.5,30.3,5.499999));
#6855=CARTESIAN_POINT('',(-13.5,30.3,0.499999));
#6856=B_SPLINE_CURVE_WITH_KNOTS('',1,(#6854,#6855),.UNSPECIFIED.,.F.,.F.,(2,2),(0.,0.005),.UNSPECIFIED.);
#6857=EDGE_CURVE('',#4157,#6823,#6856,.T.);
#6858=ORIENTED_EDGE('',*,*,#6857,.F.);
#6859=ORIENTED_EDGE('',*,*,#4168,.T.);
#6860=ORIENTED_EDGE('',*,*,#6857,.T.);
#6861=ORIENTED_EDGE('',*,*,#6834,.T.);
#6862=EDGE_LOOP('',(#6858,#6859,#6860,#6861));
#6863=FACE_BOUND('',#6862,.T.);
#6864=ADVANCED_FACE('',(#6863),#6853,.F.);
#6865=CARTESIAN_POINT('',(23.33,-28.8,0.499999));
#6866=CARTESIAN_POINT('',(20.93,-28.8,0.499999));
#6867=CARTESIAN_POINT('',(23.33,-31.2,0.499999));
#6868=CARTESIAN_POINT('',(20.93,-31.2,0.499999));
#6869=B_SPLINE_SURFACE_WITH_KNOTS('',1,1,((#6865,#6866),(#6867,#6868)),.UNSPECIFIED.,.F.,.F.,.U.,(2,2),(2,2),(-0.0012,0.0012),(-0.0012,0.0012),.UNSPECIFIED.);
#6870=CARTESIAN_POINT('',(22.13,-31.2,0.499999));
#6871=VERTEX_POINT('',#6870);
#6872=CARTESIAN_POINT('',(22.13,-31.2,0.499999));
#6873=CARTESIAN_POINT('',(20.93,-31.2,0.499999));
#6874=CARTESIAN_POINT('',(20.93,-30.,0.499999));
#6875=CARTESIAN_POINT('',(20.93,-28.8,0.499999));
#6876=CARTESIAN_POINT('',(22.13,-28.8,0.499999));
#6877=CARTESIAN_POINT('',(23.33,-28.8,0.499999));
#6878=CARTESIAN_POINT('',(23.33,-30.,0.499999));
#6879=CARTESIAN_POINT('',(23.33,-31.2,0.499999));
#6880=CARTESIAN_POINT('',(22.13,-31.2,0.499999));
#6881=(BOUNDED_CURVE()
B_SPLINE_CURVE(2,(#6872,#6873,#6874,#6875,#6876,#6877,#6878,#6879,#6880),.UNSPECIFIED.,.T.,.F.)
B_SPLINE_CURVE_WITH_KNOTS((3,2,2,2,3),(0.,1.570796327,3.141592654,4.71238898,6.283185307),.UNSPECIFIED.)
CURVE()
GEOMETRIC_REPRESENTATION_ITEM()
RATIONAL_B_SPLINE_CURVE((1.,0.707106781,1.,0.707106781,1.,0.707106781,1.,0.707106781,1.))
REPRESENTATION_ITEM(''));
#6882=EDGE_CURVE('',#6871,#6871,#6881,.T.);
#6883=ORIENTED_EDGE('',*,*,#6882,.F.);
#6884=EDGE_LOOP('',(#6883));
#6885=FACE_BOUND('',#6884,.T.);
#6886=ADVANCED_FACE('',(#6885),#6869,.F.);
#6887=CARTESIAN_POINT('',(22.13,-31.2,0.499999));
#6888=CARTESIAN_POINT('',(22.13,-31.2,5.499999));
#6889=CARTESIAN_POINT('',(24.208460969,-31.2,0.499999));
#6890=CARTESIAN_POINT('',(24.208460969,-31.2,5.499999));
#6891=CARTESIAN_POINT('',(23.169230485,-29.4,0.499999));
#6892=CARTESIAN_POINT('',(23.169230485,-29.4,5.499999));
#6893=CARTESIAN_POINT('',(22.13,-27.6,0.499999));
#6894=CARTESIAN_POINT('',(22.13,-27.6,5.499999));
#6895=CARTESIAN_POINT('',(21.090769515,-29.4,0.499999));
#6896=CARTESIAN_POINT('',(21.090769515,-29.4,5.499999));
#6897=CARTESIAN_POINT('',(20.051539031,-31.2,0.499999));
#6898=CARTESIAN_POINT('',(20.051539031,-31.2,5.499999));
#6899=CARTESIAN_POINT('',(22.13,-31.2,0.499999));
#6900=CARTESIAN_POINT('',(22.13,-31.2,5.499999));
#6901=(BOUNDED_SURFACE()
B_SPLINE_SURFACE(2,1,((#6887,#6888),(#6889,#6890),(#6891,#6892),(#6893,#6894),(#6895,#6896),(#6897,#6898),(#6899,#6900)),.UNSPECIFIED.,.T.,.F.,.U.)
B_SPLINE_SURFACE_WITH_KNOTS((3,2,2,3),(2,2),(0.,2.094395102,4.188790205,6.283185307),(-0.,0.005),.UNSPECIFIED.)
GEOMETRIC_REPRESENTATION_ITEM()
RATIONAL_B_SPLINE_SURFACE(((1.,1.),(0.5,0.5),(1.,1.),(0.5,0.5),(1.,1.),(0.5,0.5),(1.,1.)))
REPRESENTATION_ITEM('')
SURFACE()
);
#6902=CARTESIAN_POINT('',(22.13,-31.2,5.499999));
#6903=CARTESIAN_POINT('',(22.13,-31.2,0.499999));
#6904=B_SPLINE_CURVE_WITH_KNOTS('',1,(#6902,#6903),.UNSPECIFIED.,.F.,.F.,(2,2),(0.,0.005),.UNSPECIFIED.);
#6905=EDGE_CURVE('',#4060,#6871,#6904,.T.);
#6906=ORIENTED_EDGE('',*,*,#6905,.F.);
#6907=ORIENTED_EDGE('',*,*,#4071,.T.);
#6908=ORIENTED_EDGE('',*,*,#6905,.T.);
#6909=ORIENTED_EDGE('',*,*,#6882,.T.);
#6910=EDGE_LOOP('',(#6906,#6907,#6908,#6909));
#6911=FACE_BOUND('',#6910,.T.);
#6912=ADVANCED_FACE('',(#6911),#6901,.F.);
#6913=CARTESIAN_POINT('',(42.7,-28.8,0.499999));
#6914=CARTESIAN_POINT('',(40.3,-28.8,0.499999));
#6915=CARTESIAN_POINT('',(42.7,-31.2,0.499999));
#6916=CARTESIAN_POINT('',(40.3,-31.2,0.499999));
#6917=B_SPLINE_SURFACE_WITH_KNOTS('',1,1,((#6913,#6914),(#6915,#6916)),.UNSPECIFIED.,.F.,.F.,.U.,(2,2),(2,2),(-0.0012,0.0012),(-0.0012,0.0012),.UNSPECIFIED.);
#6918=CARTESIAN_POINT('',(41.5,-31.2,0.499999));
#6919=VERTEX_POINT('',#6918);
#6920=CARTESIAN_POINT('',(41.5,-31.2,0.499999));
#6921=CARTESIAN_POINT('',(40.3,-31.2,0.499999));
#6922=CARTESIAN_POINT('',(40.3,-30.,0.499999));
#6923=CARTESIAN_POINT('',(40.3,-28.8,0.499999));
#6924=CARTESIAN_POINT('',(41.5,-28.8,0.499999));
#6925=CARTESIAN_POINT('',(42.7,-28.8,0.499999));
#6926=CARTESIAN_POINT('',(42.7,-30.,0.499999));
#6927=CARTESIAN_POINT('',(42.7,-31.2,0.499999));
#6928=CARTESIAN_POINT('',(41.5,-31.2,0.499999));
#6929=(BOUNDED_CURVE()
B_SPLINE_CURVE(2,(#6920,#6921,#6922,#6923,#6924,#6925,#6926,#6927,#6928),.UNSPECIFIED.,.T.,.F.)
B_SPLINE_CURVE_WITH_KNOTS((3,2,2,2,3),(0.,1.570796327,3.141592654,4.71238898,6.283185307),.UNSPECIFIED.)
CURVE()
GEOMETRIC_REPRESENTATION_ITEM()
RATIONAL_B_SPLINE_CURVE((1.,0.707106781,1.,0.707106781,1.,0.707106781,1.,0.707106781,1.))
REPRESENTATION_ITEM(''));
#6930=EDGE_CURVE('',#6919,#6919,#6929,.T.);
#6931=ORIENTED_EDGE('',*,*,#6930,.F.);
#6932=EDGE_LOOP('',(#6931));
#6933=FACE_BOUND('',#6932,.T.);
#6934=ADVANCED_FACE('',(#6933),#6917,.F.);
#6935=CARTESIAN_POINT('',(41.5,-31.2,0.499999));
#6936=CARTESIAN_POINT('',(41.5,-31.2,5.499999));
#6937=CARTESIAN_POINT('',(43.578460969,-31.2,0.499999));
#6938=CARTESIAN_POINT('',(43.578460969,-31.2,5.499999));
#6939=CARTESIAN_POINT('',(42.539230485,-29.4,0.499999));
#6940=CARTESIAN_POINT('',(42.539230485,-29.4,5.499999));
#6941=CARTESIAN_POINT('',(41.5,-27.6,0.499999));
#6942=CARTESIAN_POINT('',(41.5,-27.6,5.499999));
#6943=CARTESIAN_POINT('',(40.460769515,-29.4,0.499999));
#6944=CARTESIAN_POINT('',(40.460769515,-29.4,5.499999));
#6945=CARTESIAN_POINT('',(39.421539031,-31.2,0.499999));
#6946=CARTESIAN_POINT('',(39.421539031,-31.2,5.499999));
#6947=CARTESIAN_POINT('',(41.5,-31.2,0.499999));
#6948=CARTESIAN_POINT('',(41.5,-31.2,5.499999));
#6949=(BOUNDED_SURFACE()
B_SPLINE_SURFACE(2,1,((#6935,#6936),(#6937,#6938),(#6939,#6940),(#6941,#6942),(#6943,#6944),(#6945,#6946),(#6947,#6948)),.UNSPECIFIED.,.T.,.F.,.U.)
B_SPLINE_SURFACE_WITH_KNOTS((3,2,2,3),(2,2),(0.,2.094395102,4.188790205,6.283185307),(-0.,0.005),.UNSPECIFIED.)
GEOMETRIC_REPRESENTATION_ITEM()
RATIONAL_B_SPLINE_SURFACE(((1.,1.),(0.5,0.5),(1.,1.),(0.5,0.5),(1.,1.),(0.5,0.5),(1.,1.)))
REPRESENTATION_ITEM('')
SURFACE()
);
#6950=CARTESIAN_POINT('',(41.5,-31.2,5.499999));
#6951=CARTESIAN_POINT('',(41.5,-31.2,0.499999));
#6952=B_SPLINE_CURVE_WITH_KNOTS('',1,(#6950,#6951),.UNSPECIFIED.,.F.,.F.,(2,2),(0.,0.005),.UNSPECIFIED.);
#6953=EDGE_CURVE('',#3963,#6919,#6952,.T.);
#6954=ORIENTED_EDGE('',*,*,#6953,.F.);
#6955=ORIENTED_EDGE('',*,*,#3974,.T.);
#6956=ORIENTED_EDGE('',*,*,#6953,.T.);
#6957=ORIENTED_EDGE('',*,*,#6930,.T.);
#6958=EDGE_LOOP('',(#6954,#6955,#6956,#6957));
#6959=FACE_BOUND('',#6958,.T.);
#6960=ADVANCED_FACE('',(#6959),#6949,.F.);
#6961=CARTESIAN_POINT('',(18.5,23.2,0.499999));
#6962=CARTESIAN_POINT('',(16.1,23.2,0.499999));
#6963=CARTESIAN_POINT('',(18.5,20.8,0.499999));
#6964=CARTESIAN_POINT('',(16.1,20.8,0.499999));
#6965=B_SPLINE_SURFACE_WITH_KNOTS('',1,1,((#6961,#6962),(#6963,#6964)),.UNSPECIFIED.,.F.,.F.,.U.,(2,2),(2,2),(-0.0012,0.0012),(-0.0012,0.0012),.UNSPECIFIED.);
#6966=CARTESIAN_POINT('',(17.3,20.8,0.499999));
#6967=VERTEX_POINT('',#6966);
#6968=CARTESIAN_POINT('',(17.3,20.8,0.499999));
#6969=CARTESIAN_POINT('',(16.1,20.8,0.499999));
#6970=CARTESIAN_POINT('',(16.1,22.,0.499999));
#6971=CARTESIAN_POINT('',(16.1,23.2,0.499999));
#6972=CARTESIAN_POINT('',(17.3,23.2,0.499999));
#6973=CARTESIAN_POINT('',(18.5,23.2,0.499999));
#6974=CARTESIAN_POINT('',(18.5,22.,0.499999));
#6975=CARTESIAN_POINT('',(18.5,20.8,0.499999));
#6976=CARTESIAN_POINT('',(17.3,20.8,0.499999));
#6977=(BOUNDED_CURVE()
B_SPLINE_CURVE(2,(#6968,#6969,#6970,#6971,#6972,#6973,#6974,#6975,#6976),.UNSPECIFIED.,.T.,.F.)
B_SPLINE_CURVE_WITH_KNOTS((3,2,2,2,3),(0.,1.570796327,3.141592654,4.71238898,6.283185307),.UNSPECIFIED.)
CURVE()
GEOMETRIC_REPRESENTATION_ITEM()
RATIONAL_B_SPLINE_CURVE((1.,0.707106781,1.,0.707106781,1.,0.707106781,1.,0.707106781,1.))
REPRESENTATION_ITEM(''));
#6978=EDGE_CURVE('',#6967,#6967,#6977,.T.);
#6979=ORIENTED_EDGE('',*,*,#6978,.F.);
#6980=EDGE_LOOP('',(#6979));
#6981=FACE_BOUND('',#6980,.T.);
#6982=ADVANCED_FACE('',(#6981),#6965,.F.);
#6983=CARTESIAN_POINT('',(17.3,20.8,0.499999));
#6984=CARTESIAN_POINT('',(17.3,20.8,5.499999));
#6985=CARTESIAN_POINT('',(19.378460969,20.8,0.499999));
#6986=CARTESIAN_POINT('',(19.378460969,20.8,5.499999));
#6987=CARTESIAN_POINT('',(18.339230485,22.6,0.499999));
#6988=CARTESIAN_POINT('',(18.339230485,22.6,5.499999));
#6989=CARTESIAN_POINT('',(17.3,24.4,0.499999));
#6990=CARTESIAN_POINT('',(17.3,24.4,5.499999));
#6991=CARTESIAN_POINT('',(16.260769515,22.6,0.499999));
#6992=CARTESIAN_POINT('',(16.260769515,22.6,5.499999));
#6993=CARTESIAN_POINT('',(15.221539031,20.8,0.499999));
#6994=CARTESIAN_POINT('',(15.221539031,20.8,5.499999));
#6995=CARTESIAN_POINT('',(17.3,20.8,0.499999));
#6996=CARTESIAN_POINT('',(17.3,20.8,5.499999));
#6997=(BOUNDED_SURFACE()
B_SPLINE_SURFACE(2,1,((#6983,#6984),(#6985,#6986),(#6987,#6988),(#6989,#6990),(#6991,#6992),(#6993,#6994),(#6995,#6996)),.UNSPECIFIED.,.T.,.F.,.U.)
B_SPLINE_SURFACE_WITH_KNOTS((3,2,2,3),(2,2),(0.,2.094395102,4.188790205,6.283185307),(-0.,0.005),.UNSPECIFIED.)
GEOMETRIC_REPRESENTATION_ITEM()
RATIONAL_B_SPLINE_SURFACE(((1.,1.),(0.5,0.5),(1.,1.),(0.5,0.5),(1.,1.),(0.5,0.5),(1.,1.)))
REPRESENTATION_ITEM('')
SURFACE()
);
#6998=CARTESIAN_POINT('',(17.3,20.8,5.499999));
#6999=CARTESIAN_POINT('',(17.3,20.8,0.499999));
#7000=B_SPLINE_CURVE_WITH_KNOTS('',1,(#6998,#6999),.UNSPECIFIED.,.F.,.F.,(2,2),(0.,0.005),.UNSPECIFIED.);
#7001=EDGE_CURVE('',#3857,#6967,#7000,.T.);
#7002=ORIENTED_EDGE('',*,*,#7001,.F.);
#7003=ORIENTED_EDGE('',*,*,#3868,.T.);
#7004=ORIENTED_EDGE('',*,*,#7001,.T.);
#7005=ORIENTED_EDGE('',*,*,#6978,.T.);
#7006=EDGE_LOOP('',(#7002,#7003,#7004,#7005));
#7007=FACE_BOUND('',#7006,.T.);
#7008=ADVANCED_FACE('',(#7007),#6997,.F.);
#7009=CARTESIAN_POINT('',(66.9,22.2,0.499999));
#7010=CARTESIAN_POINT('',(64.5,22.2,0.499999));
#7011=CARTESIAN_POINT('',(66.9,19.8,0.499999));
#7012=CARTESIAN_POINT('',(64.5,19.8,0.499999));
#7013=B_SPLINE_SURFACE_WITH_KNOTS('',1,1,((#7009,#7010),(#7011,#7012)),.UNSPECIFIED.,.F.,.F.,.U.,(2,2),(2,2),(-0.0012,0.0012),(-0.0012,0.0012),.UNSPECIFIED.);
#7014=CARTESIAN_POINT('',(65.7,19.8,0.499999));
#7015=VERTEX_POINT('',#7014);
#7016=CARTESIAN_POINT('',(65.7,19.8,0.499999));
#7017=CARTESIAN_POINT('',(64.5,19.8,0.499999));
#7018=CARTESIAN_POINT('',(64.5,21.,0.499999));
#7019=CARTESIAN_POINT('',(64.5,22.2,0.499999));
#7020=CARTESIAN_POINT('',(65.7,22.2,0.499999));
#7021=CARTESIAN_POINT('',(66.9,22.2,0.499999));
#7022=CARTESIAN_POINT('',(66.9,21.,0.499999));
#7023=CARTESIAN_POINT('',(66.9,19.8,0.499999));
#7024=CARTESIAN_POINT('',(65.7,19.8,0.499999));
#7025=(BOUNDED_CURVE()
B_SPLINE_CURVE(2,(#7016,#7017,#7018,#7019,#7020,#7021,#7022,#7023,#7024),.UNSPECIFIED.,.T.,.F.)
B_SPLINE_CURVE_WITH_KNOTS((3,2,2,2,3),(0.,1.570796327,3.141592654,4.71238898,6.283185307),.UNSPECIFIED.)
CURVE()
GEOMETRIC_REPRESENTATION_ITEM()
RATIONAL_B_SPLINE_CURVE((1.,0.707106781,1.,0.707106781,1.,0.707106781,1.,0.707106781,1.))
REPRESENTATION_ITEM(''));
#7026=EDGE_CURVE('',#7015,#7015,#7025,.T.);
#7027=ORIENTED_EDGE('',*,*,#7026,.F.);
#7028=EDGE_LOOP('',(#7027));
#7029=FACE_BOUND('',#7028,.T.);
#7030=ADVANCED_FACE('',(#7029),#7013,.F.);
#7031=CARTESIAN_POINT('',(65.7,19.8,0.499999));
#7032=CARTESIAN_POINT('',(65.7,19.8,5.499999));
#7033=CARTESIAN_POINT('',(67.778460969,19.8,0.499999));
#7034=CARTESIAN_POINT('',(67.778460969,19.8,5.499999));
#7035=CARTESIAN_POINT('',(66.739230485,21.6,0.499999));
#7036=CARTESIAN_POINT('',(66.739230485,21.6,5.499999));
#7037=CARTESIAN_POINT('',(65.7,23.4,0.499999));
#7038=CARTESIAN_POINT('',(65.7,23.4,5.499999));
#7039=CARTESIAN_POINT('',(64.660769515,21.6,0.499999));
#7040=CARTESIAN_POINT('',(64.660769515,21.6,5.499999));
#7041=CARTESIAN_POINT('',(63.621539031,19.8,0.499999));
#7042=CARTESIAN_POINT('',(63.621539031,19.8,5.499999));
#7043=CARTESIAN_POINT('',(65.7,19.8,0.499999));
#7044=CARTESIAN_POINT('',(65.7,19.8,5.499999));
#7045=(BOUNDED_SURFACE()
B_SPLINE_SURFACE(2,1,((#7031,#7032),(#7033,#7034),(#7035,#7036),(#7037,#7038),(#7039,#7040),(#7041,#7042),(#7043,#7044)),.UNSPECIFIED.,.T.,.F.,.U.)
B_SPLINE_SURFACE_WITH_KNOTS((3,2,2,3),(2,2),(0.,2.094395102,4.188790205,6.283185307),(-0.,0.005),.UNSPECIFIED.)
GEOMETRIC_REPRESENTATION_ITEM()
RATIONAL_B_SPLINE_SURFACE(((1.,1.),(0.5,0.5),(1.,1.),(0.5,0.5),(1.,1.),(0.5,0.5),(1.,1.)))
REPRESENTATION_ITEM('')
SURFACE()
);
#7046=CARTESIAN_POINT('',(65.7,19.8,5.499999));
#7047=CARTESIAN_POINT('',(65.7,19.8,0.499999));
#7048=B_SPLINE_CURVE_WITH_KNOTS('',1,(#7046,#7047),.UNSPECIFIED.,.F.,.F.,(2,2),(0.,0.005),.UNSPECIFIED.);
#7049=EDGE_CURVE('',#3779,#7015,#7048,.T.);
#7050=ORIENTED_EDGE('',*,*,#7049,.F.);
#7051=ORIENTED_EDGE('',*,*,#3790,.T.);
#7052=ORIENTED_EDGE('',*,*,#7049,.T.);
#7053=ORIENTED_EDGE('',*,*,#7026,.T.);
#7054=EDGE_LOOP('',(#7050,#7051,#7052,#7053));
#7055=FACE_BOUND('',#7054,.T.);
#7056=ADVANCED_FACE('',(#7055),#7045,.F.);
#7057=CARTESIAN_POINT('',(-12.3,-31.3,0.499999));
#7058=CARTESIAN_POINT('',(-14.7,-31.3,0.499999));
#7059=CARTESIAN_POINT('',(-12.3,-33.7,0.499999));
#7060=CARTESIAN_POINT('',(-14.7,-33.7,0.499999));
#7061=B_SPLINE_SURFACE_WITH_KNOTS('',1,1,((#7057,#7058),(#7059,#7060)),.UNSPECIFIED.,.F.,.F.,.U.,(2,2),(2,2),(-0.0012,0.0012),(-0.0012,0.0012),.UNSPECIFIED.);
#7062=CARTESIAN_POINT('',(-13.5,-33.7,0.499999));
#7063=VERTEX_POINT('',#7062);
#7064=CARTESIAN_POINT('',(-13.5,-33.7,0.499999));
#7065=CARTESIAN_POINT('',(-14.7,-33.7,0.499999));
#7066=CARTESIAN_POINT('',(-14.7,-32.5,0.499999));
#7067=CARTESIAN_POINT('',(-14.7,-31.3,0.499999));
#7068=CARTESIAN_POINT('',(-13.5,-31.3,0.499999));
#7069=CARTESIAN_POINT('',(-12.3,-31.3,0.499999));
#7070=CARTESIAN_POINT('',(-12.3,-32.5,0.499999));
#7071=CARTESIAN_POINT('',(-12.3,-33.7,0.499999));
#7072=CARTESIAN_POINT('',(-13.5,-33.7,0.499999));
#7073=(BOUNDED_CURVE()
B_SPLINE_CURVE(2,(#7064,#7065,#7066,#7067,#7068,#7069,#7070,#7071,#7072),.UNSPECIFIED.,.T.,.F.)
B_SPLINE_CURVE_WITH_KNOTS((3,2,2,2,3),(0.,1.570796327,3.141592654,4.71238898,6.283185307),.UNSPECIFIED.)
CURVE()
GEOMETRIC_REPRESENTATION_ITEM()
RATIONAL_B_SPLINE_CURVE((1.,0.707106781,1.,0.707106781,1.,0.707106781,1.,0.707106781,1.))
REPRESENTATION_ITEM(''));
#7074=EDGE_CURVE('',#7063,#7063,#7073,.T.);
#7075=ORIENTED_EDGE('',*,*,#7074,.F.);
#7076=EDGE_LOOP('',(#7075));
#7077=FACE_BOUND('',#7076,.T.);
#7078=ADVANCED_FACE('',(#7077),#7061,.F.);
#7079=CARTESIAN_POINT('',(-13.5,-33.7,0.499999));
#7080=CARTESIAN_POINT('',(-13.5,-33.7,5.499999));
#7081=CARTESIAN_POINT('',(-11.421539031,-33.7,0.499999));
#7082=CARTESIAN_POINT('',(-11.421539031,-33.7,5.499999));
#7083=CARTESIAN_POINT('',(-12.460769515,-31.9,0.499999));
#7084=CARTESIAN_POINT('',(-12.460769515,-31.9,5.499999));
#7085=CARTESIAN_POINT('',(-13.5,-30.1,0.499999));
#7086=CARTESIAN_POINT('',(-13.5,-30.1,5.499999));
#7087=CARTESIAN_POINT('',(-14.539230485,-31.9,0.499999));
#7088=CARTESIAN_POINT('',(-14.539230485,-31.9,5.499999));
#7089=CARTESIAN_POINT('',(-15.578460969,-33.7,0.499999));
#7090=CARTESIAN_POINT('',(-15.578460969,-33.7,5.499999));
#7091=CARTESIAN_POINT('',(-13.5,-33.7,0.499999));
#7092=CARTESIAN_POINT('',(-13.5,-33.7,5.499999));
#7093=(BOUNDED_SURFACE()
B_SPLINE_SURFACE(2,1,((#7079,#7080),(#7081,#7082),(#7083,#7084),(#7085,#7086),(#7087,#7088),(#7089,#7090),(#7091,#7092)),.UNSPECIFIED.,.T.,.F.,.U.)
B_SPLINE_SURFACE_WITH_KNOTS((3,2,2,3),(2,2),(0.,2.094395102,4.188790205,6.283185307),(-0.,0.005),.UNSPECIFIED.)
GEOMETRIC_REPRESENTATION_ITEM()
RATIONAL_B_SPLINE_SURFACE(((1.,1.),(0.5,0.5),(1.,1.),(0.5,0.5),(1.,1.),(0.5,0.5),(1.,1.)))
REPRESENTATION_ITEM('')
SURFACE()
);
#7094=CARTESIAN_POINT('',(-13.5,-33.7,5.499999));
#7095=CARTESIAN_POINT('',(-13.5,-33.7,0.499999));
#7096=B_SPLINE_CURVE_WITH_KNOTS('',1,(#7094,#7095),.UNSPECIFIED.,.F.,.F.,(2,2),(0.,0.005),.UNSPECIFIED.);
#7097=EDGE_CURVE('',#3710,#7063,#7096,.T.);
#7098=ORIENTED_EDGE('',*,*,#7097,.F.);
#7099=ORIENTED_EDGE('',*,*,#3721,.T.);
#7100=ORIENTED_EDGE('',*,*,#7097,.T.);
#7101=ORIENTED_EDGE('',*,*,#7074,.T.);
#7102=EDGE_LOOP('',(#7098,#7099,#7100,#7101));
#7103=FACE_BOUND('',#7102,.T.);
#7104=ADVANCED_FACE('',(#7103),#7093,.F.);
#7105=CARTESIAN_POINT('',(-12.3,3.7,0.499999));
#7106=CARTESIAN_POINT('',(-14.7,3.7,0.499999));
#7107=CARTESIAN_POINT('',(-12.3,1.3,0.499999));
#7108=CARTESIAN_POINT('',(-14.7,1.3,0.499999));
#7109=B_SPLINE_SURFACE_WITH_KNOTS('',1,1,((#7105,#7106),(#7107,#7108)),.UNSPECIFIED.,.F.,.F.,.U.,(2,2),(2,2),(-0.0012,0.0012),(-0.0012,0.0012),.UNSPECIFIED.);
#7110=CARTESIAN_POINT('',(-13.5,1.3,0.499999));
#7111=VERTEX_POINT('',#7110);
#7112=CARTESIAN_POINT('',(-13.5,1.3,0.499999));
#7113=CARTESIAN_POINT('',(-14.7,1.3,0.499999));
#7114=CARTESIAN_POINT('',(-14.7,2.5,0.499999));
#7115=CARTESIAN_POINT('',(-14.7,3.7,0.499999));
#7116=CARTESIAN_POINT('',(-13.5,3.7,0.499999));
#7117=CARTESIAN_POINT('',(-12.3,3.7,0.499999));
#7118=CARTESIAN_POINT('',(-12.3,2.5,0.499999));
#7119=CARTESIAN_POINT('',(-12.3,1.3,0.499999));
#7120=CARTESIAN_POINT('',(-13.5,1.3,0.499999));
#7121=(BOUNDED_CURVE()
B_SPLINE_CURVE(2,(#7112,#7113,#7114,#7115,#7116,#7117,#7118,#7119,#7120),.UNSPECIFIED.,.T.,.F.)
B_SPLINE_CURVE_WITH_KNOTS((3,2,2,2,3),(0.,1.570796327,3.141592654,4.71238898,6.283185307),.UNSPECIFIED.)
CURVE()
GEOMETRIC_REPRESENTATION_ITEM()
RATIONAL_B_SPLINE_CURVE((1.,0.707106781,1.,0.707106781,1.,0.707106781,1.,0.707106781,1.))
REPRESENTATION_ITEM(''));
#7122=EDGE_CURVE('',#7111,#7111,#7121,.T.);
#7123=ORIENTED_EDGE('',*,*,#7122,.F.);
#7124=EDGE_LOOP('',(#7123));
#7125=FACE_BOUND('',#7124,.T.);
#7126=ADVANCED_FACE('',(#7125),#7109,.F.);
#7127=CARTESIAN_POINT('',(-13.5,1.3,0.499999));
#7128=CARTESIAN_POINT('',(-13.5,1.3,5.499999));
#7129=CARTESIAN_POINT('',(-11.421539031,1.3,0.499999));
#7130=CARTESIAN_POINT('',(-11.421539031,1.3,5.499999));
#7131=CARTESIAN_POINT('',(-12.460769515,3.1,0.499999));
#7132=CARTESIAN_POINT('',(-12.460769515,3.1,5.499999));
#7133=CARTESIAN_POINT('',(-13.5,4.9,0.499999));
#7134=CARTESIAN_POINT('',(-13.5,4.9,5.499999));
#7135=CARTESIAN_POINT('',(-14.539230485,3.1,0.499999));
#7136=CARTESIAN_POINT('',(-14.539230485,3.1,5.499999));
#7137=CARTESIAN_POINT('',(-15.578460969,1.3,0.499999));
#7138=CARTESIAN_POINT('',(-15.578460969,1.3,5.499999));
#7139=CARTESIAN_POINT('',(-13.5,1.3,0.499999));
#7140=CARTESIAN_POINT('',(-13.5,1.3,5.499999));
#7141=(BOUNDED_SURFACE()
B_SPLINE_SURFACE(2,1,((#7127,#7128),(#7129,#7130),(#7131,#7132),(#7133,#7134),(#7135,#7136),(#7137,#7138),(#7139,#7140)),.UNSPECIFIED.,.T.,.F.,.U.)
B_SPLINE_SURFACE_WITH_KNOTS((3,2,2,3),(2,2),(0.,2.094395102,4.188790205,6.283185307),(-0.,0.005),.UNSPECIFIED.)
GEOMETRIC_REPRESENTATION_ITEM()
RATIONAL_B_SPLINE_SURFACE(((1.,1.),(0.5,0.5),(1.,1.),(0.5,0.5),(1.,1.),(0.5,0.5),(1.,1.)))
REPRESENTATION_ITEM('')
SURFACE()
);
#7142=CARTESIAN_POINT('',(-13.5,1.3,5.499999));
#7143=CARTESIAN_POINT('',(-13.5,1.3,0.499999));
#7144=B_SPLINE_CURVE_WITH_KNOTS('',1,(#7142,#7143),.UNSPECIFIED.,.F.,.F.,(2,2),(0.,0.005),.UNSPECIFIED.);
#7145=EDGE_CURVE('',#3613,#7111,#7144,.T.);
#7146=ORIENTED_EDGE('',*,*,#7145,.F.);
#7147=ORIENTED_EDGE('',*,*,#3624,.T.);
#7148=ORIENTED_EDGE('',*,*,#7145,.T.);
#7149=ORIENTED_EDGE('',*,*,#7122,.T.);
#7150=EDGE_LOOP('',(#7146,#7147,#7148,#7149));
#7151=FACE_BOUND('',#7150,.T.);
#7152=ADVANCED_FACE('',(#7151),#7141,.F.);
#7153=CARTESIAN_POINT('',(-12.3,-2.3,0.499999));
#7154=CARTESIAN_POINT('',(-14.7,-2.3,0.499999));
#7155=CARTESIAN_POINT('',(-12.3,-4.7,0.499999));
#7156=CARTESIAN_POINT('',(-14.7,-4.7,0.499999));
#7157=B_SPLINE_SURFACE_WITH_KNOTS('',1,1,((#7153,#7154),(#7155,#7156)),.UNSPECIFIED.,.F.,.F.,.U.,(2,2),(2,2),(-0.0012,0.0012),(-0.0012,0.0012),.UNSPECIFIED.);
#7158=CARTESIAN_POINT('',(-13.5,-4.7,0.499999));
#7159=VERTEX_POINT('',#7158);
#7160=CARTESIAN_POINT('',(-13.5,-4.7,0.499999));
#7161=CARTESIAN_POINT('',(-14.7,-4.7,0.499999));
#7162=CARTESIAN_POINT('',(-14.7,-3.5,0.499999));
#7163=CARTESIAN_POINT('',(-14.7,-2.3,0.499999));
#7164=CARTESIAN_POINT('',(-13.5,-2.3,0.499999));
#7165=CARTESIAN_POINT('',(-12.3,-2.3,0.499999));
#7166=CARTESIAN_POINT('',(-12.3,-3.5,0.499999));
#7167=CARTESIAN_POINT('',(-12.3,-4.7,0.499999));
#7168=CARTESIAN_POINT('',(-13.5,-4.7,0.499999));
#7169=(BOUNDED_CURVE()
B_SPLINE_CURVE(2,(#7160,#7161,#7162,#7163,#7164,#7165,#7166,#7167,#7168),.UNSPECIFIED.,.T.,.F.)
B_SPLINE_CURVE_WITH_KNOTS((3,2,2,2,3),(0.,1.570796327,3.141592654,4.71238898,6.283185307),.UNSPECIFIED.)
CURVE()
GEOMETRIC_REPRESENTATION_ITEM()
RATIONAL_B_SPLINE_CURVE((1.,0.707106781,1.,0.707106781,1.,0.707106781,1.,0.707106781,1.))
REPRESENTATION_ITEM(''));
#7170=EDGE_CURVE('',#7159,#7159,#7169,.T.);
#7171=ORIENTED_EDGE('',*,*,#7170,.F.);
#7172=EDGE_LOOP('',(#7171));
#7173=FACE_BOUND('',#7172,.T.);
#7174=ADVANCED_FACE('',(#7173),#7157,.F.);
#7175=CARTESIAN_POINT('',(-13.5,-4.7,0.499999));
#7176=CARTESIAN_POINT('',(-13.5,-4.7,5.499999));
#7177=CARTESIAN_POINT('',(-11.421539031,-4.7,0.499999));
#7178=CARTESIAN_POINT('',(-11.421539031,-4.7,5.499999));
#7179=CARTESIAN_POINT('',(-12.460769515,-2.9,0.499999));
#7180=CARTESIAN_POINT('',(-12.460769515,-2.9,5.499999));
#7181=CARTESIAN_POINT('',(-13.5,-1.1,0.499999));
#7182=CARTESIAN_POINT('',(-13.5,-1.1,5.499999));
#7183=CARTESIAN_POINT('',(-14.539230485,-2.9,0.499999));
#7184=CARTESIAN_POINT('',(-14.539230485,-2.9,5.499999));
#7185=CARTESIAN_POINT('',(-15.578460969,-4.7,0.499999));
#7186=CARTESIAN_POINT('',(-15.578460969,-4.7,5.499999));
#7187=CARTESIAN_POINT('',(-13.5,-4.7,0.499999));
#7188=CARTESIAN_POINT('',(-13.5,-4.7,5.499999));
#7189=(BOUNDED_SURFACE()
B_SPLINE_SURFACE(2,1,((#7175,#7176),(#7177,#7178),(#7179,#7180),(#7181,#7182),(#7183,#7184),(#7185,#7186),(#7187,#7188)),.UNSPECIFIED.,.T.,.F.,.U.)
B_SPLINE_SURFACE_WITH_KNOTS((3,2,2,3),(2,2),(0.,2.094395102,4.188790205,6.283185307),(-0.,0.005),.UNSPECIFIED.)
GEOMETRIC_REPRESENTATION_ITEM()
RATIONAL_B_SPLINE_SURFACE(((1.,1.),(0.5,0.5),(1.,1.),(0.5,0.5),(1.,1.),(0.5,0.5),(1.,1.)))
REPRESENTATION_ITEM('')
SURFACE()
);
#7190=CARTESIAN_POINT('',(-13.5,-4.7,5.499999));
#7191=CARTESIAN_POINT('',(-13.5,-4.7,0.499999));
#7192=B_SPLINE_CURVE_WITH_KNOTS('',1,(#7190,#7191),.UNSPECIFIED.,.F.,.F.,(2,2),(0.,0.005),.UNSPECIFIED.);
#7193=EDGE_CURVE('',#3597,#7159,#7192,.T.);
#7194=ORIENTED_EDGE('',*,*,#7193,.F.);
#7195=ORIENTED_EDGE('',*,*,#3608,.T.);
#7196=ORIENTED_EDGE('',*,*,#7193,.T.);
#7197=ORIENTED_EDGE('',*,*,#7170,.T.);
#7198=EDGE_LOOP('',(#7194,#7195,#7196,#7197));
#7199=FACE_BOUND('',#7198,.T.);
#7200=ADVANCED_FACE('',(#7199),#7189,.F.);
#7201=CARTESIAN_POINT('',(0.,40.,0.));
#7202=CARTESIAN_POINT('',(0.,40.,2.5));
#7203=CARTESIAN_POINT('',(0.,60.5,0.));
#7204=CARTESIAN_POINT('',(0.,60.5,2.5));
#7205=B_SPLINE_SURFACE_WITH_KNOTS('',1,1,((#7201,#7202),(#7203,#7204)),.UNSPECIFIED.,.F.,.F.,.U.,(2,2),(2,2),(-0.0205,0.),(-0.0025,0.),.UNSPECIFIED.);
#7206=CARTESIAN_POINT('',(0.,60.5,2.5));
#7207=VERTEX_POINT('',#7206);
#7208=CARTESIAN_POINT('',(0.,40.,2.5));
#7209=VERTEX_POINT('',#7208);
#7210=CARTESIAN_POINT('',(0.,60.5,2.5));
#7211=CARTESIAN_POINT('',(0.,40.,2.5));
#7212=B_SPLINE_CURVE_WITH_KNOTS('',1,(#7210,#7211),.UNSPECIFIED.,.F.,.F.,(2,2),(0.,0.0205),.UNSPECIFIED.);
#7213=EDGE_CURVE('',#7207,#7209,#7212,.T.);
#7214=ORIENTED_EDGE('',*,*,#7213,.T.);
#7215=CARTESIAN_POINT('',(0.,40.,2.5));
#7216=CARTESIAN_POINT('',(0.,40.,0.));
#7217=B_SPLINE_CURVE_WITH_KNOTS('',1,(#7215,#7216),.UNSPECIFIED.,.F.,.F.,(2,2),(-0.0025,0.),.UNSPECIFIED.);
#7218=EDGE_CURVE('',#7209,#3373,#7217,.T.);
#7219=ORIENTED_EDGE('',*,*,#7218,.T.);
#7220=ORIENTED_EDGE('',*,*,#3377,.F.);
#7221=CARTESIAN_POINT('',(0.,60.5,2.5));
#7222=CARTESIAN_POINT('',(0.,60.5,0.));
#7223=B_SPLINE_CURVE_WITH_KNOTS('',1,(#7221,#7222),.UNSPECIFIED.,.F.,.F.,(2,2),(0.,0.0025),.UNSPECIFIED.);
#7224=EDGE_CURVE('',#7207,#3366,#7223,.T.);
#7225=ORIENTED_EDGE('',*,*,#7224,.F.);
#7226=EDGE_LOOP('',(#7214,#7219,#7220,#7225));
#7227=FACE_BOUND('',#7226,.T.);
#7228=ADVANCED_FACE('',(#7227),#7205,.T.);
#7229=CARTESIAN_POINT('',(-75.65,50.5,2.5));
#7230=CARTESIAN_POINT('',(-75.65,50.5,-0.));
#7231=CARTESIAN_POINT('',(-75.65,55.08993464,2.5));
#7232=CARTESIAN_POINT('',(-75.65,55.08993464,-0.));
#7233=CARTESIAN_POINT('',(-71.675,52.79496732,2.5));
#7234=CARTESIAN_POINT('',(-71.675,52.79496732,-0.));
#7235=CARTESIAN_POINT('',(-67.7,50.5,2.5));
#7236=CARTESIAN_POINT('',(-67.7,50.5,-0.));
#7237=CARTESIAN_POINT('',(-71.675,48.20503268,2.5));
#7238=CARTESIAN_POINT('',(-71.675,48.20503268,-0.));
#7239=CARTESIAN_POINT('',(-75.65,45.91006536,2.5));
#7240=CARTESIAN_POINT('',(-75.65,45.91006536,-0.));
#7241=CARTESIAN_POINT('',(-75.65,50.5,2.5));
#7242=CARTESIAN_POINT('',(-75.65,50.5,-0.));
#7243=(BOUNDED_SURFACE()
B_SPLINE_SURFACE(2,1,((#7229,#7230),(#7231,#7232),(#7233,#7234),(#7235,#7236),(#7237,#7238),(#7239,#7240),(#7241,#7242)),.UNSPECIFIED.,.T.,.F.,.U.)
B_SPLINE_SURFACE_WITH_KNOTS((3,2,2,3),(2,2),(0.,2.094395102,4.188790205,6.283185307),(-0.,0.0025),.UNSPECIFIED.)
GEOMETRIC_REPRESENTATION_ITEM()
RATIONAL_B_SPLINE_SURFACE(((1.,1.),(0.5,0.5),(1.,1.),(0.5,0.5),(1.,1.),(0.5,0.5),(1.,1.)))
REPRESENTATION_ITEM('')
SURFACE()
);
#7244=ORIENTED_EDGE('',*,*,#3464,.T.);
#7245=CARTESIAN_POINT('',(-75.65,50.5,2.5));
#7246=VERTEX_POINT('',#7245);
#7247=CARTESIAN_POINT('',(-75.65,50.5,2.5));
#7248=CARTESIAN_POINT('',(-75.65,50.5,0.));
#7249=B_SPLINE_CURVE_WITH_KNOTS('',1,(#7247,#7248),.UNSPECIFIED.,.F.,.F.,(2,2),(0.,0.0025),.UNSPECIFIED.);
#7250=EDGE_CURVE('',#7246,#3453,#7249,.T.);
#7251=ORIENTED_EDGE('',*,*,#7250,.F.);
#7252=CARTESIAN_POINT('',(-75.65,50.5,2.5));
#7253=CARTESIAN_POINT('',(-75.65,53.15,2.5));
#7254=CARTESIAN_POINT('',(-73.,53.15,2.5));
#7255=CARTESIAN_POINT('',(-70.35,53.15,2.5));
#7256=CARTESIAN_POINT('',(-70.35,50.5,2.5));
#7257=CARTESIAN_POINT('',(-70.35,47.85,2.5));
#7258=CARTESIAN_POINT('',(-73.,47.85,2.5));
#7259=CARTESIAN_POINT('',(-75.65,47.85,2.5));
#7260=CARTESIAN_POINT('',(-75.65,50.5,2.5));
#7261=(BOUNDED_CURVE()
B_SPLINE_CURVE(2,(#7252,#7253,#7254,#7255,#7256,#7257,#7258,#7259,#7260),.UNSPECIFIED.,.T.,.F.)
B_SPLINE_CURVE_WITH_KNOTS((3,2,2,2,3),(0.,1.570796327,3.141592654,4.71238898,6.283185307),.UNSPECIFIED.)
CURVE()
GEOMETRIC_REPRESENTATION_ITEM()
RATIONAL_B_SPLINE_CURVE((1.,0.707106781,1.,0.707106781,1.,0.707106781,1.,0.707106781,1.))
REPRESENTATION_ITEM(''));
#7262=EDGE_CURVE('',#7246,#7246,#7261,.T.);
#7263=ORIENTED_EDGE('',*,*,#7262,.F.);
#7264=ORIENTED_EDGE('',*,*,#7250,.T.);
#7265=EDGE_LOOP('',(#7244,#7251,#7263,#7264));
#7266=FACE_BOUND('',#7265,.T.);
#7267=ADVANCED_FACE('',(#7266),#7243,.F.);
#7268=CARTESIAN_POINT('',(-60.65,50.5,2.5));
#7269=CARTESIAN_POINT('',(-60.65,50.5,-0.));
#7270=CARTESIAN_POINT('',(-60.65,55.08993464,2.5));
#7271=CARTESIAN_POINT('',(-60.65,55.08993464,-0.));
#7272=CARTESIAN_POINT('',(-56.675,52.79496732,2.5));
#7273=CARTESIAN_POINT('',(-56.675,52.79496732,-0.));
#7274=CARTESIAN_POINT('',(-52.7,50.5,2.5));
#7275=CARTESIAN_POINT('',(-52.7,50.5,-0.));
#7276=CARTESIAN_POINT('',(-56.675,48.20503268,2.5));
#7277=CARTESIAN_POINT('',(-56.675,48.20503268,-0.));
#7278=CARTESIAN_POINT('',(-60.65,45.91006536,2.5));
#7279=CARTESIAN_POINT('',(-60.65,45.91006536,-0.));
#7280=CARTESIAN_POINT('',(-60.65,50.5,2.5));
#7281=CARTESIAN_POINT('',(-60.65,50.5,-0.));
#7282=(BOUNDED_SURFACE()
B_SPLINE_SURFACE(2,1,((#7268,#7269),(#7270,#7271),(#7272,#7273),(#7274,#7275),(#7276,#7277),(#7278,#7279),(#7280,#7281)),.UNSPECIFIED.,.T.,.F.,.U.)
B_SPLINE_SURFACE_WITH_KNOTS((3,2,2,3),(2,2),(0.,2.094395102,4.188790205,6.283185307),(-0.,0.0025),.UNSPECIFIED.)
GEOMETRIC_REPRESENTATION_ITEM()
RATIONAL_B_SPLINE_SURFACE(((1.,1.),(0.5,0.5),(1.,1.),(0.5,0.5),(1.,1.),(0.5,0.5),(1.,1.)))
REPRESENTATION_ITEM('')
SURFACE()
);
#7283=ORIENTED_EDGE('',*,*,#3448,.T.);
#7284=CARTESIAN_POINT('',(-60.65,50.5,2.5));
#7285=VERTEX_POINT('',#7284);
#7286=CARTESIAN_POINT('',(-60.65,50.5,2.5));
#7287=CARTESIAN_POINT('',(-60.65,50.5,0.));
#7288=B_SPLINE_CURVE_WITH_KNOTS('',1,(#7286,#7287),.UNSPECIFIED.,.F.,.F.,(2,2),(0.,0.0025),.UNSPECIFIED.);
#7289=EDGE_CURVE('',#7285,#3437,#7288,.T.);
#7290=ORIENTED_EDGE('',*,*,#7289,.F.);
#7291=CARTESIAN_POINT('',(-60.65,50.5,2.5));
#7292=CARTESIAN_POINT('',(-60.65,53.15,2.5));
#7293=CARTESIAN_POINT('',(-58.,53.15,2.5));
#7294=CARTESIAN_POINT('',(-55.35,53.15,2.5));
#7295=CARTESIAN_POINT('',(-55.35,50.5,2.5));
#7296=CARTESIAN_POINT('',(-55.35,47.85,2.5));
#7297=CARTESIAN_POINT('',(-58.,47.85,2.5));
#7298=CARTESIAN_POINT('',(-60.65,47.85,2.5));
#7299=CARTESIAN_POINT('',(-60.65,50.5,2.5));
#7300=(BOUNDED_CURVE()
B_SPLINE_CURVE(2,(#7291,#7292,#7293,#7294,#7295,#7296,#7297,#7298,#7299),.UNSPECIFIED.,.T.,.F.)
B_SPLINE_CURVE_WITH_KNOTS((3,2,2,2,3),(0.,1.570796327,3.141592654,4.71238898,6.283185307),.UNSPECIFIED.)
CURVE()
GEOMETRIC_REPRESENTATION_ITEM()
RATIONAL_B_SPLINE_CURVE((1.,0.707106781,1.,0.707106781,1.,0.707106781,1.,0.707106781,1.))
REPRESENTATION_ITEM(''));
#7301=EDGE_CURVE('',#7285,#7285,#7300,.T.);
#7302=ORIENTED_EDGE('',*,*,#7301,.F.);
#7303=ORIENTED_EDGE('',*,*,#7289,.T.);
#7304=EDGE_LOOP('',(#7283,#7290,#7302,#7303));
#7305=FACE_BOUND('',#7304,.T.);
#7306=ADVANCED_FACE('',(#7305),#7282,.F.);
#7307=CARTESIAN_POINT('',(-44.65,50.5,2.5));
#7308=CARTESIAN_POINT('',(-44.65,50.5,-0.));
#7309=CARTESIAN_POINT('',(-44.65,55.08993464,2.5));
#7310=CARTESIAN_POINT('',(-44.65,55.08993464,-0.));
#7311=CARTESIAN_POINT('',(-40.675,52.79496732,2.5));
#7312=CARTESIAN_POINT('',(-40.675,52.79496732,-0.));
#7313=CARTESIAN_POINT('',(-36.7,50.5,2.5));
#7314=CARTESIAN_POINT('',(-36.7,50.5,-0.));
#7315=CARTESIAN_POINT('',(-40.675,48.20503268,2.5));
#7316=CARTESIAN_POINT('',(-40.675,48.20503268,-0.));
#7317=CARTESIAN_POINT('',(-44.65,45.91006536,2.5));
#7318=CARTESIAN_POINT('',(-44.65,45.91006536,-0.));
#7319=CARTESIAN_POINT('',(-44.65,50.5,2.5));
#7320=CARTESIAN_POINT('',(-44.65,50.5,-0.));
#7321=(BOUNDED_SURFACE()
B_SPLINE_SURFACE(2,1,((#7307,#7308),(#7309,#7310),(#7311,#7312),(#7313,#7314),(#7315,#7316),(#7317,#7318),(#7319,#7320)),.UNSPECIFIED.,.T.,.F.,.U.)
B_SPLINE_SURFACE_WITH_KNOTS((3,2,2,3),(2,2),(0.,2.094395102,4.188790205,6.283185307),(-0.,0.0025),.UNSPECIFIED.)
GEOMETRIC_REPRESENTATION_ITEM()
RATIONAL_B_SPLINE_SURFACE(((1.,1.),(0.5,0.5),(1.,1.),(0.5,0.5),(1.,1.),(0.5,0.5),(1.,1.)))
REPRESENTATION_ITEM('')
SURFACE()
);
#7322=ORIENTED_EDGE('',*,*,#3432,.T.);
#7323=CARTESIAN_POINT('',(-44.65,50.5,2.5));
#7324=VERTEX_POINT('',#7323);
#7325=CARTESIAN_POINT('',(-44.65,50.5,2.5));
#7326=CARTESIAN_POINT('',(-44.65,50.5,0.));
#7327=B_SPLINE_CURVE_WITH_KNOTS('',1,(#7325,#7326),.UNSPECIFIED.,.F.,.F.,(2,2),(0.,0.0025),.UNSPECIFIED.);
#7328=EDGE_CURVE('',#7324,#3421,#7327,.T.);
#7329=ORIENTED_EDGE('',*,*,#7328,.F.);
#7330=CARTESIAN_POINT('',(-44.65,50.5,2.5));
#7331=CARTESIAN_POINT('',(-44.65,53.15,2.5));
#7332=CARTESIAN_POINT('',(-42.,53.15,2.5));
#7333=CARTESIAN_POINT('',(-39.35,53.15,2.5));
#7334=CARTESIAN_POINT('',(-39.35,50.5,2.5));
#7335=CARTESIAN_POINT('',(-39.35,47.85,2.5));
#7336=CARTESIAN_POINT('',(-42.,47.85,2.5));
#7337=CARTESIAN_POINT('',(-44.65,47.85,2.5));
#7338=CARTESIAN_POINT('',(-44.65,50.5,2.5));
#7339=(BOUNDED_CURVE()
B_SPLINE_CURVE(2,(#7330,#7331,#7332,#7333,#7334,#7335,#7336,#7337,#7338),.UNSPECIFIED.,.T.,.F.)
B_SPLINE_CURVE_WITH_KNOTS((3,2,2,2,3),(0.,1.570796327,3.141592654,4.71238898,6.283185307),.UNSPECIFIED.)
CURVE()
GEOMETRIC_REPRESENTATION_ITEM()
RATIONAL_B_SPLINE_CURVE((1.,0.707106781,1.,0.707106781,1.,0.707106781,1.,0.707106781,1.))
REPRESENTATION_ITEM(''));
#7340=EDGE_CURVE('',#7324,#7324,#7339,.T.);
#7341=ORIENTED_EDGE('',*,*,#7340,.F.);
#7342=ORIENTED_EDGE('',*,*,#7328,.T.);
#7343=EDGE_LOOP('',(#7322,#7329,#7341,#7342));
#7344=FACE_BOUND('',#7343,.T.);
#7345=ADVANCED_FACE('',(#7344),#7321,.F.);
#7346=CARTESIAN_POINT('',(-29.65,50.5,2.5));
#7347=CARTESIAN_POINT('',(-29.65,50.5,-0.));
#7348=CARTESIAN_POINT('',(-29.65,55.08993464,2.5));
#7349=CARTESIAN_POINT('',(-29.65,55.08993464,-0.));
#7350=CARTESIAN_POINT('',(-25.675,52.79496732,2.5));
#7351=CARTESIAN_POINT('',(-25.675,52.79496732,-0.));
#7352=CARTESIAN_POINT('',(-21.7,50.5,2.5));
#7353=CARTESIAN_POINT('',(-21.7,50.5,-0.));
#7354=CARTESIAN_POINT('',(-25.675,48.20503268,2.5));
#7355=CARTESIAN_POINT('',(-25.675,48.20503268,-0.));
#7356=CARTESIAN_POINT('',(-29.65,45.91006536,2.5));
#7357=CARTESIAN_POINT('',(-29.65,45.91006536,-0.));
#7358=CARTESIAN_POINT('',(-29.65,50.5,2.5));
#7359=CARTESIAN_POINT('',(-29.65,50.5,-0.));
#7360=(BOUNDED_SURFACE()
B_SPLINE_SURFACE(2,1,((#7346,#7347),(#7348,#7349),(#7350,#7351),(#7352,#7353),(#7354,#7355),(#7356,#7357),(#7358,#7359)),.UNSPECIFIED.,.T.,.F.,.U.)
B_SPLINE_SURFACE_WITH_KNOTS((3,2,2,3),(2,2),(0.,2.094395102,4.188790205,6.283185307),(-0.,0.0025),.UNSPECIFIED.)
GEOMETRIC_REPRESENTATION_ITEM()
RATIONAL_B_SPLINE_SURFACE(((1.,1.),(0.5,0.5),(1.,1.),(0.5,0.5),(1.,1.),(0.5,0.5),(1.,1.)))
REPRESENTATION_ITEM('')
SURFACE()
);
#7361=ORIENTED_EDGE('',*,*,#3416,.T.);
#7362=CARTESIAN_POINT('',(-29.65,50.5,2.5));
#7363=VERTEX_POINT('',#7362);
#7364=CARTESIAN_POINT('',(-29.65,50.5,2.5));
#7365=CARTESIAN_POINT('',(-29.65,50.5,0.));
#7366=B_SPLINE_CURVE_WITH_KNOTS('',1,(#7364,#7365),.UNSPECIFIED.,.F.,.F.,(2,2),(0.,0.0025),.UNSPECIFIED.);
#7367=EDGE_CURVE('',#7363,#3405,#7366,.T.);
#7368=ORIENTED_EDGE('',*,*,#7367,.F.);
#7369=CARTESIAN_POINT('',(-29.65,50.5,2.5));
#7370=CARTESIAN_POINT('',(-29.65,53.15,2.5));
#7371=CARTESIAN_POINT('',(-27.,53.15,2.5));
#7372=CARTESIAN_POINT('',(-24.35,53.15,2.5));
#7373=CARTESIAN_POINT('',(-24.35,50.5,2.5));
#7374=CARTESIAN_POINT('',(-24.35,47.85,2.5));
#7375=CARTESIAN_POINT('',(-27.,47.85,2.5));
#7376=CARTESIAN_POINT('',(-29.65,47.85,2.5));
#7377=CARTESIAN_POINT('',(-29.65,50.5,2.5));
#7378=(BOUNDED_CURVE()
B_SPLINE_CURVE(2,(#7369,#7370,#7371,#7372,#7373,#7374,#7375,#7376,#7377),.UNSPECIFIED.,.T.,.F.)
B_SPLINE_CURVE_WITH_KNOTS((3,2,2,2,3),(0.,1.570796327,3.141592654,4.71238898,6.283185307),.UNSPECIFIED.)
CURVE()
GEOMETRIC_REPRESENTATION_ITEM()
RATIONAL_B_SPLINE_CURVE((1.,0.707106781,1.,0.707106781,1.,0.707106781,1.,0.707106781,1.))
REPRESENTATION_ITEM(''));
#7379=EDGE_CURVE('',#7363,#7363,#7378,.T.);
#7380=ORIENTED_EDGE('',*,*,#7379,.F.);
#7381=ORIENTED_EDGE('',*,*,#7367,.T.);
#7382=EDGE_LOOP('',(#7361,#7368,#7380,#7381));
#7383=FACE_BOUND('',#7382,.T.);
#7384=ADVANCED_FACE('',(#7383),#7360,.F.);
#7385=CARTESIAN_POINT('',(-14.65,50.5,2.5));
#7386=CARTESIAN_POINT('',(-14.65,50.5,-0.));
#7387=CARTESIAN_POINT('',(-14.65,55.08993464,2.5));
#7388=CARTESIAN_POINT('',(-14.65,55.08993464,-0.));
#7389=CARTESIAN_POINT('',(-10.675,52.79496732,2.5));
#7390=CARTESIAN_POINT('',(-10.675,52.79496732,-0.));
#7391=CARTESIAN_POINT('',(-6.7,50.5,2.5));
#7392=CARTESIAN_POINT('',(-6.7,50.5,-0.));
#7393=CARTESIAN_POINT('',(-10.675,48.20503268,2.5));
#7394=CARTESIAN_POINT('',(-10.675,48.20503268,-0.));
#7395=CARTESIAN_POINT('',(-14.65,45.91006536,2.5));
#7396=CARTESIAN_POINT('',(-14.65,45.91006536,-0.));
#7397=CARTESIAN_POINT('',(-14.65,50.5,2.5));
#7398=CARTESIAN_POINT('',(-14.65,50.5,-0.));
#7399=(BOUNDED_SURFACE()
B_SPLINE_SURFACE(2,1,((#7385,#7386),(#7387,#7388),(#7389,#7390),(#7391,#7392),(#7393,#7394),(#7395,#7396),(#7397,#7398)),.UNSPECIFIED.,.T.,.F.,.U.)
B_SPLINE_SURFACE_WITH_KNOTS((3,2,2,3),(2,2),(0.,2.094395102,4.188790205,6.283185307),(-0.,0.0025),.UNSPECIFIED.)
GEOMETRIC_REPRESENTATION_ITEM()
RATIONAL_B_SPLINE_SURFACE(((1.,1.),(0.5,0.5),(1.,1.),(0.5,0.5),(1.,1.),(0.5,0.5),(1.,1.)))
REPRESENTATION_ITEM('')
SURFACE()
);
#7400=ORIENTED_EDGE('',*,*,#3400,.T.);
#7401=CARTESIAN_POINT('',(-14.65,50.5,2.5));
#7402=VERTEX_POINT('',#7401);
#7403=CARTESIAN_POINT('',(-14.65,50.5,2.5));
#7404=CARTESIAN_POINT('',(-14.65,50.5,0.));
#7405=B_SPLINE_CURVE_WITH_KNOTS('',1,(#7403,#7404),.UNSPECIFIED.,.F.,.F.,(2,2),(0.,0.0025),.UNSPECIFIED.);
#7406=EDGE_CURVE('',#7402,#3389,#7405,.T.);
#7407=ORIENTED_EDGE('',*,*,#7406,.F.);
#7408=CARTESIAN_POINT('',(-14.65,50.5,2.5));
#7409=CARTESIAN_POINT('',(-14.65,53.15,2.5));
#7410=CARTESIAN_POINT('',(-12.,53.15,2.5));
#7411=CARTESIAN_POINT('',(-9.35,53.15,2.5));
#7412=CARTESIAN_POINT('',(-9.35,50.5,2.5));
#7413=CARTESIAN_POINT('',(-9.35,47.85,2.5));
#7414=CARTESIAN_POINT('',(-12.,47.85,2.5));
#7415=CARTESIAN_POINT('',(-14.65,47.85,2.5));
#7416=CARTESIAN_POINT('',(-14.65,50.5,2.5));
#7417=(BOUNDED_CURVE()
B_SPLINE_CURVE(2,(#7408,#7409,#7410,#7411,#7412,#7413,#7414,#7415,#7416),.UNSPECIFIED.,.T.,.F.)
B_SPLINE_CURVE_WITH_KNOTS((3,2,2,2,3),(0.,1.570796327,3.141592654,4.71238898,6.283185307),.UNSPECIFIED.)
CURVE()
GEOMETRIC_REPRESENTATION_ITEM()
RATIONAL_B_SPLINE_CURVE((1.,0.707106781,1.,0.707106781,1.,0.707106781,1.,0.707106781,1.))
REPRESENTATION_ITEM(''));
#7418=EDGE_CURVE('',#7402,#7402,#7417,.T.);
#7419=ORIENTED_EDGE('',*,*,#7418,.F.);
#7420=ORIENTED_EDGE('',*,*,#7406,.T.);
#7421=EDGE_LOOP('',(#7400,#7407,#7419,#7420));
#7422=FACE_BOUND('',#7421,.T.);
#7423=ADVANCED_FACE('',(#7422),#7399,.F.);
#7424=CARTESIAN_POINT('',(0.,60.5,0.));
#7425=CARTESIAN_POINT('',(0.,60.5,2.5));
#7426=CARTESIAN_POINT('',(-100.,60.5,0.));
#7427=CARTESIAN_POINT('',(-100.,60.5,2.5));
#7428=B_SPLINE_SURFACE_WITH_KNOTS('',1,1,((#7424,#7425),(#7426,#7427)),.UNSPECIFIED.,.F.,.F.,.U.,(2,2),(2,2),(-0.1,0.),(-0.0025,0.),.UNSPECIFIED.);
#7429=ORIENTED_EDGE('',*,*,#3370,.F.);
#7430=ORIENTED_EDGE('',*,*,#698,.F.);
#7431=CARTESIAN_POINT('',(-100.,60.5,2.5));
#7432=CARTESIAN_POINT('',(0.,60.5,2.5));
#7433=B_SPLINE_CURVE_WITH_KNOTS('',1,(#7431,#7432),.UNSPECIFIED.,.F.,.F.,(2,2),(0.,0.1),.UNSPECIFIED.);
#7434=EDGE_CURVE('',#689,#7207,#7433,.T.);
#7435=ORIENTED_EDGE('',*,*,#7434,.T.);
#7436=ORIENTED_EDGE('',*,*,#7224,.T.);
#7437=EDGE_LOOP('',(#7429,#7430,#7435,#7436));
#7438=FACE_BOUND('',#7437,.T.);
#7439=ADVANCED_FACE('',(#7438),#7428,.T.);
#7440=CARTESIAN_POINT('',(-90.65,50.5,2.5));
#7441=CARTESIAN_POINT('',(-90.65,50.5,-0.));
#7442=CARTESIAN_POINT('',(-90.65,55.08993464,2.5));
#7443=CARTESIAN_POINT('',(-90.65,55.08993464,-0.));
#7444=CARTESIAN_POINT('',(-86.675,52.79496732,2.5));
#7445=CARTESIAN_POINT('',(-86.675,52.79496732,-0.));
#7446=CARTESIAN_POINT('',(-82.7,50.5,2.5));
#7447=CARTESIAN_POINT('',(-82.7,50.5,-0.));
#7448=CARTESIAN_POINT('',(-86.675,48.20503268,2.5));
#7449=CARTESIAN_POINT('',(-86.675,48.20503268,-0.));
#7450=CARTESIAN_POINT('',(-90.65,45.91006536,2.5));
#7451=CARTESIAN_POINT('',(-90.65,45.91006536,-0.));
#7452=CARTESIAN_POINT('',(-90.65,50.5,2.5));
#7453=CARTESIAN_POINT('',(-90.65,50.5,-0.));
#7454=(BOUNDED_SURFACE()
B_SPLINE_SURFACE(2,1,((#7440,#7441),(#7442,#7443),(#7444,#7445),(#7446,#7447),(#7448,#7449),(#7450,#7451),(#7452,#7453)),.UNSPECIFIED.,.T.,.F.,.U.)
B_SPLINE_SURFACE_WITH_KNOTS((3,2,2,3),(2,2),(0.,2.094395102,4.188790205,6.283185307),(-0.,0.0025),.UNSPECIFIED.)
GEOMETRIC_REPRESENTATION_ITEM()
RATIONAL_B_SPLINE_SURFACE(((1.,1.),(0.5,0.5),(1.,1.),(0.5,0.5),(1.,1.),(0.5,0.5),(1.,1.)))
REPRESENTATION_ITEM('')
SURFACE()
);
#7455=ORIENTED_EDGE('',*,*,#3480,.T.);
#7456=CARTESIAN_POINT('',(-90.65,50.5,2.5));
#7457=VERTEX_POINT('',#7456);
#7458=CARTESIAN_POINT('',(-90.65,50.5,2.5));
#7459=CARTESIAN_POINT('',(-90.65,50.5,0.));
#7460=B_SPLINE_CURVE_WITH_KNOTS('',1,(#7458,#7459),.UNSPECIFIED.,.F.,.F.,(2,2),(0.,0.0025),.UNSPECIFIED.);
#7461=EDGE_CURVE('',#7457,#3469,#7460,.T.);
#7462=ORIENTED_EDGE('',*,*,#7461,.F.);
#7463=CARTESIAN_POINT('',(-90.65,50.5,2.5));
#7464=CARTESIAN_POINT('',(-90.65,53.15,2.5));
#7465=CARTESIAN_POINT('',(-88.,53.15,2.5));
#7466=CARTESIAN_POINT('',(-85.35,53.15,2.5));
#7467=CARTESIAN_POINT('',(-85.35,50.5,2.5));
#7468=CARTESIAN_POINT('',(-85.35,47.85,2.5));
#7469=CARTESIAN_POINT('',(-88.,47.85,2.5));
#7470=CARTESIAN_POINT('',(-90.65,47.85,2.5));
#7471=CARTESIAN_POINT('',(-90.65,50.5,2.5));
#7472=(BOUNDED_CURVE()
B_SPLINE_CURVE(2,(#7463,#7464,#7465,#7466,#7467,#7468,#7469,#7470,#7471),.UNSPECIFIED.,.T.,.F.)
B_SPLINE_CURVE_WITH_KNOTS((3,2,2,2,3),(0.,1.570796327,3.141592654,4.71238898,6.283185307),.UNSPECIFIED.)
CURVE()
GEOMETRIC_REPRESENTATION_ITEM()
RATIONAL_B_SPLINE_CURVE((1.,0.707106781,1.,0.707106781,1.,0.707106781,1.,0.707106781,1.))
REPRESENTATION_ITEM(''));
#7473=EDGE_CURVE('',#7457,#7457,#7472,.T.);
#7474=ORIENTED_EDGE('',*,*,#7473,.F.);
#7475=ORIENTED_EDGE('',*,*,#7461,.T.);
#7476=EDGE_LOOP('',(#7455,#7462,#7474,#7475));
#7477=FACE_BOUND('',#7476,.T.);
#7478=ADVANCED_FACE('',(#7477),#7454,.F.);
#7479=CARTESIAN_POINT('',(0.,40.,2.5));
#7480=CARTESIAN_POINT('',(0.,60.5,2.5));
#7481=CARTESIAN_POINT('',(-100.,40.,2.5));
#7482=CARTESIAN_POINT('',(-100.,60.5,2.5));
#7483=B_SPLINE_SURFACE_WITH_KNOTS('',1,1,((#7479,#7480),(#7481,#7482)),.UNSPECIFIED.,.F.,.F.,.U.,(2,2),(2,2),(-0.,0.1),(0.04,0.0605),.UNSPECIFIED.);
#7484=ORIENTED_EDGE('',*,*,#693,.F.);
#7485=CARTESIAN_POINT('',(-100.,40.,2.5));
#7486=CARTESIAN_POINT('',(0.,40.,2.5));
#7487=B_SPLINE_CURVE_WITH_KNOTS('',1,(#7485,#7486),.UNSPECIFIED.,.F.,.F.,(2,2),(-0.,0.1),.UNSPECIFIED.);
#7488=EDGE_CURVE('',#681,#7209,#7487,.T.);
#7489=ORIENTED_EDGE('',*,*,#7488,.T.);
#7490=ORIENTED_EDGE('',*,*,#7213,.F.);
#7491=ORIENTED_EDGE('',*,*,#7434,.F.);
#7492=EDGE_LOOP('',(#7484,#7489,#7490,#7491));
#7493=FACE_BOUND('',#7492,.T.);
#7494=ORIENTED_EDGE('',*,*,#7418,.T.);
#7495=EDGE_LOOP('',(#7494));
#7496=FACE_BOUND('',#7495,.T.);
#7497=ORIENTED_EDGE('',*,*,#7379,.T.);
#7498=EDGE_LOOP('',(#7497));
#7499=FACE_BOUND('',#7498,.T.);
#7500=ORIENTED_EDGE('',*,*,#7340,.T.);
#7501=EDGE_LOOP('',(#7500));
#7502=FACE_BOUND('',#7501,.T.);
#7503=ORIENTED_EDGE('',*,*,#7301,.T.);
#7504=EDGE_LOOP('',(#7503));
#7505=FACE_BOUND('',#7504,.T.);
#7506=ORIENTED_EDGE('',*,*,#7262,.T.);
#7507=EDGE_LOOP('',(#7506));
#7508=FACE_BOUND('',#7507,.T.);
#7509=ORIENTED_EDGE('',*,*,#7473,.T.);
#7510=EDGE_LOOP('',(#7509));
#7511=FACE_BOUND('',#7510,.T.);
#7512=ADVANCED_FACE('',(#7493,#7496,#7499,#7502,#7505,#7508,#7511),#7483,.F.);
#7513=CARTESIAN_POINT('',(2.5,40.,2.5));
#7514=CARTESIAN_POINT('',(-100.,40.,2.5));
#7515=CARTESIAN_POINT('',(2.5,38.556624327,2.5));
#7516=CARTESIAN_POINT('',(-100.,38.556624327,2.5));
#7517=CARTESIAN_POINT('',(2.5,37.834936491,3.75));
#7518=CARTESIAN_POINT('',(-100.,37.834936491,3.75));
#7519=CARTESIAN_POINT('',(2.5,37.5,4.330127019));
#7520=CARTESIAN_POINT('',(-100.,37.5,4.330127019));
#7521=CARTESIAN_POINT('',(2.5,37.5,5.));
#7522=CARTESIAN_POINT('',(-100.,37.5,5.));
#7523=(BOUNDED_SURFACE()
B_SPLINE_SURFACE(2,1,((#7513,#7514),(#7515,#7516),(#7517,#7518),(#7519,#7520),(#7521,#7522)),.UNSPECIFIED.,.F.,.F.,.U.)
B_SPLINE_SURFACE_WITH_KNOTS((3,2,3),(2,2),(3.141592654,4.188790205,4.749981681),(0.0975,0.2),.UNSPECIFIED.)
GEOMETRIC_REPRESENTATION_ITEM()
RATIONAL_B_SPLINE_SURFACE(((0.75,0.75),(0.75,0.75),(1.,1.),(0.866025404,0.866025404),(0.803847577,0.803847577)))
REPRESENTATION_ITEM('')
SURFACE()
);
#7524=ORIENTED_EDGE('',*,*,#2819,.F.);
#7525=CARTESIAN_POINT('',(2.5,37.5,5.));
#7526=CARTESIAN_POINT('',(0.,37.5,2.5));
#7527=CARTESIAN_POINT('',(0.,40.,2.5));
#7528=(BOUNDED_CURVE()
B_SPLINE_CURVE(2,(#7525,#7526,#7527),.UNSPECIFIED.,.F.,.F.)
B_SPLINE_CURVE_WITH_KNOTS((3,3),(6.283185307,7.853981634),.UNSPECIFIED.)
CURVE()
GEOMETRIC_REPRESENTATION_ITEM()
RATIONAL_B_SPLINE_CURVE((1.,0.707106781,1.))
REPRESENTATION_ITEM(''));
#7529=EDGE_CURVE('',#2810,#7209,#7528,.T.);
#7530=ORIENTED_EDGE('',*,*,#7529,.T.);
#7531=ORIENTED_EDGE('',*,*,#7488,.F.);
#7532=ORIENTED_EDGE('',*,*,#686,.F.);
#7533=EDGE_LOOP('',(#7524,#7530,#7531,#7532));
#7534=FACE_BOUND('',#7533,.T.);
#7535=ADVANCED_FACE('',(#7534),#7523,.F.);
#7536=CARTESIAN_POINT('',(-0.,40.,-0.));
#7537=CARTESIAN_POINT('',(-0.,40.,5.));
#7538=CARTESIAN_POINT('',(-0.,38.556624327,-0.));
#7539=CARTESIAN_POINT('',(-0.,38.556624327,5.));
#7540=CARTESIAN_POINT('',(1.25,37.834936491,-0.));
#7541=CARTESIAN_POINT('',(1.25,37.834936491,5.));
#7542=CARTESIAN_POINT('',(1.830127019,37.5,-0.));
#7543=CARTESIAN_POINT('',(1.830127019,37.5,5.));
#7544=CARTESIAN_POINT('',(2.5,37.5,-0.));
#7545=CARTESIAN_POINT('',(2.5,37.5,5.));
#7546=(BOUNDED_SURFACE()
B_SPLINE_SURFACE(2,1,((#7536,#7537),(#7538,#7539),(#7540,#7541),(#7542,#7543),(#7544,#7545)),.UNSPECIFIED.,.F.,.F.,.U.)
B_SPLINE_SURFACE_WITH_KNOTS((3,2,3),(2,2),(3.141592654,4.188790205,4.749981681),(-0.0025,0.0025),.UNSPECIFIED.)
GEOMETRIC_REPRESENTATION_ITEM()
RATIONAL_B_SPLINE_SURFACE(((0.75,0.75),(0.75,0.75),(1.,1.),(0.866025404,0.866025404),(0.803847577,0.803847577)))
REPRESENTATION_ITEM('')
SURFACE()
);
#7547=ORIENTED_EDGE('',*,*,#7529,.F.);
#7548=ORIENTED_EDGE('',*,*,#2814,.F.);
#7549=ORIENTED_EDGE('',*,*,#3383,.F.);
#7550=ORIENTED_EDGE('',*,*,#7218,.F.);
#7551=EDGE_LOOP('',(#7547,#7548,#7549,#7550));
#7552=FACE_BOUND('',#7551,.T.);
#7553=ADVANCED_FACE('',(#7552),#7546,.F.);
#7554=CARTESIAN_POINT('',(-98.5,-30.5,1.5));
#7555=CARTESIAN_POINT('',(-98.5,-30.5,61.5));
#7556=CARTESIAN_POINT('',(-96.,-30.5,1.5));
#7557=CARTESIAN_POINT('',(-96.,-30.5,61.5));
#7558=B_SPLINE_SURFACE_WITH_KNOTS('',1,1,((#7554,#7555),(#7556,#7557)),.UNSPECIFIED.,.F.,.F.,.U.,(2,2),(2,2),(-0.01,-0.0075),(0.,0.06),.UNSPECIFIED.);
#7559=ORIENTED_EDGE('',*,*,#3063,.T.);
#7560=ORIENTED_EDGE('',*,*,#1260,.T.);
#7561=ORIENTED_EDGE('',*,*,#194,.F.);
#7562=ORIENTED_EDGE('',*,*,#4778,.F.);
#7563=EDGE_LOOP('',(#7559,#7560,#7561,#7562));
#7564=FACE_BOUND('',#7563,.T.);
#7565=ADVANCED_FACE('',(#7564),#7558,.F.);
#7566=CARTESIAN_POINT('',(-96.,30.5,1.5));
#7567=CARTESIAN_POINT('',(-96.,30.5,61.5));
#7568=CARTESIAN_POINT('',(-98.5,30.5,1.5));
#7569=CARTESIAN_POINT('',(-98.5,30.5,61.5));
#7570=B_SPLINE_SURFACE_WITH_KNOTS('',1,1,((#7566,#7567),(#7568,#7569)),.UNSPECIFIED.,.F.,.F.,.U.,(2,2),(2,2),(0.0075,0.01),(-0.06,0.),.UNSPECIFIED.);
#7571=ORIENTED_EDGE('',*,*,#208,.T.);
#7572=ORIENTED_EDGE('',*,*,#1254,.T.);
#7573=ORIENTED_EDGE('',*,*,#3055,.F.);
#7574=ORIENTED_EDGE('',*,*,#4762,.F.);
#7575=EDGE_LOOP('',(#7571,#7572,#7573,#7574));
#7576=FACE_BOUND('',#7575,.T.);
#7577=ADVANCED_FACE('',(#7576),#7570,.F.);
#7578=CARTESIAN_POINT('',(96.,-30.5,1.5));
#7579=CARTESIAN_POINT('',(96.,-30.5,61.5));
#7580=CARTESIAN_POINT('',(98.5,-30.5,1.5));
#7581=CARTESIAN_POINT('',(98.5,-30.5,61.5));
#7582=B_SPLINE_SURFACE_WITH_KNOTS('',1,1,((#7578,#7579),(#7580,#7581)),.UNSPECIFIED.,.F.,.F.,.U.,(2,2),(2,2),(-0.0025,0.),(-0.,0.06),.UNSPECIFIED.);
#7583=ORIENTED_EDGE('',*,*,#110,.F.);
#7584=ORIENTED_EDGE('',*,*,#2444,.F.);
#7585=ORIENTED_EDGE('',*,*,#3196,.T.);
#7586=ORIENTED_EDGE('',*,*,#4810,.F.);
#7587=EDGE_LOOP('',(#7583,#7584,#7585,#7586));
#7588=FACE_BOUND('',#7587,.T.);
#7589=ADVANCED_FACE('',(#7588),#7582,.F.);
#7590=CARTESIAN_POINT('',(98.5,30.5,1.5));
#7591=CARTESIAN_POINT('',(98.5,30.5,61.5));
#7592=CARTESIAN_POINT('',(96.,30.5,1.5));
#7593=CARTESIAN_POINT('',(96.,30.5,61.5));
#7594=B_SPLINE_SURFACE_WITH_KNOTS('',1,1,((#7590,#7591),(#7592,#7593)),.UNSPECIFIED.,.F.,.F.,.U.,(2,2),(2,2),(0.,0.0025),(-0.06,0.),.UNSPECIFIED.);
#7595=ORIENTED_EDGE('',*,*,#3014,.F.);
#7596=ORIENTED_EDGE('',*,*,#2432,.F.);
#7597=ORIENTED_EDGE('',*,*,#234,.T.);
#7598=ORIENTED_EDGE('',*,*,#4794,.F.);
#7599=EDGE_LOOP('',(#7595,#7596,#7597,#7598));
#7600=FACE_BOUND('',#7599,.T.);
#7601=ADVANCED_FACE('',(#7600),#7594,.F.);
#7602=CARTESIAN_POINT('',(62.2,21.,1.5));
#7603=CARTESIAN_POINT('',(62.2,21.,5.5));
#7604=CARTESIAN_POINT('',(62.2,18.979274058,1.5));
#7605=CARTESIAN_POINT('',(62.2,18.979274058,5.5));
#7606=CARTESIAN_POINT('',(63.95,17.968911087,1.5));
#7607=CARTESIAN_POINT('',(63.95,17.968911087,5.5));
#7608=CARTESIAN_POINT('',(69.2,14.937822174,1.5));
#7609=CARTESIAN_POINT('',(69.2,14.937822174,5.5));
#7610=CARTESIAN_POINT('',(69.2,21.,1.5));
#7611=CARTESIAN_POINT('',(69.2,21.,5.5));
#7612=(BOUNDED_SURFACE()
B_SPLINE_SURFACE(2,1,((#7602,#7603),(#7604,#7605),(#7606,#7607),(#7608,#7609),(#7610,#7611)),.UNSPECIFIED.,.F.,.F.,.U.)
B_SPLINE_SURFACE_WITH_KNOTS((3,2,3),(2,2),(3.141592654,4.188790205,6.283185307),(-0.,0.004),.UNSPECIFIED.)
GEOMETRIC_REPRESENTATION_ITEM()
RATIONAL_B_SPLINE_SURFACE(((0.75,0.75),(0.75,0.75),(1.,1.),(0.5,0.5),(1.,1.)))
REPRESENTATION_ITEM('')
SURFACE()
);
#7613=ORIENTED_EDGE('',*,*,#3748,.F.);
#7614=ORIENTED_EDGE('',*,*,#3804,.F.);
#7615=ORIENTED_EDGE('',*,*,#3756,.F.);
#7616=ORIENTED_EDGE('',*,*,#3322,.T.);
#7617=EDGE_LOOP('',(#7613,#7614,#7615,#7616));
#7618=FACE_BOUND('',#7617,.T.);
#7619=ADVANCED_FACE('',(#7618),#7612,.T.);
#7620=CARTESIAN_POINT('',(13.8,22.,1.5));
#7621=CARTESIAN_POINT('',(13.8,22.,5.5));
#7622=CARTESIAN_POINT('',(13.8,19.979274058,1.5));
#7623=CARTESIAN_POINT('',(13.8,19.979274058,5.5));
#7624=CARTESIAN_POINT('',(15.55,18.968911087,1.5));
#7625=CARTESIAN_POINT('',(15.55,18.968911087,5.5));
#7626=CARTESIAN_POINT('',(20.8,15.937822174,1.5));
#7627=CARTESIAN_POINT('',(20.8,15.937822174,5.5));
#7628=CARTESIAN_POINT('',(20.8,22.,1.5));
#7629=CARTESIAN_POINT('',(20.8,22.,5.5));
#7630=(BOUNDED_SURFACE()
B_SPLINE_SURFACE(2,1,((#7620,#7621),(#7622,#7623),(#7624,#7625),(#7626,#7627),(#7628,#7629)),.UNSPECIFIED.,.F.,.F.,.U.)
B_SPLINE_SURFACE_WITH_KNOTS((3,2,3),(2,2),(3.141592654,4.188790205,6.283185307),(-0.,0.004),.UNSPECIFIED.)
GEOMETRIC_REPRESENTATION_ITEM()
RATIONAL_B_SPLINE_SURFACE(((0.75,0.75),(0.75,0.75),(1.,1.),(0.5,0.5),(1.,1.)))
REPRESENTATION_ITEM('')
SURFACE()
);
#7631=ORIENTED_EDGE('',*,*,#3826,.F.);
#7632=ORIENTED_EDGE('',*,*,#3882,.F.);
#7633=ORIENTED_EDGE('',*,*,#3834,.F.);
#7634=ORIENTED_EDGE('',*,*,#3352,.T.);
#7635=EDGE_LOOP('',(#7631,#7632,#7633,#7634));
#7636=FACE_BOUND('',#7635,.T.);
#7637=ADVANCED_FACE('',(#7636),#7630,.T.);
#7638=CARTESIAN_POINT('',(-81.,26.5,1.5));
#7639=CARTESIAN_POINT('',(-81.,26.5,5.5));
#7640=CARTESIAN_POINT('',(-81.,24.767949192,1.5));
#7641=CARTESIAN_POINT('',(-81.,24.767949192,5.5));
#7642=CARTESIAN_POINT('',(-79.5,23.901923789,1.5));
#7643=CARTESIAN_POINT('',(-79.5,23.901923789,5.5));
#7644=CARTESIAN_POINT('',(-75.,21.303847577,1.5));
#7645=CARTESIAN_POINT('',(-75.,21.303847577,5.5));
#7646=CARTESIAN_POINT('',(-75.,26.5,1.5));
#7647=CARTESIAN_POINT('',(-75.,26.5,5.5));
#7648=(BOUNDED_SURFACE()
B_SPLINE_SURFACE(2,1,((#7638,#7639),(#7640,#7641),(#7642,#7643),(#7644,#7645),(#7646,#7647)),.UNSPECIFIED.,.F.,.F.,.U.)
B_SPLINE_SURFACE_WITH_KNOTS((3,2,3),(2,2),(3.141592654,4.188790205,6.283185307),(-0.,0.004),.UNSPECIFIED.)
GEOMETRIC_REPRESENTATION_ITEM()
RATIONAL_B_SPLINE_SURFACE(((0.75,0.75),(0.75,0.75),(1.,1.),(0.5,0.5),(1.,1.)))
REPRESENTATION_ITEM('')
SURFACE()
);
#7649=ORIENTED_EDGE('',*,*,#4389,.F.);
#7650=ORIENTED_EDGE('',*,*,#4445,.F.);
#7651=ORIENTED_EDGE('',*,*,#4397,.F.);
#7652=ORIENTED_EDGE('',*,*,#3256,.T.);
#7653=EDGE_LOOP('',(#7649,#7650,#7651,#7652));
#7654=FACE_BOUND('',#7653,.T.);
#7655=ADVANCED_FACE('',(#7654),#7648,.T.);
#7656=CARTESIAN_POINT('',(-55.,26.5,1.5));
#7657=CARTESIAN_POINT('',(-55.,26.5,5.5));
#7658=CARTESIAN_POINT('',(-55.,24.767949192,1.5));
#7659=CARTESIAN_POINT('',(-55.,24.767949192,5.5));
#7660=CARTESIAN_POINT('',(-53.5,23.901923789,1.5));
#7661=CARTESIAN_POINT('',(-53.5,23.901923789,5.5));
#7662=CARTESIAN_POINT('',(-49.,21.303847577,1.5));
#7663=CARTESIAN_POINT('',(-49.,21.303847577,5.5));
#7664=CARTESIAN_POINT('',(-49.,26.5,1.5));
#7665=CARTESIAN_POINT('',(-49.,26.5,5.5));
#7666=(BOUNDED_SURFACE()
B_SPLINE_SURFACE(2,1,((#7656,#7657),(#7658,#7659),(#7660,#7661),(#7662,#7663),(#7664,#7665)),.UNSPECIFIED.,.F.,.F.,.U.)
B_SPLINE_SURFACE_WITH_KNOTS((3,2,3),(2,2),(3.141592654,4.188790205,6.283185307),(-0.,0.004),.UNSPECIFIED.)
GEOMETRIC_REPRESENTATION_ITEM()
RATIONAL_B_SPLINE_SURFACE(((0.75,0.75),(0.75,0.75),(1.,1.),(0.5,0.5),(1.,1.)))
REPRESENTATION_ITEM('')
SURFACE()
);
#7667=ORIENTED_EDGE('',*,*,#4467,.F.);
#7668=ORIENTED_EDGE('',*,*,#4523,.F.);
#7669=ORIENTED_EDGE('',*,*,#4475,.F.);
#7670=ORIENTED_EDGE('',*,*,#3226,.T.);
#7671=EDGE_LOOP('',(#7667,#7668,#7669,#7670));
#7672=FACE_BOUND('',#7671,.T.);
#7673=ADVANCED_FACE('',(#7672),#7666,.T.);
#7674=CARTESIAN_POINT('',(98.5,19.,7.25));
#7675=CARTESIAN_POINT('',(100.,19.,7.25));
#7676=CARTESIAN_POINT('',(98.5,19.,5.75));
#7677=CARTESIAN_POINT('',(100.,19.,5.75));
#7678=CARTESIAN_POINT('',(98.5,20.5,5.75));
#7679=CARTESIAN_POINT('',(100.,20.5,5.75));
#7680=(BOUNDED_SURFACE()
B_SPLINE_SURFACE(2,1,((#7674,#7675),(#7676,#7677),(#7678,#7679)),.UNSPECIFIED.,.F.,.F.,.U.)
B_SPLINE_SURFACE_WITH_KNOTS((3,3),(2,2),(4.749981681,6.283185307),(0.0085,0.01),.UNSPECIFIED.)
GEOMETRIC_REPRESENTATION_ITEM()
RATIONAL_B_SPLINE_SURFACE(((0.803847577,0.803847577),(0.633974596,0.633974596),(1.,1.)))
REPRESENTATION_ITEM('')
SURFACE()
);
#7681=ORIENTED_EDGE('',*,*,#5039,.T.);
#7682=ORIENTED_EDGE('',*,*,#2407,.F.);
#7683=ORIENTED_EDGE('',*,*,#5023,.T.);
#7684=ORIENTED_EDGE('',*,*,#1838,.F.);
#7685=EDGE_LOOP('',(#7681,#7682,#7683,#7684));
#7686=FACE_BOUND('',#7685,.T.);
#7687=ADVANCED_FACE('',(#7686),#7680,.F.);
#7688=CARTESIAN_POINT('',(98.5,-23.,55.75));
#7689=CARTESIAN_POINT('',(100.,-23.,55.75));
#7690=CARTESIAN_POINT('',(98.5,-23.,56.285898385));
#7691=CARTESIAN_POINT('',(100.,-23.,56.285898385));
#7692=CARTESIAN_POINT('',(98.5,-23.267949192,56.75));
#7693=CARTESIAN_POINT('',(100.,-23.267949192,56.75));
#7694=CARTESIAN_POINT('',(98.5,-25.,59.75));
#7695=CARTESIAN_POINT('',(100.,-25.,59.75));
#7696=CARTESIAN_POINT('',(98.5,-26.732050808,56.75));
#7697=CARTESIAN_POINT('',(100.,-26.732050808,56.75));
#7698=CARTESIAN_POINT('',(98.5,-28.464101615,53.75));
#7699=CARTESIAN_POINT('',(100.,-28.464101615,53.75));
#7700=CARTESIAN_POINT('',(98.5,-25.,53.75));
#7701=CARTESIAN_POINT('',(100.,-25.,53.75));
#7702=(BOUNDED_SURFACE()
B_SPLINE_SURFACE(2,1,((#7688,#7689),(#7690,#7691),(#7692,#7693),(#7694,#7695),(#7696,#7697),(#7698,#7699),(#7700,#7701)),.UNSPECIFIED.,.F.,.F.,.U.)
B_SPLINE_SURFACE_WITH_KNOTS((3,2,2,3),(2,2),(1.533203626,2.094395102,4.188790205,6.283185307),(0.0085,0.01),.UNSPECIFIED.)
GEOMETRIC_REPRESENTATION_ITEM()
RATIONAL_B_SPLINE_SURFACE(((0.803847577,0.803847577),(0.866025404,0.866025404),(1.,1.),(0.5,0.5),(1.,1.),(0.5,0.5),(1.,1.)))
REPRESENTATION_ITEM('')
SURFACE()
);
#7703=ORIENTED_EDGE('',*,*,#5099,.T.);
#7704=ORIENTED_EDGE('',*,*,#2364,.T.);
#7705=ORIENTED_EDGE('',*,*,#5105,.T.);
#7706=ORIENTED_EDGE('',*,*,#1814,.T.);
#7707=EDGE_LOOP('',(#7703,#7704,#7705,#7706));
#7708=FACE_BOUND('',#7707,.T.);
#7709=ADVANCED_FACE('',(#7708),#7702,.F.);
#7710=CARTESIAN_POINT('',(98.5,27.,55.75));
#7711=CARTESIAN_POINT('',(100.,27.,55.75));
#7712=CARTESIAN_POINT('',(98.5,27.,56.285898385));
#7713=CARTESIAN_POINT('',(100.,27.,56.285898385));
#7714=CARTESIAN_POINT('',(98.5,26.732050808,56.75));
#7715=CARTESIAN_POINT('',(100.,26.732050808,56.75));
#7716=CARTESIAN_POINT('',(98.5,25.,59.75));
#7717=CARTESIAN_POINT('',(100.,25.,59.75));
#7718=CARTESIAN_POINT('',(98.5,23.267949192,56.75));
#7719=CARTESIAN_POINT('',(100.,23.267949192,56.75));
#7720=CARTESIAN_POINT('',(98.5,21.535898385,53.75));
#7721=CARTESIAN_POINT('',(100.,21.535898385,53.75));
#7722=CARTESIAN_POINT('',(98.5,25.,53.75));
#7723=CARTESIAN_POINT('',(100.,25.,53.75));
#7724=(BOUNDED_SURFACE()
B_SPLINE_SURFACE(2,1,((#7710,#7711),(#7712,#7713),(#7714,#7715),(#7716,#7717),(#7718,#7719),(#7720,#7721),(#7722,#7723)),.UNSPECIFIED.,.F.,.F.,.U.)
B_SPLINE_SURFACE_WITH_KNOTS((3,2,2,3),(2,2),(1.533203626,2.094395102,4.188790205,6.283185307),(0.0085,0.01),.UNSPECIFIED.)
GEOMETRIC_REPRESENTATION_ITEM()
RATIONAL_B_SPLINE_SURFACE(((0.803847577,0.803847577),(0.866025404,0.866025404),(1.,1.),(0.5,0.5),(1.,1.),(0.5,0.5),(1.,1.)))
REPRESENTATION_ITEM('')
SURFACE()
);
#7725=ORIENTED_EDGE('',*,*,#5121,.T.);
#7726=ORIENTED_EDGE('',*,*,#2462,.T.);
#7727=ORIENTED_EDGE('',*,*,#5127,.T.);
#7728=ORIENTED_EDGE('',*,*,#1912,.T.);
#7729=EDGE_LOOP('',(#7725,#7726,#7727,#7728));
#7730=FACE_BOUND('',#7729,.T.);
#7731=ADVANCED_FACE('',(#7730),#7724,.F.);
#7732=CARTESIAN_POINT('',(98.5,-23.,5.75));
#7733=CARTESIAN_POINT('',(100.,-23.,5.75));
#7734=CARTESIAN_POINT('',(98.5,-23.,6.285898385));
#7735=CARTESIAN_POINT('',(100.,-23.,6.285898385));
#7736=CARTESIAN_POINT('',(98.5,-23.267949192,6.75));
#7737=CARTESIAN_POINT('',(100.,-23.267949192,6.75));
#7738=CARTESIAN_POINT('',(98.5,-25.,9.75));
#7739=CARTESIAN_POINT('',(100.,-25.,9.75));
#7740=CARTESIAN_POINT('',(98.5,-26.732050808,6.75));
#7741=CARTESIAN_POINT('',(100.,-26.732050808,6.75));
#7742=CARTESIAN_POINT('',(98.5,-28.464101615,3.75));
#7743=CARTESIAN_POINT('',(100.,-28.464101615,3.75));
#7744=CARTESIAN_POINT('',(98.5,-25.,3.75));
#7745=CARTESIAN_POINT('',(100.,-25.,3.75));
#7746=(BOUNDED_SURFACE()
B_SPLINE_SURFACE(2,1,((#7732,#7733),(#7734,#7735),(#7736,#7737),(#7738,#7739),(#7740,#7741),(#7742,#7743),(#7744,#7745)),.UNSPECIFIED.,.F.,.F.,.U.)
B_SPLINE_SURFACE_WITH_KNOTS((3,2,2,3),(2,2),(1.533203626,2.094395102,4.188790205,6.283185307),(0.0085,0.01),.UNSPECIFIED.)
GEOMETRIC_REPRESENTATION_ITEM()
RATIONAL_B_SPLINE_SURFACE(((0.803847577,0.803847577),(0.866025404,0.866025404),(1.,1.),(0.5,0.5),(1.,1.),(0.5,0.5),(1.,1.)))
REPRESENTATION_ITEM('')
SURFACE()
);
#7747=ORIENTED_EDGE('',*,*,#5143,.T.);
#7748=ORIENTED_EDGE('',*,*,#2334,.T.);
#7749=ORIENTED_EDGE('',*,*,#5149,.T.);
#7750=ORIENTED_EDGE('',*,*,#1784,.T.);
#7751=EDGE_LOOP('',(#7747,#7748,#7749,#7750));
#7752=FACE_BOUND('',#7751,.T.);
#7753=ADVANCED_FACE('',(#7752),#7746,.F.);
#7754=CARTESIAN_POINT('',(98.5,27.,5.75));
#7755=CARTESIAN_POINT('',(100.,27.,5.75));
#7756=CARTESIAN_POINT('',(98.5,27.,6.285898385));
#7757=CARTESIAN_POINT('',(100.,27.,6.285898385));
#7758=CARTESIAN_POINT('',(98.5,26.732050808,6.75));
#7759=CARTESIAN_POINT('',(100.,26.732050808,6.75));
#7760=CARTESIAN_POINT('',(98.5,25.,9.75));
#7761=CARTESIAN_POINT('',(100.,25.,9.75));
#7762=CARTESIAN_POINT('',(98.5,23.267949192,6.75));
#7763=CARTESIAN_POINT('',(100.,23.267949192,6.75));
#7764=CARTESIAN_POINT('',(98.5,21.535898385,3.75));
#7765=CARTESIAN_POINT('',(100.,21.535898385,3.75));
#7766=CARTESIAN_POINT('',(98.5,25.,3.75));
#7767=CARTESIAN_POINT('',(100.,25.,3.75));
#7768=(BOUNDED_SURFACE()
B_SPLINE_SURFACE(2,1,((#7754,#7755),(#7756,#7757),(#7758,#7759),(#7760,#7761),(#7762,#7763),(#7764,#7765),(#7766,#7767)),.UNSPECIFIED.,.F.,.F.,.U.)
B_SPLINE_SURFACE_WITH_KNOTS((3,2,2,3),(2,2),(1.533203626,2.094395102,4.188790205,6.283185307),(0.0085,0.01),.UNSPECIFIED.)
GEOMETRIC_REPRESENTATION_ITEM()
RATIONAL_B_SPLINE_SURFACE(((0.803847577,0.803847577),(0.866025404,0.866025404),(1.,1.),(0.5,0.5),(1.,1.),(0.5,0.5),(1.,1.)))
REPRESENTATION_ITEM('')
SURFACE()
);
#7769=ORIENTED_EDGE('',*,*,#5165,.T.);
#7770=ORIENTED_EDGE('',*,*,#2492,.T.);
#7771=ORIENTED_EDGE('',*,*,#5171,.T.);
#7772=ORIENTED_EDGE('',*,*,#1942,.T.);
#7773=EDGE_LOOP('',(#7769,#7770,#7771,#7772));
#7774=FACE_BOUND('',#7773,.T.);
#7775=ADVANCED_FACE('',(#7774),#7768,.F.);
#7776=CARTESIAN_POINT('',(98.5,-21.,7.25));
#7777=CARTESIAN_POINT('',(100.,-21.,7.25));
#7778=CARTESIAN_POINT('',(98.5,-21.,5.75));
#7779=CARTESIAN_POINT('',(100.,-21.,5.75));
#7780=CARTESIAN_POINT('',(98.5,-19.5,5.75));
#7781=CARTESIAN_POINT('',(100.,-19.5,5.75));
#7782=(BOUNDED_SURFACE()
B_SPLINE_SURFACE(2,1,((#7776,#7777),(#7778,#7779),(#7780,#7781)),.UNSPECIFIED.,.F.,.F.,.U.)
B_SPLINE_SURFACE_WITH_KNOTS((3,3),(2,2),(4.749981681,6.283185307),(0.0085,0.01),.UNSPECIFIED.)
GEOMETRIC_REPRESENTATION_ITEM()
RATIONAL_B_SPLINE_SURFACE(((0.803847577,0.803847577),(0.633974596,0.633974596),(1.,1.)))
REPRESENTATION_ITEM('')
SURFACE()
);
#7783=ORIENTED_EDGE('',*,*,#5207,.T.);
#7784=ORIENTED_EDGE('',*,*,#2301,.F.);
#7785=ORIENTED_EDGE('',*,*,#5191,.T.);
#7786=ORIENTED_EDGE('',*,*,#1732,.F.);
#7787=EDGE_LOOP('',(#7783,#7784,#7785,#7786));
#7788=FACE_BOUND('',#7787,.T.);
#7789=ADVANCED_FACE('',(#7788),#7782,.F.);
#7790=CARTESIAN_POINT('',(98.5,-16.,7.25));
#7791=CARTESIAN_POINT('',(100.,-16.,7.25));
#7792=CARTESIAN_POINT('',(98.5,-16.,5.75));
#7793=CARTESIAN_POINT('',(100.,-16.,5.75));
#7794=CARTESIAN_POINT('',(98.5,-14.5,5.75));
#7795=CARTESIAN_POINT('',(100.,-14.5,5.75));
#7796=(BOUNDED_SURFACE()
B_SPLINE_SURFACE(2,1,((#7790,#7791),(#7792,#7793),(#7794,#7795)),.UNSPECIFIED.,.F.,.F.,.U.)
B_SPLINE_SURFACE_WITH_KNOTS((3,3),(2,2),(4.749981681,6.283185307),(0.0085,0.01),.UNSPECIFIED.)
GEOMETRIC_REPRESENTATION_ITEM()
RATIONAL_B_SPLINE_SURFACE(((0.803847577,0.803847577),(0.633974596,0.633974596),(1.,1.)))
REPRESENTATION_ITEM('')
SURFACE()
);
#7797=ORIENTED_EDGE('',*,*,#5287,.T.);
#7798=ORIENTED_EDGE('',*,*,#2255,.F.);
#7799=ORIENTED_EDGE('',*,*,#5271,.T.);
#7800=ORIENTED_EDGE('',*,*,#1686,.F.);
#7801=EDGE_LOOP('',(#7797,#7798,#7799,#7800));
#7802=FACE_BOUND('',#7801,.T.);
#7803=ADVANCED_FACE('',(#7802),#7796,.F.);
#7804=CARTESIAN_POINT('',(98.5,-11.,7.25));
#7805=CARTESIAN_POINT('',(100.,-11.,7.25));
#7806=CARTESIAN_POINT('',(98.5,-11.,5.75));
#7807=CARTESIAN_POINT('',(100.,-11.,5.75));
#7808=CARTESIAN_POINT('',(98.5,-9.5,5.75));
#7809=CARTESIAN_POINT('',(100.,-9.5,5.75));
#7810=(BOUNDED_SURFACE()
B_SPLINE_SURFACE(2,1,((#7804,#7805),(#7806,#7807),(#7808,#7809)),.UNSPECIFIED.,.F.,.F.,.U.)
B_SPLINE_SURFACE_WITH_KNOTS((3,3),(2,2),(4.749981681,6.283185307),(0.0085,0.01),.UNSPECIFIED.)
GEOMETRIC_REPRESENTATION_ITEM()
RATIONAL_B_SPLINE_SURFACE(((0.803847577,0.803847577),(0.633974596,0.633974596),(1.,1.)))
REPRESENTATION_ITEM('')
SURFACE()
);
#7811=ORIENTED_EDGE('',*,*,#5367,.T.);
#7812=ORIENTED_EDGE('',*,*,#2209,.F.);
#7813=ORIENTED_EDGE('',*,*,#5351,.T.);
#7814=ORIENTED_EDGE('',*,*,#1640,.F.);
#7815=EDGE_LOOP('',(#7811,#7812,#7813,#7814));
#7816=FACE_BOUND('',#7815,.T.);
#7817=ADVANCED_FACE('',(#7816),#7810,.F.);
#7818=CARTESIAN_POINT('',(98.5,-6.,7.25));
#7819=CARTESIAN_POINT('',(100.,-6.,7.25));
#7820=CARTESIAN_POINT('',(98.5,-6.,5.75));
#7821=CARTESIAN_POINT('',(100.,-6.,5.75));
#7822=CARTESIAN_POINT('',(98.5,-4.5,5.75));
#7823=CARTESIAN_POINT('',(100.,-4.5,5.75));
#7824=(BOUNDED_SURFACE()
B_SPLINE_SURFACE(2,1,((#7818,#7819),(#7820,#7821),(#7822,#7823)),.UNSPECIFIED.,.F.,.F.,.U.)
B_SPLINE_SURFACE_WITH_KNOTS((3,3),(2,2),(4.749981681,6.283185307),(0.0085,0.01),.UNSPECIFIED.)
GEOMETRIC_REPRESENTATION_ITEM()
RATIONAL_B_SPLINE_SURFACE(((0.803847577,0.803847577),(0.633974596,0.633974596),(1.,1.)))
REPRESENTATION_ITEM('')
SURFACE()
);
#7825=ORIENTED_EDGE('',*,*,#5447,.T.);
#7826=ORIENTED_EDGE('',*,*,#2163,.F.);
#7827=ORIENTED_EDGE('',*,*,#5431,.T.);
#7828=ORIENTED_EDGE('',*,*,#1594,.F.);
#7829=EDGE_LOOP('',(#7825,#7826,#7827,#7828));
#7830=FACE_BOUND('',#7829,.T.);
#7831=ADVANCED_FACE('',(#7830),#7824,.F.);
#7832=CARTESIAN_POINT('',(98.5,-1.,7.25));
#7833=CARTESIAN_POINT('',(100.,-1.,7.25));
#7834=CARTESIAN_POINT('',(98.5,-1.,5.75));
#7835=CARTESIAN_POINT('',(100.,-1.,5.75));
#7836=CARTESIAN_POINT('',(98.5,0.5,5.75));
#7837=CARTESIAN_POINT('',(100.,0.5,5.75));
#7838=(BOUNDED_SURFACE()
B_SPLINE_SURFACE(2,1,((#7832,#7833),(#7834,#7835),(#7836,#7837)),.UNSPECIFIED.,.F.,.F.,.U.)
B_SPLINE_SURFACE_WITH_KNOTS((3,3),(2,2),(4.749981681,6.283185307),(0.0085,0.01),.UNSPECIFIED.)
GEOMETRIC_REPRESENTATION_ITEM()
RATIONAL_B_SPLINE_SURFACE(((0.803847577,0.803847577),(0.633974596,0.633974596),(1.,1.)))
REPRESENTATION_ITEM('')
SURFACE()
);
#7839=ORIENTED_EDGE('',*,*,#5527,.T.);
#7840=ORIENTED_EDGE('',*,*,#2117,.F.);
#7841=ORIENTED_EDGE('',*,*,#5511,.T.);
#7842=ORIENTED_EDGE('',*,*,#1548,.F.);
#7843=EDGE_LOOP('',(#7839,#7840,#7841,#7842));
#7844=FACE_BOUND('',#7843,.T.);
#7845=ADVANCED_FACE('',(#7844),#7838,.F.);
#7846=CARTESIAN_POINT('',(98.5,4.,7.25));
#7847=CARTESIAN_POINT('',(100.,4.,7.25));
#7848=CARTESIAN_POINT('',(98.5,4.,5.75));
#7849=CARTESIAN_POINT('',(100.,4.,5.75));
#7850=CARTESIAN_POINT('',(98.5,5.5,5.75));
#7851=CARTESIAN_POINT('',(100.,5.5,5.75));
#7852=(BOUNDED_SURFACE()
B_SPLINE_SURFACE(2,1,((#7846,#7847),(#7848,#7849),(#7850,#7851)),.UNSPECIFIED.,.F.,.F.,.U.)
B_SPLINE_SURFACE_WITH_KNOTS((3,3),(2,2),(4.749981681,6.283185307),(0.0085,0.01),.UNSPECIFIED.)
GEOMETRIC_REPRESENTATION_ITEM()
RATIONAL_B_SPLINE_SURFACE(((0.803847577,0.803847577),(0.633974596,0.633974596),(1.,1.)))
REPRESENTATION_ITEM('')
SURFACE()
);
#7853=ORIENTED_EDGE('',*,*,#5607,.T.);
#7854=ORIENTED_EDGE('',*,*,#2071,.F.);
#7855=ORIENTED_EDGE('',*,*,#5591,.T.);
#7856=ORIENTED_EDGE('',*,*,#1502,.F.);
#7857=EDGE_LOOP('',(#7853,#7854,#7855,#7856));
#7858=FACE_BOUND('',#7857,.T.);
#7859=ADVANCED_FACE('',(#7858),#7852,.F.);
#7860=CARTESIAN_POINT('',(98.5,9.,7.25));
#7861=CARTESIAN_POINT('',(100.,9.,7.25));
#7862=CARTESIAN_POINT('',(98.5,9.,5.75));
#7863=CARTESIAN_POINT('',(100.,9.,5.75));
#7864=CARTESIAN_POINT('',(98.5,10.5,5.75));
#7865=CARTESIAN_POINT('',(100.,10.5,5.75));
#7866=(BOUNDED_SURFACE()
B_SPLINE_SURFACE(2,1,((#7860,#7861),(#7862,#7863),(#7864,#7865)),.UNSPECIFIED.,.F.,.F.,.U.)
B_SPLINE_SURFACE_WITH_KNOTS((3,3),(2,2),(4.749981681,6.283185307),(0.0085,0.01),.UNSPECIFIED.)
GEOMETRIC_REPRESENTATION_ITEM()
RATIONAL_B_SPLINE_SURFACE(((0.803847577,0.803847577),(0.633974596,0.633974596),(1.,1.)))
REPRESENTATION_ITEM('')
SURFACE()
);
#7867=ORIENTED_EDGE('',*,*,#5687,.T.);
#7868=ORIENTED_EDGE('',*,*,#2025,.F.);
#7869=ORIENTED_EDGE('',*,*,#5671,.T.);
#7870=ORIENTED_EDGE('',*,*,#1456,.F.);
#7871=EDGE_LOOP('',(#7867,#7868,#7869,#7870));
#7872=FACE_BOUND('',#7871,.T.);
#7873=ADVANCED_FACE('',(#7872),#7866,.F.);
#7874=CARTESIAN_POINT('',(98.5,14.,7.25));
#7875=CARTESIAN_POINT('',(100.,14.,7.25));
#7876=CARTESIAN_POINT('',(98.5,14.,5.75));
#7877=CARTESIAN_POINT('',(100.,14.,5.75));
#7878=CARTESIAN_POINT('',(98.5,15.5,5.75));
#7879=CARTESIAN_POINT('',(100.,15.5,5.75));
#7880=(BOUNDED_SURFACE()
B_SPLINE_SURFACE(2,1,((#7874,#7875),(#7876,#7877),(#7878,#7879)),.UNSPECIFIED.,.F.,.F.,.U.)
B_SPLINE_SURFACE_WITH_KNOTS((3,3),(2,2),(4.749981681,6.283185307),(0.0085,0.01),.UNSPECIFIED.)
GEOMETRIC_REPRESENTATION_ITEM()
RATIONAL_B_SPLINE_SURFACE(((0.803847577,0.803847577),(0.633974596,0.633974596),(1.,1.)))
REPRESENTATION_ITEM('')
SURFACE()
);
#7881=ORIENTED_EDGE('',*,*,#5767,.T.);
#7882=ORIENTED_EDGE('',*,*,#1979,.F.);
#7883=ORIENTED_EDGE('',*,*,#5751,.T.);
#7884=ORIENTED_EDGE('',*,*,#1410,.F.);
#7885=EDGE_LOOP('',(#7881,#7882,#7883,#7884));
#7886=FACE_BOUND('',#7885,.T.);
#7887=ADVANCED_FACE('',(#7886),#7880,.F.);
#7888=CARTESIAN_POINT('',(-98.5,19.,54.25));
#7889=CARTESIAN_POINT('',(-100.,19.,54.25));
#7890=CARTESIAN_POINT('',(-98.5,19.,55.75));
#7891=CARTESIAN_POINT('',(-100.,19.,55.75));
#7892=CARTESIAN_POINT('',(-98.5,20.5,55.75));
#7893=CARTESIAN_POINT('',(-100.,20.5,55.75));
#7894=(BOUNDED_SURFACE()
B_SPLINE_SURFACE(2,1,((#7888,#7889),(#7890,#7891),(#7892,#7893)),.UNSPECIFIED.,.F.,.F.,.U.)
B_SPLINE_SURFACE_WITH_KNOTS((3,3),(2,2),(4.749981681,6.283185307),(0.0105,0.012),.UNSPECIFIED.)
GEOMETRIC_REPRESENTATION_ITEM()
RATIONAL_B_SPLINE_SURFACE(((0.803847577,0.803847577),(0.633974596,0.633974596),(1.,1.)))
REPRESENTATION_ITEM('')
SURFACE()
);
#7895=ORIENTED_EDGE('',*,*,#5889,.T.);
#7896=ORIENTED_EDGE('',*,*,#1213,.T.);
#7897=ORIENTED_EDGE('',*,*,#5832,.T.);
#7898=ORIENTED_EDGE('',*,*,#654,.T.);
#7899=EDGE_LOOP('',(#7895,#7896,#7897,#7898));
#7900=FACE_BOUND('',#7899,.T.);
#7901=ADVANCED_FACE('',(#7900),#7894,.F.);
#7902=CARTESIAN_POINT('',(-98.5,-23.,55.75));
#7903=CARTESIAN_POINT('',(-100.,-23.,55.75));
#7904=CARTESIAN_POINT('',(-98.5,-23.,55.214101615));
#7905=CARTESIAN_POINT('',(-100.,-23.,55.214101615));
#7906=CARTESIAN_POINT('',(-98.5,-23.267949192,54.75));
#7907=CARTESIAN_POINT('',(-100.,-23.267949192,54.75));
#7908=CARTESIAN_POINT('',(-98.5,-25.,51.75));
#7909=CARTESIAN_POINT('',(-100.,-25.,51.75));
#7910=CARTESIAN_POINT('',(-98.5,-26.732050808,54.75));
#7911=CARTESIAN_POINT('',(-100.,-26.732050808,54.75));
#7912=CARTESIAN_POINT('',(-98.5,-28.464101615,57.75));
#7913=CARTESIAN_POINT('',(-100.,-28.464101615,57.75));
#7914=CARTESIAN_POINT('',(-98.5,-25.,57.75));
#7915=CARTESIAN_POINT('',(-100.,-25.,57.75));
#7916=(BOUNDED_SURFACE()
B_SPLINE_SURFACE(2,1,((#7902,#7903),(#7904,#7905),(#7906,#7907),(#7908,#7909),(#7910,#7911),(#7912,#7913),(#7914,#7915)),.UNSPECIFIED.,.F.,.F.,.U.)
B_SPLINE_SURFACE_WITH_KNOTS((3,2,2,3),(2,2),(1.533203626,2.094395102,4.188790205,6.283185307),(0.0105,0.012),.UNSPECIFIED.)
GEOMETRIC_REPRESENTATION_ITEM()
RATIONAL_B_SPLINE_SURFACE(((0.803847577,0.803847577),(0.866025404,0.866025404),(1.,1.),(0.5,0.5),(1.,1.),(0.5,0.5),(1.,1.)))
REPRESENTATION_ITEM('')
SURFACE()
);
#7917=ORIENTED_EDGE('',*,*,#5907,.T.);
#7918=ORIENTED_EDGE('',*,*,#1278,.F.);
#7919=ORIENTED_EDGE('',*,*,#5913,.T.);
#7920=ORIENTED_EDGE('',*,*,#728,.F.);
#7921=EDGE_LOOP('',(#7917,#7918,#7919,#7920));
#7922=FACE_BOUND('',#7921,.T.);
#7923=ADVANCED_FACE('',(#7922),#7916,.F.);
#7924=CARTESIAN_POINT('',(-98.5,27.,55.75));
#7925=CARTESIAN_POINT('',(-100.,27.,55.75));
#7926=CARTESIAN_POINT('',(-98.5,27.,55.214101615));
#7927=CARTESIAN_POINT('',(-100.,27.,55.214101615));
#7928=CARTESIAN_POINT('',(-98.5,26.732050808,54.75));
#7929=CARTESIAN_POINT('',(-100.,26.732050808,54.75));
#7930=CARTESIAN_POINT('',(-98.5,25.,51.75));
#7931=CARTESIAN_POINT('',(-100.,25.,51.75));
#7932=CARTESIAN_POINT('',(-98.5,23.267949192,54.75));
#7933=CARTESIAN_POINT('',(-100.,23.267949192,54.75));
#7934=CARTESIAN_POINT('',(-98.5,21.535898385,57.75));
#7935=CARTESIAN_POINT('',(-100.,21.535898385,57.75));
#7936=CARTESIAN_POINT('',(-98.5,25.,57.75));
#7937=CARTESIAN_POINT('',(-100.,25.,57.75));
#7938=(BOUNDED_SURFACE()
B_SPLINE_SURFACE(2,1,((#7924,#7925),(#7926,#7927),(#7928,#7929),(#7930,#7931),(#7932,#7933),(#7934,#7935),(#7936,#7937)),.UNSPECIFIED.,.F.,.F.,.U.)
B_SPLINE_SURFACE_WITH_KNOTS((3,2,2,3),(2,2),(1.533203626,2.094395102,4.188790205,6.283185307),(0.0105,0.012),.UNSPECIFIED.)
GEOMETRIC_REPRESENTATION_ITEM()
RATIONAL_B_SPLINE_SURFACE(((0.803847577,0.803847577),(0.866025404,0.866025404),(1.,1.),(0.5,0.5),(1.,1.),(0.5,0.5),(1.,1.)))
REPRESENTATION_ITEM('')
SURFACE()
);
#7939=ORIENTED_EDGE('',*,*,#5929,.T.);
#7940=ORIENTED_EDGE('',*,*,#1308,.F.);
#7941=ORIENTED_EDGE('',*,*,#5935,.T.);
#7942=ORIENTED_EDGE('',*,*,#758,.F.);
#7943=EDGE_LOOP('',(#7939,#7940,#7941,#7942));
#7944=FACE_BOUND('',#7943,.T.);
#7945=ADVANCED_FACE('',(#7944),#7938,.F.);
#7946=CARTESIAN_POINT('',(-98.5,-23.,5.75));
#7947=CARTESIAN_POINT('',(-100.,-23.,5.75));
#7948=CARTESIAN_POINT('',(-98.5,-23.,5.214101615));
#7949=CARTESIAN_POINT('',(-100.,-23.,5.214101615));
#7950=CARTESIAN_POINT('',(-98.5,-23.267949192,4.75));
#7951=CARTESIAN_POINT('',(-100.,-23.267949192,4.75));
#7952=CARTESIAN_POINT('',(-98.5,-25.,1.75));
#7953=CARTESIAN_POINT('',(-100.,-25.,1.75));
#7954=CARTESIAN_POINT('',(-98.5,-26.732050808,4.75));
#7955=CARTESIAN_POINT('',(-100.,-26.732050808,4.75));
#7956=CARTESIAN_POINT('',(-98.5,-28.464101615,7.75));
#7957=CARTESIAN_POINT('',(-100.,-28.464101615,7.75));
#7958=CARTESIAN_POINT('',(-98.5,-25.,7.75));
#7959=CARTESIAN_POINT('',(-100.,-25.,7.75));
#7960=(BOUNDED_SURFACE()
B_SPLINE_SURFACE(2,1,((#7946,#7947),(#7948,#7949),(#7950,#7951),(#7952,#7953),(#7954,#7955),(#7956,#7957),(#7958,#7959)),.UNSPECIFIED.,.F.,.F.,.U.)
B_SPLINE_SURFACE_WITH_KNOTS((3,2,2,3),(2,2),(1.533203626,2.094395102,4.188790205,6.283185307),(0.0105,0.012),.UNSPECIFIED.)
GEOMETRIC_REPRESENTATION_ITEM()
RATIONAL_B_SPLINE_SURFACE(((0.803847577,0.803847577),(0.866025404,0.866025404),(1.,1.),(0.5,0.5),(1.,1.),(0.5,0.5),(1.,1.)))
REPRESENTATION_ITEM('')
SURFACE()
);
#7961=ORIENTED_EDGE('',*,*,#5951,.T.);
#7962=ORIENTED_EDGE('',*,*,#1338,.F.);
#7963=ORIENTED_EDGE('',*,*,#5957,.T.);
#7964=ORIENTED_EDGE('',*,*,#788,.F.);
#7965=EDGE_LOOP('',(#7961,#7962,#7963,#7964));
#7966=FACE_BOUND('',#7965,.T.);
#7967=ADVANCED_FACE('',(#7966),#7960,.F.);
#7968=CARTESIAN_POINT('',(-98.5,27.,5.75));
#7969=CARTESIAN_POINT('',(-100.,27.,5.75));
#7970=CARTESIAN_POINT('',(-98.5,27.,5.214101615));
#7971=CARTESIAN_POINT('',(-100.,27.,5.214101615));
#7972=CARTESIAN_POINT('',(-98.5,26.732050808,4.75));
#7973=CARTESIAN_POINT('',(-100.,26.732050808,4.75));
#7974=CARTESIAN_POINT('',(-98.5,25.,1.75));
#7975=CARTESIAN_POINT('',(-100.,25.,1.75));
#7976=CARTESIAN_POINT('',(-98.5,23.267949192,4.75));
#7977=CARTESIAN_POINT('',(-100.,23.267949192,4.75));
#7978=CARTESIAN_POINT('',(-98.5,21.535898385,7.75));
#7979=CARTESIAN_POINT('',(-100.,21.535898385,7.75));
#7980=CARTESIAN_POINT('',(-98.5,25.,7.75));
#7981=CARTESIAN_POINT('',(-100.,25.,7.75));
#7982=(BOUNDED_SURFACE()
B_SPLINE_SURFACE(2,1,((#7968,#7969),(#7970,#7971),(#7972,#7973),(#7974,#7975),(#7976,#7977),(#7978,#7979),(#7980,#7981)),.UNSPECIFIED.,.F.,.F.,.U.)
B_SPLINE_SURFACE_WITH_KNOTS((3,2,2,3),(2,2),(1.533203626,2.094395102,4.188790205,6.283185307),(0.0105,0.012),.UNSPECIFIED.)
GEOMETRIC_REPRESENTATION_ITEM()
RATIONAL_B_SPLINE_SURFACE(((0.803847577,0.803847577),(0.866025404,0.866025404),(1.,1.),(0.5,0.5),(1.,1.),(0.5,0.5),(1.,1.)))
REPRESENTATION_ITEM('')
SURFACE()
);
#7983=ORIENTED_EDGE('',*,*,#5973,.T.);
#7984=ORIENTED_EDGE('',*,*,#1368,.F.);
#7985=ORIENTED_EDGE('',*,*,#5979,.T.);
#7986=ORIENTED_EDGE('',*,*,#818,.F.);
#7987=EDGE_LOOP('',(#7983,#7984,#7985,#7986));
#7988=FACE_BOUND('',#7987,.T.);
#7989=ADVANCED_FACE('',(#7988),#7982,.F.);
#7990=CARTESIAN_POINT('',(-98.5,-21.,54.25));
#7991=CARTESIAN_POINT('',(-100.,-21.,54.25));
#7992=CARTESIAN_POINT('',(-98.5,-21.,55.75));
#7993=CARTESIAN_POINT('',(-100.,-21.,55.75));
#7994=CARTESIAN_POINT('',(-98.5,-19.5,55.75));
#7995=CARTESIAN_POINT('',(-100.,-19.5,55.75));
#7996=(BOUNDED_SURFACE()
B_SPLINE_SURFACE(2,1,((#7990,#7991),(#7992,#7993),(#7994,#7995)),.UNSPECIFIED.,.F.,.F.,.U.)
B_SPLINE_SURFACE_WITH_KNOTS((3,3),(2,2),(4.749981681,6.283185307),(0.0105,0.012),.UNSPECIFIED.)
GEOMETRIC_REPRESENTATION_ITEM()
RATIONAL_B_SPLINE_SURFACE(((0.803847577,0.803847577),(0.633974596,0.633974596),(1.,1.)))
REPRESENTATION_ITEM('')
SURFACE()
);
#7997=ORIENTED_EDGE('',*,*,#6057,.T.);
#7998=ORIENTED_EDGE('',*,*,#1167,.T.);
#7999=ORIENTED_EDGE('',*,*,#6000,.T.);
#8000=ORIENTED_EDGE('',*,*,#608,.T.);
#8001=EDGE_LOOP('',(#7997,#7998,#7999,#8000));
#8002=FACE_BOUND('',#8001,.T.);
#8003=ADVANCED_FACE('',(#8002),#7996,.F.);
#8004=CARTESIAN_POINT('',(-98.5,-16.,54.25));
#8005=CARTESIAN_POINT('',(-100.,-16.,54.25));
#8006=CARTESIAN_POINT('',(-98.5,-16.,55.75));
#8007=CARTESIAN_POINT('',(-100.,-16.,55.75));
#8008=CARTESIAN_POINT('',(-98.5,-14.5,55.75));
#8009=CARTESIAN_POINT('',(-100.,-14.5,55.75));
#8010=(BOUNDED_SURFACE()
B_SPLINE_SURFACE(2,1,((#8004,#8005),(#8006,#8007),(#8008,#8009)),.UNSPECIFIED.,.F.,.F.,.U.)
B_SPLINE_SURFACE_WITH_KNOTS((3,3),(2,2),(4.749981681,6.283185307),(0.0105,0.012),.UNSPECIFIED.)
GEOMETRIC_REPRESENTATION_ITEM()
RATIONAL_B_SPLINE_SURFACE(((0.803847577,0.803847577),(0.633974596,0.633974596),(1.,1.)))
REPRESENTATION_ITEM('')
SURFACE()
);
#8011=ORIENTED_EDGE('',*,*,#6137,.T.);
#8012=ORIENTED_EDGE('',*,*,#1121,.T.);
#8013=ORIENTED_EDGE('',*,*,#6080,.T.);
#8014=ORIENTED_EDGE('',*,*,#562,.T.);
#8015=EDGE_LOOP('',(#8011,#8012,#8013,#8014));
#8016=FACE_BOUND('',#8015,.T.);
#8017=ADVANCED_FACE('',(#8016),#8010,.F.);
#8018=CARTESIAN_POINT('',(-98.5,-11.,54.25));
#8019=CARTESIAN_POINT('',(-100.,-11.,54.25));
#8020=CARTESIAN_POINT('',(-98.5,-11.,55.75));
#8021=CARTESIAN_POINT('',(-100.,-11.,55.75));
#8022=CARTESIAN_POINT('',(-98.5,-9.5,55.75));
#8023=CARTESIAN_POINT('',(-100.,-9.5,55.75));
#8024=(BOUNDED_SURFACE()
B_SPLINE_SURFACE(2,1,((#8018,#8019),(#8020,#8021),(#8022,#8023)),.UNSPECIFIED.,.F.,.F.,.U.)
B_SPLINE_SURFACE_WITH_KNOTS((3,3),(2,2),(4.749981681,6.283185307),(0.0105,0.012),.UNSPECIFIED.)
GEOMETRIC_REPRESENTATION_ITEM()
RATIONAL_B_SPLINE_SURFACE(((0.803847577,0.803847577),(0.633974596,0.633974596),(1.,1.)))
REPRESENTATION_ITEM('')
SURFACE()
);
#8025=ORIENTED_EDGE('',*,*,#6217,.T.);
#8026=ORIENTED_EDGE('',*,*,#1075,.T.);
#8027=ORIENTED_EDGE('',*,*,#6160,.T.);
#8028=ORIENTED_EDGE('',*,*,#516,.T.);
#8029=EDGE_LOOP('',(#8025,#8026,#8027,#8028));
#8030=FACE_BOUND('',#8029,.T.);
#8031=ADVANCED_FACE('',(#8030),#8024,.F.);
#8032=CARTESIAN_POINT('',(-98.5,-6.,54.25));
#8033=CARTESIAN_POINT('',(-100.,-6.,54.25));
#8034=CARTESIAN_POINT('',(-98.5,-6.,55.75));
#8035=CARTESIAN_POINT('',(-100.,-6.,55.75));
#8036=CARTESIAN_POINT('',(-98.5,-4.5,55.75));
#8037=CARTESIAN_POINT('',(-100.,-4.5,55.75));
#8038=(BOUNDED_SURFACE()
B_SPLINE_SURFACE(2,1,((#8032,#8033),(#8034,#8035),(#8036,#8037)),.UNSPECIFIED.,.F.,.F.,.U.)
B_SPLINE_SURFACE_WITH_KNOTS((3,3),(2,2),(4.749981681,6.283185307),(0.0105,0.012),.UNSPECIFIED.)
GEOMETRIC_REPRESENTATION_ITEM()
RATIONAL_B_SPLINE_SURFACE(((0.803847577,0.803847577),(0.633974596,0.633974596),(1.,1.)))
REPRESENTATION_ITEM('')
SURFACE()
);
#8039=ORIENTED_EDGE('',*,*,#6297,.T.);
#8040=ORIENTED_EDGE('',*,*,#1029,.T.);
#8041=ORIENTED_EDGE('',*,*,#6240,.T.);
#8042=ORIENTED_EDGE('',*,*,#470,.T.);
#8043=EDGE_LOOP('',(#8039,#8040,#8041,#8042));
#8044=FACE_BOUND('',#8043,.T.);
#8045=ADVANCED_FACE('',(#8044),#8038,.F.);
#8046=CARTESIAN_POINT('',(-98.5,-1.,54.25));
#8047=CARTESIAN_POINT('',(-100.,-1.,54.25));
#8048=CARTESIAN_POINT('',(-98.5,-1.,55.75));
#8049=CARTESIAN_POINT('',(-100.,-1.,55.75));
#8050=CARTESIAN_POINT('',(-98.5,0.5,55.75));
#8051=CARTESIAN_POINT('',(-100.,0.5,55.75));
#8052=(BOUNDED_SURFACE()
B_SPLINE_SURFACE(2,1,((#8046,#8047),(#8048,#8049),(#8050,#8051)),.UNSPECIFIED.,.F.,.F.,.U.)
B_SPLINE_SURFACE_WITH_KNOTS((3,3),(2,2),(4.749981681,6.283185307),(0.0105,0.012),.UNSPECIFIED.)
GEOMETRIC_REPRESENTATION_ITEM()
RATIONAL_B_SPLINE_SURFACE(((0.803847577,0.803847577),(0.633974596,0.633974596),(1.,1.)))
REPRESENTATION_ITEM('')
SURFACE()
);
#8053=ORIENTED_EDGE('',*,*,#6377,.T.);
#8054=ORIENTED_EDGE('',*,*,#983,.T.);
#8055=ORIENTED_EDGE('',*,*,#6320,.T.);
#8056=ORIENTED_EDGE('',*,*,#424,.T.);
#8057=EDGE_LOOP('',(#8053,#8054,#8055,#8056));
#8058=FACE_BOUND('',#8057,.T.);
#8059=ADVANCED_FACE('',(#8058),#8052,.F.);
#8060=CARTESIAN_POINT('',(-98.5,4.,54.25));
#8061=CARTESIAN_POINT('',(-100.,4.,54.25));
#8062=CARTESIAN_POINT('',(-98.5,4.,55.75));
#8063=CARTESIAN_POINT('',(-100.,4.,55.75));
#8064=CARTESIAN_POINT('',(-98.5,5.5,55.75));
#8065=CARTESIAN_POINT('',(-100.,5.5,55.75));
#8066=(BOUNDED_SURFACE()
B_SPLINE_SURFACE(2,1,((#8060,#8061),(#8062,#8063),(#8064,#8065)),.UNSPECIFIED.,.F.,.F.,.U.)
B_SPLINE_SURFACE_WITH_KNOTS((3,3),(2,2),(4.749981681,6.283185307),(0.0105,0.012),.UNSPECIFIED.)
GEOMETRIC_REPRESENTATION_ITEM()
RATIONAL_B_SPLINE_SURFACE(((0.803847577,0.803847577),(0.633974596,0.633974596),(1.,1.)))
REPRESENTATION_ITEM('')
SURFACE()
);
#8067=ORIENTED_EDGE('',*,*,#6457,.T.);
#8068=ORIENTED_EDGE('',*,*,#937,.T.);
#8069=ORIENTED_EDGE('',*,*,#6400,.T.);
#8070=ORIENTED_EDGE('',*,*,#378,.T.);
#8071=EDGE_LOOP('',(#8067,#8068,#8069,#8070));
#8072=FACE_BOUND('',#8071,.T.);
#8073=ADVANCED_FACE('',(#8072),#8066,.F.);
#8074=CARTESIAN_POINT('',(-98.5,9.,54.25));
#8075=CARTESIAN_POINT('',(-100.,9.,54.25));
#8076=CARTESIAN_POINT('',(-98.5,9.,55.75));
#8077=CARTESIAN_POINT('',(-100.,9.,55.75));
#8078=CARTESIAN_POINT('',(-98.5,10.5,55.75));
#8079=CARTESIAN_POINT('',(-100.,10.5,55.75));
#8080=(BOUNDED_SURFACE()
B_SPLINE_SURFACE(2,1,((#8074,#8075),(#8076,#8077),(#8078,#8079)),.UNSPECIFIED.,.F.,.F.,.U.)
B_SPLINE_SURFACE_WITH_KNOTS((3,3),(2,2),(4.749981681,6.283185307),(0.0105,0.012),.UNSPECIFIED.)
GEOMETRIC_REPRESENTATION_ITEM()
RATIONAL_B_SPLINE_SURFACE(((0.803847577,0.803847577),(0.633974596,0.633974596),(1.,1.)))
REPRESENTATION_ITEM('')
SURFACE()
);
#8081=ORIENTED_EDGE('',*,*,#6537,.T.);
#8082=ORIENTED_EDGE('',*,*,#891,.T.);
#8083=ORIENTED_EDGE('',*,*,#6480,.T.);
#8084=ORIENTED_EDGE('',*,*,#332,.T.);
#8085=EDGE_LOOP('',(#8081,#8082,#8083,#8084));
#8086=FACE_BOUND('',#8085,.T.);
#8087=ADVANCED_FACE('',(#8086),#8080,.F.);
#8088=CARTESIAN_POINT('',(-98.5,14.,54.25));
#8089=CARTESIAN_POINT('',(-100.,14.,54.25));
#8090=CARTESIAN_POINT('',(-98.5,14.,55.75));
#8091=CARTESIAN_POINT('',(-100.,14.,55.75));
#8092=CARTESIAN_POINT('',(-98.5,15.5,55.75));
#8093=CARTESIAN_POINT('',(-100.,15.5,55.75));
#8094=(BOUNDED_SURFACE()
B_SPLINE_SURFACE(2,1,((#8088,#8089),(#8090,#8091),(#8092,#8093)),.UNSPECIFIED.,.F.,.F.,.U.)
B_SPLINE_SURFACE_WITH_KNOTS((3,3),(2,2),(4.749981681,6.283185307),(0.0105,0.012),.UNSPECIFIED.)
GEOMETRIC_REPRESENTATION_ITEM()
RATIONAL_B_SPLINE_SURFACE(((0.803847577,0.803847577),(0.633974596,0.633974596),(1.,1.)))
REPRESENTATION_ITEM('')
SURFACE()
);
#8095=ORIENTED_EDGE('',*,*,#6617,.T.);
#8096=ORIENTED_EDGE('',*,*,#845,.T.);
#8097=ORIENTED_EDGE('',*,*,#6560,.T.);
#8098=ORIENTED_EDGE('',*,*,#286,.T.);
#8099=EDGE_LOOP('',(#8095,#8096,#8097,#8098));
#8100=FACE_BOUND('',#8099,.T.);
#8101=ADVANCED_FACE('',(#8100),#8094,.F.);
#8102=CLOSED_SHELL('',(#238,#822,#1384,#1946,#2508,#2576,#2796,#2886,#3002,#3356,#3484,#3521,#3543,#3574,#3590,#3634,#3656,#3687,#3703,#3731,#3772,#3809,#3850,#3887,#3909,#3940,
#3956,#3984,#4006,#4037,#4053,#4081,#4103,#4125,#4150,#4178,#4215,#4231,#4247,#4275,#4297,#4328,#4344,#4372,#4413,#4450,#4491,#4528,#4548,#4564,#4580,
#4592,#4612,#4628,#4644,#4656,#4672,#4688,#4700,#4726,#4752,#4768,#4784,#4800,#4816,#4838,#4864,#4886,#4912,#4934,#4960,#4982,#5008,#5028,#5050,#5066,
#5088,#5110,#5132,#5154,#5176,#5196,#5218,#5234,#5256,#5276,#5298,#5314,#5336,#5356,#5378,#5394,#5416,#5436,#5458,#5474,#5496,#5516,#5538,#5554,#5576,
#5596,#5618,#5634,#5656,#5676,#5698,#5714,#5736,#5756,#5778,#5794,#5816,#5836,#5862,#5878,#5896,#5918,#5940,#5962,#5984,#6004,#6030,#6046,#6064,#6084,
#6110,#6126,#6144,#6164,#6190,#6206,#6224,#6244,#6270,#6286,#6304,#6324,#6350,#6366,#6384,#6404,#6430,#6446,#6464,#6484,#6510,#6526,#6544,#6564,#6590,
#6606,#6624,#6646,#6672,#6694,#6720,#6742,#6768,#6790,#6816,#6838,#6864,#6886,#6912,#6934,#6960,#6982,#7008,#7030,#7056,#7078,#7104,#7126,#7152,#7174,
#7200,#7228,#7267,#7306,#7345,#7384,#7423,#7439,#7478,#7512,#7535,#7553,#7565,#7577,#7589,#7601,#7619,#7637,#7655,#7673,#7687,#7709,#7731,#7753,#7775,
#7789,#7803,#7817,#7831,#7845,#7859,#7873,#7887,#7901,#7923,#7945,#7967,#7989,#8003,#8017,#8031,#8045,#8059,#8073,#8087,#8101));
#8103=MANIFOLD_SOLID_BREP('\X2\04220435043B043E\X0\_1:1',#8102);
#8104=COLOUR_RGB('',0.768627465,0.768627465,0.768627465);
#8105=FILL_AREA_STYLE_COLOUR('',#8104);
#8106=FILL_AREA_STYLE('',(#8105));
#8107=SURFACE_STYLE_FILL_AREA(#8106);
#8108=SURFACE_SIDE_STYLE('',(#8107));
#8109=SURFACE_STYLE_USAGE(.BOTH.,#8108);
#8110=PRESENTATION_STYLE_ASSIGNMENT((#8109));
#26=STYLED_ITEM('',(#8110),#8103);
#8111=(NAMED_UNIT(*)PLANE_ANGLE_UNIT()SI_UNIT($,.RADIAN.));
#8112=PLANE_ANGLE_MEASURE_WITH_UNIT(PLANE_ANGLE_MEASURE(0.0174532925),#8111);
#8113=(CONVERSION_BASED_UNIT('DEGREE',#8112)NAMED_UNIT(#8114)PLANE_ANGLE_UNIT());
#8114=DIMENSIONAL_EXPONENTS(0.,0.,0.,0.,0.,0.,0.);
#8115=(NAMED_UNIT(*)SI_UNIT($,.STERADIAN.)SOLID_ANGLE_UNIT());
#8116=(LENGTH_UNIT()NAMED_UNIT(*)SI_UNIT(.MILLI.,.METRE.));
#8117=UNCERTAINTY_MEASURE_WITH_UNIT(LENGTH_MEASURE(1.000000E-03),#8116,'DISTANCE_ACCURACY_VALUE','Maximum Tolerance applied to model');
#8118=(GEOMETRIC_REPRESENTATION_CONTEXT(3)GLOBAL_UNCERTAINTY_ASSIGNED_CONTEXT((#8117))GLOBAL_UNIT_ASSIGNED_CONTEXT((#8116,#8113,#8115))REPRESENTATION_CONTEXT('','0'));
#8120=CARTESIAN_POINT('',(0.,0.,0.));
#8121=DIRECTION('',(0.,0.,1.));
#8122=DIRECTION('',(1.,0.,0.));
#8123=AXIS2_PLACEMENT_3D('',#8120,#8121,#8122);
#8134=CARTESIAN_POINT('',(0.,0.,0.));
#8135=DIRECTION('',(0.,0.,1.));
#8136=DIRECTION('',(1.,0.,-0.));
#8137=AXIS2_PLACEMENT_3D('',#8134,#8135,#8136);
#8138=ITEM_DEFINED_TRANSFORMATION('','',#8137,#8123);
#8139=(REPRESENTATION_RELATIONSHIP('','',#8124,#16)REPRESENTATION_RELATIONSHIP_WITH_TRANSFORMATION(#8138)SHAPE_REPRESENTATION_RELATIONSHIP());
#8140=NEXT_ASSEMBLY_USAGE_OCCURRENCE('Nodes_1','Nodes','Nodes',#25,#8133,$);
#8141=PRODUCT_DEFINITION_SHAPE('','',#8140);
#8142=CONTEXT_DEPENDENT_SHAPE_REPRESENTATION(#8139,#8141);
#8143=(NAMED_UNIT(*)PLANE_ANGLE_UNIT()SI_UNIT($,.RADIAN.));
#8144=PLANE_ANGLE_MEASURE_WITH_UNIT(PLANE_ANGLE_MEASURE(0.0174532925),#8143);
#8145=(CONVERSION_BASED_UNIT('DEGREE',#8144)NAMED_UNIT(#8146)PLANE_ANGLE_UNIT());
#8146=DIMENSIONAL_EXPONENTS(0.,0.,0.,0.,0.,0.,0.);
#8147=(NAMED_UNIT(*)SI_UNIT($,.STERADIAN.)SOLID_ANGLE_UNIT());
#8148=(LENGTH_UNIT()NAMED_UNIT(*)SI_UNIT(.MILLI.,.METRE.));
#8149=UNCERTAINTY_MEASURE_WITH_UNIT(LENGTH_MEASURE(1.000000E-03),#8148,'DISTANCE_ACCURACY_VALUE','Maximum Tolerance applied to model');
#8150=(GEOMETRIC_REPRESENTATION_CONTEXT(3)GLOBAL_UNCERTAINTY_ASSIGNED_CONTEXT((#8149))GLOBAL_UNIT_ASSIGNED_CONTEXT((#8148,#8145,#8147))REPRESENTATION_CONTEXT('','3D \X2\042304370435043B\X0\_1'));
#8152=CARTESIAN_POINT('',(0.,0.,0.));
#8153=DIRECTION('',(0.,0.,1.));
#8154=DIRECTION('',(1.,0.,0.));
#8155=AXIS2_PLACEMENT_3D('',#8152,#8153,#8154);
#8166=CARTESIAN_POINT('',(0.,0.,0.));
#8167=DIRECTION('',(0.,0.,1.));
#8168=DIRECTION('',(1.,0.,-0.));
#8169=AXIS2_PLACEMENT_3D('',#8166,#8167,#8168);
#8170=ITEM_DEFINED_TRANSFORMATION('','',#8169,#8155);
#8171=(REPRESENTATION_RELATIONSHIP('','',#8156,#8124)REPRESENTATION_RELATIONSHIP_WITH_TRANSFORMATION(#8170)SHAPE_REPRESENTATION_RELATIONSHIP());
#8172=NEXT_ASSEMBLY_USAGE_OCCURRENCE('3D \X2\042304370435043B\X0\_1_2','3D \X2\042304370435043B\X0\_1','3D \X2\042304370435043B\X0\_1',#8133,#8165,$);
#8173=PRODUCT_DEFINITION_SHAPE('','',#8172);
#8174=CONTEXT_DEPENDENT_SHAPE_REPRESENTATION(#8171,#8173);
#8175=CARTESIAN_POINT('',(68.5,36.,61.5));
#8176=GEOMETRIC_CURVE_SET('',(#8175));
#8156=SHAPE_REPRESENTATION('3D \X2\042304370435043B\X0\_1',(#8155),#8150);
#8158=GEOMETRICALLY_BOUNDED_WIREFRAME_SHAPE_REPRESENTATION('3D \X2\042304370435043B\X0\_1',(#8176),#8150);
#8184=SHAPE_REPRESENTATION_RELATIONSHIP('','',#8156,#8158);
#8185=APPLICATION_CONTEXT('data for automotive mechanical design processes');
#8186=APPLICATION_PROTOCOL_DEFINITION('international standard','automotive_design',1994,#8185);
#8187=PRODUCT_CONTEXT('',#8185,'mechanical');
#8188=PRODUCT_DEFINITION_CONTEXT('part definition',#8185,'design');
#8164=PRODUCT('3D \X2\042304370435043B\X0\_1','3D \X2\042304370435043B\X0\_1','',(#8187));
#8189=PRODUCT_RELATED_PRODUCT_CATEGORY('part','',(#8164));
#8190=PRODUCT_DEFINITION_FORMATION_WITH_SPECIFIED_SOURCE('','',#8164,.NOT_KNOWN.);
#8165=PRODUCT_DEFINITION('design','',#8190,#8188);
#8163=PRODUCT_DEFINITION_SHAPE('','',#8165);
#8191=SHAPE_DEFINITION_REPRESENTATION(#8163,#8156);
#8151=DRAUGHTING_MODEL('',(),#8150);
#8192=(NAMED_UNIT(*)PLANE_ANGLE_UNIT()SI_UNIT($,.RADIAN.));
#8193=PLANE_ANGLE_MEASURE_WITH_UNIT(PLANE_ANGLE_MEASURE(0.0174532925),#8192);
#8194=(CONVERSION_BASED_UNIT('DEGREE',#8193)NAMED_UNIT(#8195)PLANE_ANGLE_UNIT());
#8195=DIMENSIONAL_EXPONENTS(0.,0.,0.,0.,0.,0.,0.);
#8196=(NAMED_UNIT(*)SI_UNIT($,.STERADIAN.)SOLID_ANGLE_UNIT());
#8197=(LENGTH_UNIT()NAMED_UNIT(*)SI_UNIT(.MILLI.,.METRE.));
#8198=UNCERTAINTY_MEASURE_WITH_UNIT(LENGTH_MEASURE(1.000000E-03),#8197,'DISTANCE_ACCURACY_VALUE','Maximum Tolerance applied to model');
#8199=(GEOMETRIC_REPRESENTATION_CONTEXT(3)GLOBAL_UNCERTAINTY_ASSIGNED_CONTEXT((#8198))GLOBAL_UNIT_ASSIGNED_CONTEXT((#8197,#8194,#8196))REPRESENTATION_CONTEXT('','3D \X2\042304370435043B\X0\_2'));
#8201=CARTESIAN_POINT('',(0.,0.,0.));
#8202=DIRECTION('',(0.,0.,1.));
#8203=DIRECTION('',(1.,0.,0.));
#8204=AXIS2_PLACEMENT_3D('',#8201,#8202,#8203);
#8215=CARTESIAN_POINT('',(0.,0.,0.));
#8216=DIRECTION('',(0.,0.,1.));
#8217=DIRECTION('',(1.,0.,-0.));
#8218=AXIS2_PLACEMENT_3D('',#8215,#8216,#8217);
#8219=ITEM_DEFINED_TRANSFORMATION('','',#8218,#8204);
#8220=(REPRESENTATION_RELATIONSHIP('','',#8205,#8124)REPRESENTATION_RELATIONSHIP_WITH_TRANSFORMATION(#8219)SHAPE_REPRESENTATION_RELATIONSHIP());
#8221=NEXT_ASSEMBLY_USAGE_OCCURRENCE('3D \X2\042304370435043B\X0\_2_3','3D \X2\042304370435043B\X0\_2','3D \X2\042304370435043B\X0\_2',#8133,#8214,$);
#8222=PRODUCT_DEFINITION_SHAPE('','',#8221);
#8223=CONTEXT_DEPENDENT_SHAPE_REPRESENTATION(#8220,#8222);
#8224=CARTESIAN_POINT('',(96.,33.5,61.5));
#8225=GEOMETRIC_CURVE_SET('',(#8224));
#8205=SHAPE_REPRESENTATION('3D \X2\042304370435043B\X0\_2',(#8204),#8199);
#8207=GEOMETRICALLY_BOUNDED_WIREFRAME_SHAPE_REPRESENTATION('3D \X2\042304370435043B\X0\_2',(#8225),#8199);
#8233=SHAPE_REPRESENTATION_RELATIONSHIP('','',#8205,#8207);
#8213=PRODUCT('3D \X2\042304370435043B\X0\_2','3D \X2\042304370435043B\X0\_2','',(#8187));
#8234=PRODUCT_RELATED_PRODUCT_CATEGORY('part','',(#8213));
#8235=PRODUCT_DEFINITION_FORMATION_WITH_SPECIFIED_SOURCE('','',#8213,.NOT_KNOWN.);
#8214=PRODUCT_DEFINITION('design','',#8235,#8188);
#8212=PRODUCT_DEFINITION_SHAPE('','',#8214);
#8236=SHAPE_DEFINITION_REPRESENTATION(#8212,#8205);
#8200=DRAUGHTING_MODEL('',(),#8199);
#8237=(NAMED_UNIT(*)PLANE_ANGLE_UNIT()SI_UNIT($,.RADIAN.));
#8238=PLANE_ANGLE_MEASURE_WITH_UNIT(PLANE_ANGLE_MEASURE(0.0174532925),#8237);
#8239=(CONVERSION_BASED_UNIT('DEGREE',#8238)NAMED_UNIT(#8240)PLANE_ANGLE_UNIT());
#8240=DIMENSIONAL_EXPONENTS(0.,0.,0.,0.,0.,0.,0.);
#8241=(NAMED_UNIT(*)SI_UNIT($,.STERADIAN.)SOLID_ANGLE_UNIT());
#8242=(LENGTH_UNIT()NAMED_UNIT(*)SI_UNIT(.MILLI.,.METRE.));
#8243=UNCERTAINTY_MEASURE_WITH_UNIT(LENGTH_MEASURE(1.000000E-03),#8242,'DISTANCE_ACCURACY_VALUE','Maximum Tolerance applied to model');
#8244=(GEOMETRIC_REPRESENTATION_CONTEXT(3)GLOBAL_UNCERTAINTY_ASSIGNED_CONTEXT((#8243))GLOBAL_UNIT_ASSIGNED_CONTEXT((#8242,#8239,#8241))REPRESENTATION_CONTEXT('','3D \X2\042304370435043B\X0\_3'));
#8246=CARTESIAN_POINT('',(0.,0.,0.));
#8247=DIRECTION('',(0.,0.,1.));
#8248=DIRECTION('',(1.,0.,0.));
#8249=AXIS2_PLACEMENT_3D('',#8246,#8247,#8248);
#8260=CARTESIAN_POINT('',(0.,0.,0.));
#8261=DIRECTION('',(0.,0.,1.));
#8262=DIRECTION('',(1.,0.,-0.));
#8263=AXIS2_PLACEMENT_3D('',#8260,#8261,#8262);
#8264=ITEM_DEFINED_TRANSFORMATION('','',#8263,#8249);
#8265=(REPRESENTATION_RELATIONSHIP('','',#8250,#8124)REPRESENTATION_RELATIONSHIP_WITH_TRANSFORMATION(#8264)SHAPE_REPRESENTATION_RELATIONSHIP());
#8266=NEXT_ASSEMBLY_USAGE_OCCURRENCE('3D \X2\042304370435043B\X0\_3_4','3D \X2\042304370435043B\X0\_3','3D \X2\042304370435043B\X0\_3',#8133,#8259,$);
#8267=PRODUCT_DEFINITION_SHAPE('','',#8266);
#8268=CONTEXT_DEPENDENT_SHAPE_REPRESENTATION(#8265,#8267);
#8269=CARTESIAN_POINT('',(96.,-33.5,61.5));
#8270=GEOMETRIC_CURVE_SET('',(#8269));
#8250=SHAPE_REPRESENTATION('3D \X2\042304370435043B\X0\_3',(#8249),#8244);
#8252=GEOMETRICALLY_BOUNDED_WIREFRAME_SHAPE_REPRESENTATION('3D \X2\042304370435043B\X0\_3',(#8270),#8244);
#8278=SHAPE_REPRESENTATION_RELATIONSHIP('','',#8250,#8252);
#8258=PRODUCT('3D \X2\042304370435043B\X0\_3','3D \X2\042304370435043B\X0\_3','',(#8187));
#8279=PRODUCT_RELATED_PRODUCT_CATEGORY('part','',(#8258));
#8280=PRODUCT_DEFINITION_FORMATION_WITH_SPECIFIED_SOURCE('','',#8258,.NOT_KNOWN.);
#8259=PRODUCT_DEFINITION('design','',#8280,#8188);
#8257=PRODUCT_DEFINITION_SHAPE('','',#8259);
#8281=SHAPE_DEFINITION_REPRESENTATION(#8257,#8250);
#8245=DRAUGHTING_MODEL('',(),#8244);
#8282=(NAMED_UNIT(*)PLANE_ANGLE_UNIT()SI_UNIT($,.RADIAN.));
#8283=PLANE_ANGLE_MEASURE_WITH_UNIT(PLANE_ANGLE_MEASURE(0.0174532925),#8282);
#8284=(CONVERSION_BASED_UNIT('DEGREE',#8283)NAMED_UNIT(#8285)PLANE_ANGLE_UNIT());
#8285=DIMENSIONAL_EXPONENTS(0.,0.,0.,0.,0.,0.,0.);
#8286=(NAMED_UNIT(*)SI_UNIT($,.STERADIAN.)SOLID_ANGLE_UNIT());
#8287=(LENGTH_UNIT()NAMED_UNIT(*)SI_UNIT(.MILLI.,.METRE.));
#8288=UNCERTAINTY_MEASURE_WITH_UNIT(LENGTH_MEASURE(1.000000E-03),#8287,'DISTANCE_ACCURACY_VALUE','Maximum Tolerance applied to model');
#8289=(GEOMETRIC_REPRESENTATION_CONTEXT(3)GLOBAL_UNCERTAINTY_ASSIGNED_CONTEXT((#8288))GLOBAL_UNIT_ASSIGNED_CONTEXT((#8287,#8284,#8286))REPRESENTATION_CONTEXT('','3D \X2\042304370435043B\X0\_4'));
#8291=CARTESIAN_POINT('',(0.,0.,0.));
#8292=DIRECTION('',(0.,0.,1.));
#8293=DIRECTION('',(1.,0.,0.));
#8294=AXIS2_PLACEMENT_3D('',#8291,#8292,#8293);
#8305=CARTESIAN_POINT('',(0.,0.,0.));
#8306=DIRECTION('',(0.,0.,1.));
#8307=DIRECTION('',(1.,0.,-0.));
#8308=AXIS2_PLACEMENT_3D('',#8305,#8306,#8307);
#8309=ITEM_DEFINED_TRANSFORMATION('','',#8308,#8294);
#8310=(REPRESENTATION_RELATIONSHIP('','',#8295,#8124)REPRESENTATION_RELATIONSHIP_WITH_TRANSFORMATION(#8309)SHAPE_REPRESENTATION_RELATIONSHIP());
#8311=NEXT_ASSEMBLY_USAGE_OCCURRENCE('3D \X2\042304370435043B\X0\_4_5','3D \X2\042304370435043B\X0\_4','3D \X2\042304370435043B\X0\_4',#8133,#8304,$);
#8312=PRODUCT_DEFINITION_SHAPE('','',#8311);
#8313=CONTEXT_DEPENDENT_SHAPE_REPRESENTATION(#8310,#8312);
#8314=CARTESIAN_POINT('',(-96.,-33.5,61.5));
#8315=GEOMETRIC_CURVE_SET('',(#8314));
#8295=SHAPE_REPRESENTATION('3D \X2\042304370435043B\X0\_4',(#8294),#8289);
#8297=GEOMETRICALLY_BOUNDED_WIREFRAME_SHAPE_REPRESENTATION('3D \X2\042304370435043B\X0\_4',(#8315),#8289);
#8323=SHAPE_REPRESENTATION_RELATIONSHIP('','',#8295,#8297);
#8303=PRODUCT('3D \X2\042304370435043B\X0\_4','3D \X2\042304370435043B\X0\_4','',(#8187));
#8324=PRODUCT_RELATED_PRODUCT_CATEGORY('part','',(#8303));
#8325=PRODUCT_DEFINITION_FORMATION_WITH_SPECIFIED_SOURCE('','',#8303,.NOT_KNOWN.);
#8304=PRODUCT_DEFINITION('design','',#8325,#8188);
#8302=PRODUCT_DEFINITION_SHAPE('','',#8304);
#8326=SHAPE_DEFINITION_REPRESENTATION(#8302,#8295);
#8290=DRAUGHTING_MODEL('',(),#8289);
#8327=(NAMED_UNIT(*)PLANE_ANGLE_UNIT()SI_UNIT($,.RADIAN.));
#8328=PLANE_ANGLE_MEASURE_WITH_UNIT(PLANE_ANGLE_MEASURE(0.0174532925),#8327);
#8329=(CONVERSION_BASED_UNIT('DEGREE',#8328)NAMED_UNIT(#8330)PLANE_ANGLE_UNIT());
#8330=DIMENSIONAL_EXPONENTS(0.,0.,0.,0.,0.,0.,0.);
#8331=(NAMED_UNIT(*)SI_UNIT($,.STERADIAN.)SOLID_ANGLE_UNIT());
#8332=(LENGTH_UNIT()NAMED_UNIT(*)SI_UNIT(.MILLI.,.METRE.));
#8333=UNCERTAINTY_MEASURE_WITH_UNIT(LENGTH_MEASURE(1.000000E-03),#8332,'DISTANCE_ACCURACY_VALUE','Maximum Tolerance applied to model');
#8334=(GEOMETRIC_REPRESENTATION_CONTEXT(3)GLOBAL_UNCERTAINTY_ASSIGNED_CONTEXT((#8333))GLOBAL_UNIT_ASSIGNED_CONTEXT((#8332,#8329,#8331))REPRESENTATION_CONTEXT('','3D \X2\042304370435043B\X0\_5'));
#8336=CARTESIAN_POINT('',(0.,0.,0.));
#8337=DIRECTION('',(0.,0.,1.));
#8338=DIRECTION('',(1.,0.,0.));
#8339=AXIS2_PLACEMENT_3D('',#8336,#8337,#8338);
#8350=CARTESIAN_POINT('',(0.,0.,0.));
#8351=DIRECTION('',(0.,0.,1.));
#8352=DIRECTION('',(1.,0.,-0.));
#8353=AXIS2_PLACEMENT_3D('',#8350,#8351,#8352);
#8354=ITEM_DEFINED_TRANSFORMATION('','',#8353,#8339);
#8355=(REPRESENTATION_RELATIONSHIP('','',#8340,#8124)REPRESENTATION_RELATIONSHIP_WITH_TRANSFORMATION(#8354)SHAPE_REPRESENTATION_RELATIONSHIP());
#8356=NEXT_ASSEMBLY_USAGE_OCCURRENCE('3D \X2\042304370435043B\X0\_5_6','3D \X2\042304370435043B\X0\_5','3D \X2\042304370435043B\X0\_5',#8133,#8349,$);
#8357=PRODUCT_DEFINITION_SHAPE('','',#8356);
#8358=CONTEXT_DEPENDENT_SHAPE_REPRESENTATION(#8355,#8357);
#8359=CARTESIAN_POINT('',(-96.,33.5,61.5));
#8360=GEOMETRIC_CURVE_SET('',(#8359));
#8340=SHAPE_REPRESENTATION('3D \X2\042304370435043B\X0\_5',(#8339),#8334);
#8342=GEOMETRICALLY_BOUNDED_WIREFRAME_SHAPE_REPRESENTATION('3D \X2\042304370435043B\X0\_5',(#8360),#8334);
#8368=SHAPE_REPRESENTATION_RELATIONSHIP('','',#8340,#8342);
#8348=PRODUCT('3D \X2\042304370435043B\X0\_5','3D \X2\042304370435043B\X0\_5','',(#8187));
#8369=PRODUCT_RELATED_PRODUCT_CATEGORY('part','',(#8348));
#8370=PRODUCT_DEFINITION_FORMATION_WITH_SPECIFIED_SOURCE('','',#8348,.NOT_KNOWN.);
#8349=PRODUCT_DEFINITION('design','',#8370,#8188);
#8347=PRODUCT_DEFINITION_SHAPE('','',#8349);
#8371=SHAPE_DEFINITION_REPRESENTATION(#8347,#8340);
#8335=DRAUGHTING_MODEL('',(),#8334);
#8124=SHAPE_REPRESENTATION('Nodes',(#8123,#8169,#8218,#8263,#8308,#8353),#8118);
#8132=PRODUCT('0','0','',(#8187));
#8372=PRODUCT_RELATED_PRODUCT_CATEGORY('part','',(#8132));
#8373=PRODUCT_DEFINITION_FORMATION_WITH_SPECIFIED_SOURCE('','',#8132,.NOT_KNOWN.);
#8133=PRODUCT_DEFINITION('design','',#8373,#8188);
#8131=PRODUCT_DEFINITION_SHAPE('','',#8133);
#8374=SHAPE_DEFINITION_REPRESENTATION(#8131,#8124);
#8119=DRAUGHTING_MODEL('',(),#8118);
#16=SHAPE_REPRESENTATION('\X2\041A043E0440043F04430441\X0\111',(#15,#8137),#10);
#17=ADVANCED_BREP_SHAPE_REPRESENTATION('\X2\041A043E0440043F04430441\X0\111',(#8103),#10);
#8382=SHAPE_REPRESENTATION_RELATIONSHIP('','',#16,#17);
#24=PRODUCT('\X2\041A043E0440043F04430441\X0\111','\X2\041A043E0440043F04430441\X0\111','',(#8187));
#8383=PRODUCT_RELATED_PRODUCT_CATEGORY('part','',(#24));
#8384=PRODUCT_DEFINITION_FORMATION_WITH_SPECIFIED_SOURCE('','',#24,.NOT_KNOWN.);
#25=PRODUCT_DEFINITION('design','',#8384,#8188);
#23=PRODUCT_DEFINITION_SHAPE('','',#25);
#8385=SHAPE_DEFINITION_REPRESENTATION(#23,#16);
#11=DRAUGHTING_MODEL('',(),#10);
#1=MECHANICAL_DESIGN_GEOMETRIC_PRESENTATION_REPRESENTATION('',(#26),#10);
ENDSEC;
END-ISO-10303-21;
