ISO-10303-21;
HEADER;

/* File generated by T-FLEX CAD Version 17.0.27.0 */

FILE_DESCRIPTION(('TFLEX Exchange Step'),'2;1');

FILE_NAME('X2\041B0438043D04350439043D044B0439\X0\ \X2\043F043E043404480438043F043D0438043A\X0\ LM8LUU \X2\043D0435\X0\ \X2\044104420430043D0434043004400442043D044B0439\X0\.stp',                                                                             
'2026-03-23T11:46:59+03:00',
('user'),
('Unknown organisation'),
'TFLEX Exchange 2020.2',
'T-FLEX CAD',
'Unknown authorisation');

FILE_SCHEMA( ('AUTOMOTIVE_DESIGN { 1 0 10303 214 1 1 1 1 }') );

ENDSEC;

DATA;
#3=(NAMED_UNIT(*)PLANE_ANGLE_UNIT()SI_UNIT($,.RADIAN.));
#4=PLANE_ANGLE_MEASURE_WITH_UNIT(PLANE_ANGLE_MEASURE(0.0174532925),#3);
#5=(CONVERSION_BASED_UNIT('DEGREE',#4)NAMED_UNIT(#6)PLANE_ANGLE_UNIT());
#6=DIMENSIONAL_EXPONENTS(0.,0.,0.,0.,0.,0.,0.);
#7=(NAMED_UNIT(*)SI_UNIT($,.STERADIAN.)SOLID_ANGLE_UNIT());
#8=(LENGTH_UNIT()NAMED_UNIT(*)SI_UNIT(.MILLI.,.METRE.));
#9=UNCERTAINTY_MEASURE_WITH_UNIT(LENGTH_MEASURE(1.000000E-05),#8,'DISTANCE_ACCURACY_VALUE','Maximum Tolerance applied to model');
#10=(GEOMETRIC_REPRESENTATION_CONTEXT(3)GLOBAL_UNCERTAINTY_ASSIGNED_CONTEXT((#9))GLOBAL_UNIT_ASSIGNED_CONTEXT((#8,#5,#7))REPRESENTATION_CONTEXT('','\X2\041B0438043D04350439043D044B0439\X0\ \X2\043F043E043404480438043F043D0438043A\X0\ LM8LUU \X2\043D0435\X0\ \X2\044104420430043D0434043004400442043D044B0439\X0\'));
#12=CARTESIAN_POINT('',(0.,0.,0.));
#13=DIRECTION('',(0.,0.,1.));
#14=DIRECTION('',(1.,0.,0.));
#15=AXIS2_PLACEMENT_3D('',#12,#13,#14);
#27=CARTESIAN_POINT('',(-0.96,-5.496799069,0.));
#28=CARTESIAN_POINT('',(-0.96,-3.883091552,0.));
#29=CARTESIAN_POINT('',(-0.96,-5.496799069,45.));
#30=CARTESIAN_POINT('',(-0.96,-3.883091552,45.));
#31=B_SPLINE_SURFACE_WITH_KNOTS('',1,1,((#27,#28),(#29,#30)),.UNSPECIFIED.,.F.,.F.,.U.,(2,2),(2,2),(-0.045,0.),(-0.001613708,0.),.UNSPECIFIED.);
#32=CARTESIAN_POINT('',(-0.96,-3.883091552,44.64));
#33=VERTEX_POINT('',#32);
#34=CARTESIAN_POINT('',(-0.96,-3.883091552,0.36));
#35=VERTEX_POINT('',#34);
#36=CARTESIAN_POINT('',(-0.96,-3.883091552,44.64));
#37=CARTESIAN_POINT('',(-0.96,-3.883091552,0.36));
#38=B_SPLINE_CURVE_WITH_KNOTS('',1,(#36,#37),.UNSPECIFIED.,.F.,.F.,(2,2),(0.00036,0.04464),.UNSPECIFIED.);
#39=EDGE_CURVE('',#33,#35,#38,.T.);
#40=ORIENTED_EDGE('',*,*,#39,.T.);
#41=CARTESIAN_POINT('',(-0.96,-4.252998942,0.));
#42=VERTEX_POINT('',#41);
#43=CARTESIAN_POINT('',(-0.96,-3.883091552,0.36));
#44=CARTESIAN_POINT('',(-0.96,-4.0065448,0.240154934));
#45=CARTESIAN_POINT('',(-0.96,-4.129834489,0.120141809));
#46=CARTESIAN_POINT('',(-0.96,-4.252998942,0.));
#47=B_SPLINE_CURVE_WITH_KNOTS('',3,(#43,#44,#45,#46),.UNSPECIFIED.,.F.,.F.,(4,4),(0.,0.00051617),.UNSPECIFIED.);
#48=EDGE_CURVE('',#35,#42,#47,.T.);
#49=ORIENTED_EDGE('',*,*,#48,.T.);
#50=CARTESIAN_POINT('',(-0.96,-5.496799069,0.));
#51=VERTEX_POINT('',#50);
#52=CARTESIAN_POINT('',(-0.96,-5.496799069,0.));
#53=CARTESIAN_POINT('',(-0.96,-4.252998942,0.));
#54=B_SPLINE_CURVE_WITH_KNOTS('',1,(#52,#53),.UNSPECIFIED.,.F.,.F.,(2,2),(-0.001613708,-0.000369907),.UNSPECIFIED.);
#55=EDGE_CURVE('',#51,#42,#54,.T.);
#56=ORIENTED_EDGE('',*,*,#55,.F.);
#57=CARTESIAN_POINT('',(-0.96,-5.496799069,45.));
#58=VERTEX_POINT('',#57);
#59=CARTESIAN_POINT('',(-0.96,-5.496799069,45.));
#60=CARTESIAN_POINT('',(-0.96,-5.496799069,0.));
#61=B_SPLINE_CURVE_WITH_KNOTS('',1,(#59,#60),.UNSPECIFIED.,.F.,.F.,(2,2),(0.,0.045),.UNSPECIFIED.);
#62=EDGE_CURVE('',#58,#51,#61,.T.);
#63=ORIENTED_EDGE('',*,*,#62,.F.);
#64=CARTESIAN_POINT('',(-0.96,-4.252998942,45.));
#65=VERTEX_POINT('',#64);
#66=CARTESIAN_POINT('',(-0.96,-5.496799069,45.));
#67=CARTESIAN_POINT('',(-0.96,-4.252998942,45.));
#68=B_SPLINE_CURVE_WITH_KNOTS('',1,(#66,#67),.UNSPECIFIED.,.F.,.F.,(2,2),(-0.001613708,-0.000369907),.UNSPECIFIED.);
#69=EDGE_CURVE('',#58,#65,#68,.T.);
#70=ORIENTED_EDGE('',*,*,#69,.T.);
#71=CARTESIAN_POINT('',(-0.96,-4.252998942,45.));
#72=CARTESIAN_POINT('',(-0.96,-4.129834489,44.879858191));
#73=CARTESIAN_POINT('',(-0.96,-4.0065448,44.759845066));
#74=CARTESIAN_POINT('',(-0.96,-3.883091552,44.64));
#75=B_SPLINE_CURVE_WITH_KNOTS('',3,(#71,#72,#73,#74),.UNSPECIFIED.,.F.,.F.,(4,4),(0.,0.00051617),.UNSPECIFIED.);
#76=EDGE_CURVE('',#65,#33,#75,.T.);
#77=ORIENTED_EDGE('',*,*,#76,.T.);
#78=EDGE_LOOP('',(#40,#49,#56,#63,#70,#77));
#79=FACE_BOUND('',#78,.T.);
#80=ADVANCED_FACE('',(#79),#31,.T.);
#81=CARTESIAN_POINT('',(-0.96,-5.496799069,45.));
#82=CARTESIAN_POINT('',(-0.96,-5.496799069,-0.));
#83=CARTESIAN_POINT('',(-1.741661878,-5.360284091,45.));
#84=CARTESIAN_POINT('',(-1.741661878,-5.360284091,-0.));
#85=CARTESIAN_POINT('',(-2.454281113,-5.011277703,45.));
#86=CARTESIAN_POINT('',(-2.454281113,-5.011277703,-0.));
#87=(BOUNDED_SURFACE()
B_SPLINE_SURFACE(2,1,((#81,#82),(#83,#84),(#85,#86)),.UNSPECIFIED.,.F.,.F.,.U.)
B_SPLINE_SURFACE_WITH_KNOTS((3,3),(2,2),(4.914641849,5.174128218),(-0.,0.045),.UNSPECIFIED.)
GEOMETRIC_REPRESENTATION_ITEM()
RATIONAL_B_SPLINE_SURFACE(((0.773541185,0.773541185),(0.754531711,0.754531711),(0.750872361,0.750872361)))
REPRESENTATION_ITEM('')
SURFACE()
);
#88=CARTESIAN_POINT('',(-2.454281113,-5.011277703,0.));
#89=VERTEX_POINT('',#88);
#90=CARTESIAN_POINT('',(-2.454281113,-5.011277703,0.));
#91=CARTESIAN_POINT('',(-1.741661878,-5.360284091,0.));
#92=CARTESIAN_POINT('',(-0.96,-5.496799069,0.));
#93=(BOUNDED_CURVE()
B_SPLINE_CURVE(2,(#90,#91,#92),.UNSPECIFIED.,.F.,.F.)
B_SPLINE_CURVE_WITH_KNOTS((3,3),(1.115381026,1.397893097),.UNSPECIFIED.)
CURVE()
GEOMETRIC_REPRESENTATION_ITEM()
RATIONAL_B_SPLINE_CURVE((1.,0.990039944,1.))
REPRESENTATION_ITEM(''));
#94=EDGE_CURVE('',#89,#51,#93,.T.);
#95=ORIENTED_EDGE('',*,*,#94,.F.);
#96=CARTESIAN_POINT('',(-2.454281113,-5.011277703,45.));
#97=VERTEX_POINT('',#96);
#98=CARTESIAN_POINT('',(-2.454281113,-5.011277703,45.));
#99=CARTESIAN_POINT('',(-2.454281113,-5.011277703,0.));
#100=B_SPLINE_CURVE_WITH_KNOTS('',1,(#98,#99),.UNSPECIFIED.,.F.,.F.,(2,2),(0.,0.045),.UNSPECIFIED.);
#101=EDGE_CURVE('',#97,#89,#100,.T.);
#102=ORIENTED_EDGE('',*,*,#101,.F.);
#103=CARTESIAN_POINT('',(-2.454281113,-5.011277703,45.));
#104=CARTESIAN_POINT('',(-1.741661878,-5.360284091,45.));
#105=CARTESIAN_POINT('',(-0.96,-5.496799069,45.));
#106=(BOUNDED_CURVE()
B_SPLINE_CURVE(2,(#103,#104,#105),.UNSPECIFIED.,.F.,.F.)
B_SPLINE_CURVE_WITH_KNOTS((3,3),(1.115381026,1.397893097),.UNSPECIFIED.)
CURVE()
GEOMETRIC_REPRESENTATION_ITEM()
RATIONAL_B_SPLINE_CURVE((1.,0.990039944,1.))
REPRESENTATION_ITEM(''));
#107=EDGE_CURVE('',#97,#58,#106,.T.);
#108=ORIENTED_EDGE('',*,*,#107,.T.);
#109=ORIENTED_EDGE('',*,*,#62,.T.);
#110=EDGE_LOOP('',(#95,#102,#108,#109));
#111=FACE_BOUND('',#110,.T.);
#112=ADVANCED_FACE('',(#111),#87,.F.);
#113=CARTESIAN_POINT('',(-2.454281113,-5.011277703,0.));
#114=CARTESIAN_POINT('',(-2.454281113,-5.011277703,45.));
#115=CARTESIAN_POINT('',(-1.505767633,-3.705760898,0.));
#116=CARTESIAN_POINT('',(-1.505767633,-3.705760898,45.));
#117=B_SPLINE_SURFACE_WITH_KNOTS('',1,1,((#113,#114),(#115,#116)),.UNSPECIFIED.,.F.,.F.,.U.,(2,2),(2,2),(-0.001613708,0.),(-0.045,0.),.UNSPECIFIED.);
#118=CARTESIAN_POINT('',(-1.723193741,-4.005022263,0.));
#119=VERTEX_POINT('',#118);
#120=CARTESIAN_POINT('',(-1.723193741,-4.005022263,0.));
#121=CARTESIAN_POINT('',(-2.454281113,-5.011277703,0.));
#122=B_SPLINE_CURVE_WITH_KNOTS('',1,(#120,#121),.UNSPECIFIED.,.F.,.F.,(2,2),(0.000369907,0.001613708),.UNSPECIFIED.);
#123=EDGE_CURVE('',#119,#89,#122,.T.);
#124=ORIENTED_EDGE('',*,*,#123,.F.);
#125=CARTESIAN_POINT('',(-1.505767633,-3.705760898,0.36));
#126=VERTEX_POINT('',#125);
#127=CARTESIAN_POINT('',(-1.723193741,-4.005022263,0.));
#128=CARTESIAN_POINT('',(-1.650799493,-3.905380128,0.120141809));
#129=CARTESIAN_POINT('',(-1.578331631,-3.805636674,0.240154934));
#130=CARTESIAN_POINT('',(-1.505767633,-3.705760898,0.36));
#131=B_SPLINE_CURVE_WITH_KNOTS('',3,(#127,#128,#129,#130),.UNSPECIFIED.,.F.,.F.,(4,4),(0.,0.00051617),.UNSPECIFIED.);
#132=EDGE_CURVE('',#119,#126,#131,.T.);
#133=ORIENTED_EDGE('',*,*,#132,.T.);
#134=CARTESIAN_POINT('',(-1.505767633,-3.705760898,44.64));
#135=VERTEX_POINT('',#134);
#136=CARTESIAN_POINT('',(-1.505767633,-3.705760898,44.64));
#137=CARTESIAN_POINT('',(-1.505767633,-3.705760898,0.36));
#138=B_SPLINE_CURVE_WITH_KNOTS('',1,(#136,#137),.UNSPECIFIED.,.F.,.F.,(2,2),(0.00036,0.04464),.UNSPECIFIED.);
#139=EDGE_CURVE('',#135,#126,#138,.T.);
#140=ORIENTED_EDGE('',*,*,#139,.F.);
#141=CARTESIAN_POINT('',(-1.723193741,-4.005022263,45.));
#142=VERTEX_POINT('',#141);
#143=CARTESIAN_POINT('',(-1.505767633,-3.705760898,44.64));
#144=CARTESIAN_POINT('',(-1.578331631,-3.805636674,44.759845066));
#145=CARTESIAN_POINT('',(-1.650799493,-3.905380128,44.879858191));
#146=CARTESIAN_POINT('',(-1.723193741,-4.005022263,45.));
#147=B_SPLINE_CURVE_WITH_KNOTS('',3,(#143,#144,#145,#146),.UNSPECIFIED.,.F.,.F.,(4,4),(0.,0.00051617),.UNSPECIFIED.);
#148=EDGE_CURVE('',#135,#142,#147,.T.);
#149=ORIENTED_EDGE('',*,*,#148,.T.);
#150=CARTESIAN_POINT('',(-1.723193741,-4.005022263,45.));
#151=CARTESIAN_POINT('',(-2.454281113,-5.011277703,45.));
#152=B_SPLINE_CURVE_WITH_KNOTS('',1,(#150,#151),.UNSPECIFIED.,.F.,.F.,(2,2),(0.000369907,0.001613708),.UNSPECIFIED.);
#153=EDGE_CURVE('',#142,#97,#152,.T.);
#154=ORIENTED_EDGE('',*,*,#153,.T.);
#155=ORIENTED_EDGE('',*,*,#101,.T.);
#156=EDGE_LOOP('',(#124,#133,#140,#149,#154,#155));
#157=FACE_BOUND('',#156,.T.);
#158=ADVANCED_FACE('',(#157),#117,.T.);
#159=CARTESIAN_POINT('',(-1.505767633,-3.705760898,44.64));
#160=CARTESIAN_POINT('',(-1.505767633,-3.705760898,0.36));
#161=CARTESIAN_POINT('',(-2.421926939,-3.333496452,44.64));
#162=CARTESIAN_POINT('',(-2.421926939,-3.333496452,0.36));
#163=CARTESIAN_POINT('',(-3.059080262,-2.577213214,44.64));
#164=CARTESIAN_POINT('',(-3.059080262,-2.577213214,0.36));
#165=(BOUNDED_SURFACE()
B_SPLINE_SURFACE(2,1,((#159,#160),(#161,#162),(#163,#164)),.UNSPECIFIED.,.F.,.F.,.U.)
B_SPLINE_SURFACE_WITH_KNOTS((3,3),(2,2),(5.110959089,5.553958125),(0.00036,0.04464),.UNSPECIFIED.)
GEOMETRIC_REPRESENTATION_ITEM()
RATIONAL_B_SPLINE_SURFACE(((0.753563707,0.753563707),(0.740936853,0.740936853),(0.773049212,0.773049212)))
REPRESENTATION_ITEM('')
SURFACE()
);
#166=ORIENTED_EDGE('',*,*,#139,.T.);
#167=CARTESIAN_POINT('',(-3.059080262,-2.577213214,0.36));
#168=VERTEX_POINT('',#167);
#169=CARTESIAN_POINT('',(-1.505767633,-3.705760898,0.36));
#170=CARTESIAN_POINT('',(-2.421926939,-3.333496452,0.36));
#171=CARTESIAN_POINT('',(-3.059080262,-2.577213214,0.36));
#172=(BOUNDED_CURVE()
B_SPLINE_CURVE(2,(#169,#170,#171),.UNSPECIFIED.,.F.,.F.)
B_SPLINE_CURVE_WITH_KNOTS((3,3),(3.841704599,4.326436301),.UNSPECIFIED.)
CURVE()
GEOMETRIC_REPRESENTATION_ITEM()
RATIONAL_B_SPLINE_CURVE((1.,0.970772888,1.))
REPRESENTATION_ITEM(''));
#173=EDGE_CURVE('',#126,#168,#172,.T.);
#174=ORIENTED_EDGE('',*,*,#173,.T.);
#175=CARTESIAN_POINT('',(-3.059080262,-2.577213214,44.64));
#176=VERTEX_POINT('',#175);
#177=CARTESIAN_POINT('',(-3.059080262,-2.577213214,44.64));
#178=CARTESIAN_POINT('',(-3.059080262,-2.577213214,0.36));
#179=B_SPLINE_CURVE_WITH_KNOTS('',1,(#177,#178),.UNSPECIFIED.,.F.,.F.,(2,2),(0.00036,0.04464),.UNSPECIFIED.);
#180=EDGE_CURVE('',#176,#168,#179,.T.);
#181=ORIENTED_EDGE('',*,*,#180,.F.);
#182=CARTESIAN_POINT('',(-3.059080262,-2.577213214,44.64));
#183=CARTESIAN_POINT('',(-2.421926939,-3.333496452,44.64));
#184=CARTESIAN_POINT('',(-1.505767633,-3.705760898,44.64));
#185=(BOUNDED_CURVE()
B_SPLINE_CURVE(2,(#182,#183,#184),.UNSPECIFIED.,.F.,.F.)
B_SPLINE_CURVE_WITH_KNOTS((3,3),(3.841704599,4.326436301),.UNSPECIFIED.)
CURVE()
GEOMETRIC_REPRESENTATION_ITEM()
RATIONAL_B_SPLINE_CURVE((1.,0.970772888,1.))
REPRESENTATION_ITEM(''));
#186=EDGE_CURVE('',#176,#135,#185,.T.);
#187=ORIENTED_EDGE('',*,*,#186,.T.);
#188=EDGE_LOOP('',(#166,#174,#181,#187));
#189=FACE_BOUND('',#188,.T.);
#190=ADVANCED_FACE('',(#189),#165,.F.);
#191=CARTESIAN_POINT('',(-3.059080262,-2.577213214,0.));
#192=CARTESIAN_POINT('',(-3.059080262,-2.577213214,45.));
#193=CARTESIAN_POINT('',(-4.007593742,-3.882730019,0.));
#194=CARTESIAN_POINT('',(-4.007593742,-3.882730019,45.));
#195=B_SPLINE_SURFACE_WITH_KNOTS('',1,1,((#191,#192),(#193,#194)),.UNSPECIFIED.,.F.,.F.,.U.,(2,2),(2,2),(0.,0.001613708),(-0.045,0.),.UNSPECIFIED.);
#196=ORIENTED_EDGE('',*,*,#180,.T.);
#197=CARTESIAN_POINT('',(-3.276506371,-2.876474579,0.));
#198=VERTEX_POINT('',#197);
#199=CARTESIAN_POINT('',(-3.059080262,-2.577213214,0.36));
#200=CARTESIAN_POINT('',(-3.13164426,-2.677088989,0.240154934));
#201=CARTESIAN_POINT('',(-3.204112122,-2.776832444,0.120141809));
#202=CARTESIAN_POINT('',(-3.276506371,-2.876474579,-0.));
#203=B_SPLINE_CURVE_WITH_KNOTS('',3,(#199,#200,#201,#202),.UNSPECIFIED.,.F.,.F.,(4,4),(0.,0.00051617),.UNSPECIFIED.);
#204=EDGE_CURVE('',#168,#198,#203,.T.);
#205=ORIENTED_EDGE('',*,*,#204,.T.);
#206=CARTESIAN_POINT('',(-4.007593742,-3.882730019,0.));
#207=VERTEX_POINT('',#206);
#208=CARTESIAN_POINT('',(-4.007593742,-3.882730019,0.));
#209=CARTESIAN_POINT('',(-3.276506371,-2.876474579,0.));
#210=B_SPLINE_CURVE_WITH_KNOTS('',1,(#208,#209),.UNSPECIFIED.,.F.,.F.,(2,2),(-0.001613708,-0.000369907),.UNSPECIFIED.);
#211=EDGE_CURVE('',#207,#198,#210,.T.);
#212=ORIENTED_EDGE('',*,*,#211,.F.);
#213=CARTESIAN_POINT('',(-4.007593742,-3.882730019,45.));
#214=VERTEX_POINT('',#213);
#215=CARTESIAN_POINT('',(-4.007593742,-3.882730019,45.));
#216=CARTESIAN_POINT('',(-4.007593742,-3.882730019,0.));
#217=B_SPLINE_CURVE_WITH_KNOTS('',1,(#215,#216),.UNSPECIFIED.,.F.,.F.,(2,2),(0.,0.045),.UNSPECIFIED.);
#218=EDGE_CURVE('',#214,#207,#217,.T.);
#219=ORIENTED_EDGE('',*,*,#218,.F.);
#220=CARTESIAN_POINT('',(-3.276506371,-2.876474579,45.));
#221=VERTEX_POINT('',#220);
#222=CARTESIAN_POINT('',(-4.007593742,-3.882730019,45.));
#223=CARTESIAN_POINT('',(-3.276506371,-2.876474579,45.));
#224=B_SPLINE_CURVE_WITH_KNOTS('',1,(#222,#223),.UNSPECIFIED.,.F.,.F.,(2,2),(-0.001613708,-0.000369907),.UNSPECIFIED.);
#225=EDGE_CURVE('',#214,#221,#224,.T.);
#226=ORIENTED_EDGE('',*,*,#225,.T.);
#227=CARTESIAN_POINT('',(-3.276506371,-2.876474579,45.));
#228=CARTESIAN_POINT('',(-3.204112122,-2.776832444,44.879858191));
#229=CARTESIAN_POINT('',(-3.13164426,-2.677088989,44.759845066));
#230=CARTESIAN_POINT('',(-3.059080262,-2.577213214,44.64));
#231=B_SPLINE_CURVE_WITH_KNOTS('',3,(#227,#228,#229,#230),.UNSPECIFIED.,.F.,.F.,(4,4),(0.,0.00051617),.UNSPECIFIED.);
#232=EDGE_CURVE('',#221,#176,#231,.T.);
#233=ORIENTED_EDGE('',*,*,#232,.T.);
#234=EDGE_LOOP('',(#196,#205,#212,#219,#226,#233));
#235=FACE_BOUND('',#234,.T.);
#236=ADVANCED_FACE('',(#235),#195,.T.);
#237=CARTESIAN_POINT('',(-4.007593742,-3.882730019,45.));
#238=CARTESIAN_POINT('',(-4.007593742,-3.882730019,-0.));
#239=CARTESIAN_POINT('',(-4.559729995,-3.312837757,45.));
#240=CARTESIAN_POINT('',(-4.559729995,-3.312837757,-0.));
#241=CARTESIAN_POINT('',(-4.931110258,-2.611618582,45.));
#242=CARTESIAN_POINT('',(-4.931110258,-2.611618582,-0.));
#243=(BOUNDED_SURFACE()
B_SPLINE_SURFACE(2,1,((#237,#238),(#239,#240),(#241,#242)),.UNSPECIFIED.,.F.,.F.,.U.)
B_SPLINE_SURFACE_WITH_KNOTS((3,3),(2,2),(5.489393642,5.757686222),(-0.,0.045),.UNSPECIFIED.)
GEOMETRIC_REPRESENTATION_ITEM()
RATIONAL_B_SPLINE_SURFACE(((0.76463916,0.76463916),(0.780138319,0.780138319),(0.812047158,0.812047158)))
REPRESENTATION_ITEM('')
SURFACE()
);
#244=CARTESIAN_POINT('',(-4.931110258,-2.611618582,0.));
#245=VERTEX_POINT('',#244);
#246=CARTESIAN_POINT('',(-4.931110258,-2.611618582,0.));
#247=CARTESIAN_POINT('',(-4.559729995,-3.312837757,0.));
#248=CARTESIAN_POINT('',(-4.007593742,-3.882730019,0.));
#249=(BOUNDED_CURVE()
B_SPLINE_CURVE(2,(#246,#247,#248),.UNSPECIFIED.,.F.,.F.)
B_SPLINE_CURVE_WITH_KNOTS((3,3),(1.115381026,1.397893097),.UNSPECIFIED.)
CURVE()
GEOMETRIC_REPRESENTATION_ITEM()
RATIONAL_B_SPLINE_CURVE((1.,0.990039944,1.))
REPRESENTATION_ITEM(''));
#250=EDGE_CURVE('',#245,#207,#249,.T.);
#251=ORIENTED_EDGE('',*,*,#250,.F.);
#252=CARTESIAN_POINT('',(-4.931110258,-2.611618582,45.));
#253=VERTEX_POINT('',#252);
#254=CARTESIAN_POINT('',(-4.931110258,-2.611618582,45.));
#255=CARTESIAN_POINT('',(-4.931110258,-2.611618582,0.));
#256=B_SPLINE_CURVE_WITH_KNOTS('',1,(#254,#255),.UNSPECIFIED.,.F.,.F.,(2,2),(0.,0.045),.UNSPECIFIED.);
#257=EDGE_CURVE('',#253,#245,#256,.T.);
#258=ORIENTED_EDGE('',*,*,#257,.F.);
#259=CARTESIAN_POINT('',(-4.931110258,-2.611618582,45.));
#260=CARTESIAN_POINT('',(-4.559729995,-3.312837757,45.));
#261=CARTESIAN_POINT('',(-4.007593742,-3.882730019,45.));
#262=(BOUNDED_CURVE()
B_SPLINE_CURVE(2,(#259,#260,#261),.UNSPECIFIED.,.F.,.F.)
B_SPLINE_CURVE_WITH_KNOTS((3,3),(1.115381026,1.397893097),.UNSPECIFIED.)
CURVE()
GEOMETRIC_REPRESENTATION_ITEM()
RATIONAL_B_SPLINE_CURVE((1.,0.990039944,1.))
REPRESENTATION_ITEM(''));
#263=EDGE_CURVE('',#253,#214,#262,.T.);
#264=ORIENTED_EDGE('',*,*,#263,.T.);
#265=ORIENTED_EDGE('',*,*,#218,.T.);
#266=EDGE_LOOP('',(#251,#258,#264,#265));
#267=FACE_BOUND('',#266,.T.);
#268=ADVANCED_FACE('',(#267),#243,.F.);
#269=CARTESIAN_POINT('',(-4.931110258,-2.611618582,0.));
#270=CARTESIAN_POINT('',(-4.931110258,-2.611618582,45.));
#271=CARTESIAN_POINT('',(-3.396383209,-2.112955536,0.));
#272=CARTESIAN_POINT('',(-3.396383209,-2.112955536,45.));
#273=B_SPLINE_SURFACE_WITH_KNOTS('',1,1,((#269,#270),(#271,#272)),.UNSPECIFIED.,.F.,.F.,.U.,(2,2),(2,2),(-0.001613708,0.),(-0.045,0.),.UNSPECIFIED.);
#274=CARTESIAN_POINT('',(-3.748186043,-2.227263206,0.));
#275=VERTEX_POINT('',#274);
#276=CARTESIAN_POINT('',(-3.748186043,-2.227263206,0.));
#277=CARTESIAN_POINT('',(-4.931110258,-2.611618582,0.));
#278=B_SPLINE_CURVE_WITH_KNOTS('',1,(#276,#277),.UNSPECIFIED.,.F.,.F.,(2,2),(0.000369907,0.001613708),.UNSPECIFIED.);
#279=EDGE_CURVE('',#275,#245,#278,.T.);
#280=ORIENTED_EDGE('',*,*,#279,.F.);
#281=CARTESIAN_POINT('',(-3.396383209,-2.112955536,0.36));
#282=VERTEX_POINT('',#281);
#283=CARTESIAN_POINT('',(-3.748186043,-2.227263206,0.));
#284=CARTESIAN_POINT('',(-3.631049688,-2.189203297,0.120141809));
#285=CARTESIAN_POINT('',(-3.513794225,-2.151104687,0.240154934));
#286=CARTESIAN_POINT('',(-3.396383209,-2.112955536,0.36));
#287=B_SPLINE_CURVE_WITH_KNOTS('',3,(#283,#284,#285,#286),.UNSPECIFIED.,.F.,.F.,(4,4),(0.,0.00051617),.UNSPECIFIED.);
#288=EDGE_CURVE('',#275,#282,#287,.T.);
#289=ORIENTED_EDGE('',*,*,#288,.T.);
#290=CARTESIAN_POINT('',(-3.396383209,-2.112955536,44.64));
#291=VERTEX_POINT('',#290);
#292=CARTESIAN_POINT('',(-3.396383209,-2.112955536,44.64));
#293=CARTESIAN_POINT('',(-3.396383209,-2.112955536,0.36));
#294=B_SPLINE_CURVE_WITH_KNOTS('',1,(#292,#293),.UNSPECIFIED.,.F.,.F.,(2,2),(0.00036,0.04464),.UNSPECIFIED.);
#295=EDGE_CURVE('',#291,#282,#294,.T.);
#296=ORIENTED_EDGE('',*,*,#295,.F.);
#297=CARTESIAN_POINT('',(-3.748186043,-2.227263206,45.));
#298=VERTEX_POINT('',#297);
#299=CARTESIAN_POINT('',(-3.396383209,-2.112955536,44.64));
#300=CARTESIAN_POINT('',(-3.513794225,-2.151104687,44.759845066));
#301=CARTESIAN_POINT('',(-3.631049688,-2.189203297,44.879858191));
#302=CARTESIAN_POINT('',(-3.748186043,-2.227263206,45.));
#303=B_SPLINE_CURVE_WITH_KNOTS('',3,(#299,#300,#301,#302),.UNSPECIFIED.,.F.,.F.,(4,4),(0.,0.00051617),.UNSPECIFIED.);
#304=EDGE_CURVE('',#291,#298,#303,.T.);
#305=ORIENTED_EDGE('',*,*,#304,.T.);
#306=CARTESIAN_POINT('',(-3.748186043,-2.227263206,45.));
#307=CARTESIAN_POINT('',(-4.931110258,-2.611618582,45.));
#308=B_SPLINE_CURVE_WITH_KNOTS('',1,(#306,#307),.UNSPECIFIED.,.F.,.F.,(2,2),(0.000369907,0.001613708),.UNSPECIFIED.);
#309=EDGE_CURVE('',#298,#253,#308,.T.);
#310=ORIENTED_EDGE('',*,*,#309,.T.);
#311=ORIENTED_EDGE('',*,*,#257,.T.);
#312=EDGE_LOOP('',(#280,#289,#296,#305,#310,#311));
#313=FACE_BOUND('',#312,.T.);
#314=ADVANCED_FACE('',(#313),#273,.T.);
#315=CARTESIAN_POINT('',(-3.396383209,-2.112955536,44.64));
#316=CARTESIAN_POINT('',(-3.396383209,-2.112955536,0.36));
#317=CARTESIAN_POINT('',(-3.918760106,-1.273282343,44.64));
#318=CARTESIAN_POINT('',(-3.918760106,-1.273282343,0.36));
#319=CARTESIAN_POINT('',(-3.989695838,-0.286927025,44.64));
#320=CARTESIAN_POINT('',(-3.989695838,-0.286927025,0.36));
#321=(BOUNDED_SURFACE()
B_SPLINE_SURFACE(2,1,((#315,#316),(#317,#318),(#319,#320)),.UNSPECIFIED.,.F.,.F.,.U.)
B_SPLINE_SURFACE_WITH_KNOTS((3,3),(2,2),(5.690126724,6.198099591),(0.00036,0.04464),.UNSPECIFIED.)
GEOMETRIC_REPRESENTATION_ITEM()
RATIONAL_B_SPLINE_SURFACE(((0.797017584,0.797017584),(0.84960866,0.84960866),(0.961024989,0.961024989)))
REPRESENTATION_ITEM('')
SURFACE()
);
#322=ORIENTED_EDGE('',*,*,#295,.T.);
#323=CARTESIAN_POINT('',(-3.989695838,-0.286927025,0.36));
#324=VERTEX_POINT('',#323);
#325=CARTESIAN_POINT('',(-3.396383209,-2.112955536,0.36));
#326=CARTESIAN_POINT('',(-3.918760106,-1.273282343,0.36));
#327=CARTESIAN_POINT('',(-3.989695838,-0.286927025,0.36));
#328=(BOUNDED_CURVE()
B_SPLINE_CURVE(2,(#325,#326,#327),.UNSPECIFIED.,.F.,.F.)
B_SPLINE_CURVE_WITH_KNOTS((3,3),(3.213386068,3.69811777),.UNSPECIFIED.)
CURVE()
GEOMETRIC_REPRESENTATION_ITEM()
RATIONAL_B_SPLINE_CURVE((1.,0.970772888,1.))
REPRESENTATION_ITEM(''));
#329=EDGE_CURVE('',#282,#324,#328,.T.);
#330=ORIENTED_EDGE('',*,*,#329,.T.);
#331=CARTESIAN_POINT('',(-3.989695838,-0.286927025,44.64));
#332=VERTEX_POINT('',#331);
#333=CARTESIAN_POINT('',(-3.989695838,-0.286927025,44.64));
#334=CARTESIAN_POINT('',(-3.989695838,-0.286927025,0.36));
#335=B_SPLINE_CURVE_WITH_KNOTS('',1,(#333,#334),.UNSPECIFIED.,.F.,.F.,(2,2),(0.00036,0.04464),.UNSPECIFIED.);
#336=EDGE_CURVE('',#332,#324,#335,.T.);
#337=ORIENTED_EDGE('',*,*,#336,.F.);
#338=CARTESIAN_POINT('',(-3.989695838,-0.286927025,44.64));
#339=CARTESIAN_POINT('',(-3.918760106,-1.273282343,44.64));
#340=CARTESIAN_POINT('',(-3.396383209,-2.112955536,44.64));
#341=(BOUNDED_CURVE()
B_SPLINE_CURVE(2,(#338,#339,#340),.UNSPECIFIED.,.F.,.F.)
B_SPLINE_CURVE_WITH_KNOTS((3,3),(3.213386068,3.69811777),.UNSPECIFIED.)
CURVE()
GEOMETRIC_REPRESENTATION_ITEM()
RATIONAL_B_SPLINE_CURVE((1.,0.970772888,1.))
REPRESENTATION_ITEM(''));
#342=EDGE_CURVE('',#332,#291,#341,.T.);
#343=ORIENTED_EDGE('',*,*,#342,.T.);
#344=EDGE_LOOP('',(#322,#330,#337,#343));
#345=FACE_BOUND('',#344,.T.);
#346=ADVANCED_FACE('',(#345),#321,.F.);
#347=CARTESIAN_POINT('',(-3.989695838,-0.286927025,0.));
#348=CARTESIAN_POINT('',(-3.989695838,-0.286927025,45.));
#349=CARTESIAN_POINT('',(-5.524422888,-0.785590071,0.));
#350=CARTESIAN_POINT('',(-5.524422888,-0.785590071,45.));
#351=B_SPLINE_SURFACE_WITH_KNOTS('',1,1,((#347,#348),(#349,#350)),.UNSPECIFIED.,.F.,.F.,.U.,(2,2),(2,2),(0.,0.001613708),(-0.045,0.),.UNSPECIFIED.);
#352=ORIENTED_EDGE('',*,*,#336,.T.);
#353=CARTESIAN_POINT('',(-4.341498672,-0.401234694,0.));
#354=VERTEX_POINT('',#353);
#355=CARTESIAN_POINT('',(-3.989695838,-0.286927025,0.36));
#356=CARTESIAN_POINT('',(-4.107106854,-0.325076176,0.240154934));
#357=CARTESIAN_POINT('',(-4.224362317,-0.363174786,0.120141809));
#358=CARTESIAN_POINT('',(-4.341498672,-0.401234694,0.));
#359=B_SPLINE_CURVE_WITH_KNOTS('',3,(#355,#356,#357,#358),.UNSPECIFIED.,.F.,.F.,(4,4),(0.,0.00051617),.UNSPECIFIED.);
#360=EDGE_CURVE('',#324,#354,#359,.T.);
#361=ORIENTED_EDGE('',*,*,#360,.T.);
#362=CARTESIAN_POINT('',(-5.524422888,-0.785590071,0.));
#363=VERTEX_POINT('',#362);
#364=CARTESIAN_POINT('',(-5.524422888,-0.785590071,0.));
#365=CARTESIAN_POINT('',(-4.341498672,-0.401234694,0.));
#366=B_SPLINE_CURVE_WITH_KNOTS('',1,(#364,#365),.UNSPECIFIED.,.F.,.F.,(2,2),(-0.001613708,-0.000369907),.UNSPECIFIED.);
#367=EDGE_CURVE('',#363,#354,#366,.T.);
#368=ORIENTED_EDGE('',*,*,#367,.F.);
#369=CARTESIAN_POINT('',(-5.524422888,-0.785590071,45.));
#370=VERTEX_POINT('',#369);
#371=CARTESIAN_POINT('',(-5.524422888,-0.785590071,45.));
#372=CARTESIAN_POINT('',(-5.524422888,-0.785590071,0.));
#373=B_SPLINE_CURVE_WITH_KNOTS('',1,(#371,#372),.UNSPECIFIED.,.F.,.F.,(2,2),(0.,0.045),.UNSPECIFIED.);
#374=EDGE_CURVE('',#370,#363,#373,.T.);
#375=ORIENTED_EDGE('',*,*,#374,.F.);
#376=CARTESIAN_POINT('',(-4.341498672,-0.401234694,45.));
#377=VERTEX_POINT('',#376);
#378=CARTESIAN_POINT('',(-5.524422888,-0.785590071,45.));
#379=CARTESIAN_POINT('',(-4.341498672,-0.401234694,45.));
#380=B_SPLINE_CURVE_WITH_KNOTS('',1,(#378,#379),.UNSPECIFIED.,.F.,.F.,(2,2),(-0.001613708,-0.000369907),.UNSPECIFIED.);
#381=EDGE_CURVE('',#370,#377,#380,.T.);
#382=ORIENTED_EDGE('',*,*,#381,.T.);
#383=CARTESIAN_POINT('',(-4.341498672,-0.401234694,45.));
#384=CARTESIAN_POINT('',(-4.224362317,-0.363174786,44.879858191));
#385=CARTESIAN_POINT('',(-4.107106854,-0.325076176,44.759845066));
#386=CARTESIAN_POINT('',(-3.989695838,-0.286927025,44.64));
#387=B_SPLINE_CURVE_WITH_KNOTS('',3,(#383,#384,#385,#386),.UNSPECIFIED.,.F.,.F.,(4,4),(0.,0.00051617),.UNSPECIFIED.);
#388=EDGE_CURVE('',#377,#332,#387,.T.);
#389=ORIENTED_EDGE('',*,*,#388,.T.);
#390=EDGE_LOOP('',(#352,#361,#368,#375,#382,#389));
#391=FACE_BOUND('',#390,.T.);
#392=ADVANCED_FACE('',(#391),#351,.T.);
#393=CARTESIAN_POINT('',(-5.58,0.,45.));
#394=CARTESIAN_POINT('',(-5.58,0.,-0.));
#395=CARTESIAN_POINT('',(-5.58,0.394760956,45.));
#396=CARTESIAN_POINT('',(-5.58,0.394760956,-0.));
#397=CARTESIAN_POINT('',(-5.524422888,0.785590071,45.));
#398=CARTESIAN_POINT('',(-5.524422888,0.785590071,-0.));
#399=(BOUNDED_SURFACE()
B_SPLINE_SURFACE(2,1,((#393,#394),(#395,#396),(#397,#398)),.UNSPECIFIED.,.F.,.F.,.U.)
B_SPLINE_SURFACE_WITH_KNOTS((3,3),(2,2),(0.,0.16437732),(-0.,0.045),.UNSPECIFIED.)
GEOMETRIC_REPRESENTATION_ITEM()
RATIONAL_B_SPLINE_SURFACE(((1.,1.),(0.960757805,0.960757805),(0.92767541,0.92767541)))
REPRESENTATION_ITEM('')
SURFACE()
);
#400=CARTESIAN_POINT('',(-5.58,0.,0.));
#401=VERTEX_POINT('',#400);
#402=CARTESIAN_POINT('',(-5.58,-0.,45.));
#403=VERTEX_POINT('',#402);
#404=CARTESIAN_POINT('',(-5.58,0.,0.));
#405=CARTESIAN_POINT('',(-5.58,0.,45.));
#406=B_SPLINE_CURVE_WITH_KNOTS('',1,(#404,#405),.UNSPECIFIED.,.F.,.F.,(2,2),(-0.,0.045),.UNSPECIFIED.);
#407=EDGE_CURVE('',#401,#403,#406,.T.);
#408=ORIENTED_EDGE('',*,*,#407,.F.);
#409=CARTESIAN_POINT('',(-5.524422888,0.785590071,0.));
#410=VERTEX_POINT('',#409);
#411=CARTESIAN_POINT('',(-5.524422888,0.785590071,0.));
#412=CARTESIAN_POINT('',(-5.636136233,0.,0.));
#413=CARTESIAN_POINT('',(-5.524422888,-0.785590071,0.));
#414=(BOUNDED_CURVE()
B_SPLINE_CURVE(2,(#411,#412,#413),.UNSPECIFIED.,.F.,.F.)
B_SPLINE_CURVE_WITH_KNOTS((3,3),(1.115381026,1.397893097),.UNSPECIFIED.)
CURVE()
GEOMETRIC_REPRESENTATION_ITEM()
RATIONAL_B_SPLINE_CURVE((1.,0.990039944,1.))
REPRESENTATION_ITEM(''));
#415=EDGE_CURVE('',#410,#401,#414,.T.);
#416=ORIENTED_EDGE('',*,*,#415,.F.);
#417=CARTESIAN_POINT('',(-5.524422888,0.785590071,45.));
#418=VERTEX_POINT('',#417);
#419=CARTESIAN_POINT('',(-5.524422888,0.785590071,45.));
#420=CARTESIAN_POINT('',(-5.524422888,0.785590071,0.));
#421=B_SPLINE_CURVE_WITH_KNOTS('',1,(#419,#420),.UNSPECIFIED.,.F.,.F.,(2,2),(0.,0.045),.UNSPECIFIED.);
#422=EDGE_CURVE('',#418,#410,#421,.T.);
#423=ORIENTED_EDGE('',*,*,#422,.F.);
#424=CARTESIAN_POINT('',(-5.524422888,0.785590071,45.));
#425=CARTESIAN_POINT('',(-5.636136233,0.,45.));
#426=CARTESIAN_POINT('',(-5.524422888,-0.785590071,45.));
#427=(BOUNDED_CURVE()
B_SPLINE_CURVE(2,(#424,#425,#426),.UNSPECIFIED.,.F.,.F.)
B_SPLINE_CURVE_WITH_KNOTS((3,3),(1.115381026,1.397893097),.UNSPECIFIED.)
CURVE()
GEOMETRIC_REPRESENTATION_ITEM()
RATIONAL_B_SPLINE_CURVE((1.,0.990039944,1.))
REPRESENTATION_ITEM(''));
#428=EDGE_CURVE('',#418,#403,#427,.T.);
#429=ORIENTED_EDGE('',*,*,#428,.T.);
#430=EDGE_LOOP('',(#408,#416,#423,#429));
#431=FACE_BOUND('',#430,.T.);
#432=ADVANCED_FACE('',(#431),#399,.F.);
#433=CARTESIAN_POINT('',(-5.524422888,0.785590071,0.));
#434=CARTESIAN_POINT('',(-5.524422888,0.785590071,45.));
#435=CARTESIAN_POINT('',(-3.989695838,0.286927025,0.));
#436=CARTESIAN_POINT('',(-3.989695838,0.286927025,45.));
#437=B_SPLINE_SURFACE_WITH_KNOTS('',1,1,((#433,#434),(#435,#436)),.UNSPECIFIED.,.F.,.F.,.U.,(2,2),(2,2),(-0.001613708,0.),(-0.045,0.),.UNSPECIFIED.);
#438=CARTESIAN_POINT('',(-4.341498672,0.401234694,0.));
#439=VERTEX_POINT('',#438);
#440=CARTESIAN_POINT('',(-4.341498672,0.401234694,0.));
#441=CARTESIAN_POINT('',(-5.524422888,0.785590071,0.));
#442=B_SPLINE_CURVE_WITH_KNOTS('',1,(#440,#441),.UNSPECIFIED.,.F.,.F.,(2,2),(0.000369907,0.001613708),.UNSPECIFIED.);
#443=EDGE_CURVE('',#439,#410,#442,.T.);
#444=ORIENTED_EDGE('',*,*,#443,.F.);
#445=CARTESIAN_POINT('',(-3.989695838,0.286927025,0.36));
#446=VERTEX_POINT('',#445);
#447=CARTESIAN_POINT('',(-4.341498672,0.401234694,0.));
#448=CARTESIAN_POINT('',(-4.224362317,0.363174786,0.120141809));
#449=CARTESIAN_POINT('',(-4.107106854,0.325076176,0.240154934));
#450=CARTESIAN_POINT('',(-3.989695838,0.286927025,0.36));
#451=B_SPLINE_CURVE_WITH_KNOTS('',3,(#447,#448,#449,#450),.UNSPECIFIED.,.F.,.F.,(4,4),(0.,0.00051617),.UNSPECIFIED.);
#452=EDGE_CURVE('',#439,#446,#451,.T.);
#453=ORIENTED_EDGE('',*,*,#452,.T.);
#454=CARTESIAN_POINT('',(-3.989695838,0.286927025,44.64));
#455=VERTEX_POINT('',#454);
#456=CARTESIAN_POINT('',(-3.989695838,0.286927025,44.64));
#457=CARTESIAN_POINT('',(-3.989695838,0.286927025,0.36));
#458=B_SPLINE_CURVE_WITH_KNOTS('',1,(#456,#457),.UNSPECIFIED.,.F.,.F.,(2,2),(0.00036,0.04464),.UNSPECIFIED.);
#459=EDGE_CURVE('',#455,#446,#458,.T.);
#460=ORIENTED_EDGE('',*,*,#459,.F.);
#461=CARTESIAN_POINT('',(-4.341498672,0.401234694,45.));
#462=VERTEX_POINT('',#461);
#463=CARTESIAN_POINT('',(-3.989695838,0.286927025,44.64));
#464=CARTESIAN_POINT('',(-4.107106854,0.325076176,44.759845066));
#465=CARTESIAN_POINT('',(-4.224362317,0.363174786,44.879858191));
#466=CARTESIAN_POINT('',(-4.341498672,0.401234694,45.));
#467=B_SPLINE_CURVE_WITH_KNOTS('',3,(#463,#464,#465,#466),.UNSPECIFIED.,.F.,.F.,(4,4),(0.,0.00051617),.UNSPECIFIED.);
#468=EDGE_CURVE('',#455,#462,#467,.T.);
#469=ORIENTED_EDGE('',*,*,#468,.T.);
#470=CARTESIAN_POINT('',(-4.341498672,0.401234694,45.));
#471=CARTESIAN_POINT('',(-5.524422888,0.785590071,45.));
#472=B_SPLINE_CURVE_WITH_KNOTS('',1,(#470,#471),.UNSPECIFIED.,.F.,.F.,(2,2),(0.000369907,0.001613708),.UNSPECIFIED.);
#473=EDGE_CURVE('',#462,#418,#472,.T.);
#474=ORIENTED_EDGE('',*,*,#473,.T.);
#475=ORIENTED_EDGE('',*,*,#422,.T.);
#476=EDGE_LOOP('',(#444,#453,#460,#469,#474,#475));
#477=FACE_BOUND('',#476,.T.);
#478=ADVANCED_FACE('',(#477),#437,.T.);
#479=CARTESIAN_POINT('',(-3.989695838,0.286927025,44.64));
#480=CARTESIAN_POINT('',(-3.989695838,0.286927025,0.36));
#481=CARTESIAN_POINT('',(-3.918760106,1.273282343,44.64));
#482=CARTESIAN_POINT('',(-3.918760106,1.273282343,0.36));
#483=CARTESIAN_POINT('',(-3.396383209,2.112955536,44.64));
#484=CARTESIAN_POINT('',(-3.396383209,2.112955536,0.36));
#485=(BOUNDED_SURFACE()
B_SPLINE_SURFACE(2,1,((#479,#480),(#481,#482),(#483,#484)),.UNSPECIFIED.,.F.,.F.,.U.)
B_SPLINE_SURFACE_WITH_KNOTS((3,3),(2,2),(0.085085716,0.593058584),(0.00036,0.04464),.UNSPECIFIED.)
GEOMETRIC_REPRESENTATION_ITEM()
RATIONAL_B_SPLINE_SURFACE(((0.961024989,0.961024989),(0.84960866,0.84960866),(0.797017584,0.797017584)))
REPRESENTATION_ITEM('')
SURFACE()
);
#486=ORIENTED_EDGE('',*,*,#459,.T.);
#487=CARTESIAN_POINT('',(-3.396383209,2.112955536,0.36));
#488=VERTEX_POINT('',#487);
#489=CARTESIAN_POINT('',(-3.989695838,0.286927025,0.36));
#490=CARTESIAN_POINT('',(-3.918760106,1.273282343,0.36));
#491=CARTESIAN_POINT('',(-3.396383209,2.112955536,0.36));
#492=(BOUNDED_CURVE()
B_SPLINE_CURVE(2,(#489,#490,#491),.UNSPECIFIED.,.F.,.F.)
B_SPLINE_CURVE_WITH_KNOTS((3,3),(2.585067537,3.069799239),.UNSPECIFIED.)
CURVE()
GEOMETRIC_REPRESENTATION_ITEM()
RATIONAL_B_SPLINE_CURVE((1.,0.970772888,1.))
REPRESENTATION_ITEM(''));
#493=EDGE_CURVE('',#446,#488,#492,.T.);
#494=ORIENTED_EDGE('',*,*,#493,.T.);
#495=CARTESIAN_POINT('',(-3.396383209,2.112955536,44.64));
#496=VERTEX_POINT('',#495);
#497=CARTESIAN_POINT('',(-3.396383209,2.112955536,44.64));
#498=CARTESIAN_POINT('',(-3.396383209,2.112955536,0.36));
#499=B_SPLINE_CURVE_WITH_KNOTS('',1,(#497,#498),.UNSPECIFIED.,.F.,.F.,(2,2),(0.00036,0.04464),.UNSPECIFIED.);
#500=EDGE_CURVE('',#496,#488,#499,.T.);
#501=ORIENTED_EDGE('',*,*,#500,.F.);
#502=CARTESIAN_POINT('',(-3.396383209,2.112955536,44.64));
#503=CARTESIAN_POINT('',(-3.918760106,1.273282343,44.64));
#504=CARTESIAN_POINT('',(-3.989695838,0.286927025,44.64));
#505=(BOUNDED_CURVE()
B_SPLINE_CURVE(2,(#502,#503,#504),.UNSPECIFIED.,.F.,.F.)
B_SPLINE_CURVE_WITH_KNOTS((3,3),(2.585067537,3.069799239),.UNSPECIFIED.)
CURVE()
GEOMETRIC_REPRESENTATION_ITEM()
RATIONAL_B_SPLINE_CURVE((1.,0.970772888,1.))
REPRESENTATION_ITEM(''));
#506=EDGE_CURVE('',#496,#455,#505,.T.);
#507=ORIENTED_EDGE('',*,*,#506,.T.);
#508=EDGE_LOOP('',(#486,#494,#501,#507));
#509=FACE_BOUND('',#508,.T.);
#510=ADVANCED_FACE('',(#509),#485,.F.);
#511=CARTESIAN_POINT('',(-3.396383209,2.112955536,0.));
#512=CARTESIAN_POINT('',(-3.396383209,2.112955536,45.));
#513=CARTESIAN_POINT('',(-4.931110258,2.611618582,0.));
#514=CARTESIAN_POINT('',(-4.931110258,2.611618582,45.));
#515=B_SPLINE_SURFACE_WITH_KNOTS('',1,1,((#511,#512),(#513,#514)),.UNSPECIFIED.,.F.,.F.,.U.,(2,2),(2,2),(0.,0.001613708),(-0.045,0.),.UNSPECIFIED.);
#516=ORIENTED_EDGE('',*,*,#500,.T.);
#517=CARTESIAN_POINT('',(-3.748186043,2.227263206,0.));
#518=VERTEX_POINT('',#517);
#519=CARTESIAN_POINT('',(-3.396383209,2.112955536,0.36));
#520=CARTESIAN_POINT('',(-3.513794225,2.151104687,0.240154934));
#521=CARTESIAN_POINT('',(-3.631049688,2.189203297,0.120141809));
#522=CARTESIAN_POINT('',(-3.748186043,2.227263206,-0.));
#523=B_SPLINE_CURVE_WITH_KNOTS('',3,(#519,#520,#521,#522),.UNSPECIFIED.,.F.,.F.,(4,4),(0.,0.00051617),.UNSPECIFIED.);
#524=EDGE_CURVE('',#488,#518,#523,.T.);
#525=ORIENTED_EDGE('',*,*,#524,.T.);
#526=CARTESIAN_POINT('',(-4.931110258,2.611618582,0.));
#527=VERTEX_POINT('',#526);
#528=CARTESIAN_POINT('',(-4.931110258,2.611618582,0.));
#529=CARTESIAN_POINT('',(-3.748186043,2.227263206,0.));
#530=B_SPLINE_CURVE_WITH_KNOTS('',1,(#528,#529),.UNSPECIFIED.,.F.,.F.,(2,2),(-0.001613708,-0.000369907),.UNSPECIFIED.);
#531=EDGE_CURVE('',#527,#518,#530,.T.);
#532=ORIENTED_EDGE('',*,*,#531,.F.);
#533=CARTESIAN_POINT('',(-4.931110258,2.611618582,45.));
#534=VERTEX_POINT('',#533);
#535=CARTESIAN_POINT('',(-4.931110258,2.611618582,45.));
#536=CARTESIAN_POINT('',(-4.931110258,2.611618582,0.));
#537=B_SPLINE_CURVE_WITH_KNOTS('',1,(#535,#536),.UNSPECIFIED.,.F.,.F.,(2,2),(0.,0.045),.UNSPECIFIED.);
#538=EDGE_CURVE('',#534,#527,#537,.T.);
#539=ORIENTED_EDGE('',*,*,#538,.F.);
#540=CARTESIAN_POINT('',(-3.748186043,2.227263206,45.));
#541=VERTEX_POINT('',#540);
#542=CARTESIAN_POINT('',(-4.931110258,2.611618582,45.));
#543=CARTESIAN_POINT('',(-3.748186043,2.227263206,45.));
#544=B_SPLINE_CURVE_WITH_KNOTS('',1,(#542,#543),.UNSPECIFIED.,.F.,.F.,(2,2),(-0.001613708,-0.000369907),.UNSPECIFIED.);
#545=EDGE_CURVE('',#534,#541,#544,.T.);
#546=ORIENTED_EDGE('',*,*,#545,.T.);
#547=CARTESIAN_POINT('',(-3.748186043,2.227263206,45.));
#548=CARTESIAN_POINT('',(-3.631049688,2.189203297,44.879858191));
#549=CARTESIAN_POINT('',(-3.513794225,2.151104687,44.759845066));
#550=CARTESIAN_POINT('',(-3.396383209,2.112955536,44.64));
#551=B_SPLINE_CURVE_WITH_KNOTS('',3,(#547,#548,#549,#550),.UNSPECIFIED.,.F.,.F.,(4,4),(0.,0.00051617),.UNSPECIFIED.);
#552=EDGE_CURVE('',#541,#496,#551,.T.);
#553=ORIENTED_EDGE('',*,*,#552,.T.);
#554=EDGE_LOOP('',(#516,#525,#532,#539,#546,#553));
#555=FACE_BOUND('',#554,.T.);
#556=ADVANCED_FACE('',(#555),#515,.T.);
#557=CARTESIAN_POINT('',(-4.931110258,2.611618582,45.));
#558=CARTESIAN_POINT('',(-4.931110258,2.611618582,-0.));
#559=CARTESIAN_POINT('',(-4.559729995,3.312837757,45.));
#560=CARTESIAN_POINT('',(-4.559729995,3.312837757,-0.));
#561=CARTESIAN_POINT('',(-4.007593742,3.882730019,45.));
#562=CARTESIAN_POINT('',(-4.007593742,3.882730019,-0.));
#563=(BOUNDED_SURFACE()
B_SPLINE_SURFACE(2,1,((#557,#558),(#559,#560),(#561,#562)),.UNSPECIFIED.,.F.,.F.,.U.)
B_SPLINE_SURFACE_WITH_KNOTS((3,3),(2,2),(0.525499085,0.793791665),(-0.,0.045),.UNSPECIFIED.)
GEOMETRIC_REPRESENTATION_ITEM()
RATIONAL_B_SPLINE_SURFACE(((0.812047158,0.812047158),(0.780138319,0.780138319),(0.76463916,0.76463916)))
REPRESENTATION_ITEM('')
SURFACE()
);
#564=CARTESIAN_POINT('',(-4.007593742,3.882730019,0.));
#565=VERTEX_POINT('',#564);
#566=CARTESIAN_POINT('',(-4.007593742,3.882730019,0.));
#567=CARTESIAN_POINT('',(-4.559729995,3.312837757,0.));
#568=CARTESIAN_POINT('',(-4.931110258,2.611618582,0.));
#569=(BOUNDED_CURVE()
B_SPLINE_CURVE(2,(#566,#567,#568),.UNSPECIFIED.,.F.,.F.)
B_SPLINE_CURVE_WITH_KNOTS((3,3),(1.115381026,1.397893097),.UNSPECIFIED.)
CURVE()
GEOMETRIC_REPRESENTATION_ITEM()
RATIONAL_B_SPLINE_CURVE((1.,0.990039944,1.))
REPRESENTATION_ITEM(''));
#570=EDGE_CURVE('',#565,#527,#569,.T.);
#571=ORIENTED_EDGE('',*,*,#570,.F.);
#572=CARTESIAN_POINT('',(-4.007593742,3.882730019,45.));
#573=VERTEX_POINT('',#572);
#574=CARTESIAN_POINT('',(-4.007593742,3.882730019,45.));
#575=CARTESIAN_POINT('',(-4.007593742,3.882730019,0.));
#576=B_SPLINE_CURVE_WITH_KNOTS('',1,(#574,#575),.UNSPECIFIED.,.F.,.F.,(2,2),(0.,0.045),.UNSPECIFIED.);
#577=EDGE_CURVE('',#573,#565,#576,.T.);
#578=ORIENTED_EDGE('',*,*,#577,.F.);
#579=CARTESIAN_POINT('',(-4.007593742,3.882730019,45.));
#580=CARTESIAN_POINT('',(-4.559729995,3.312837757,45.));
#581=CARTESIAN_POINT('',(-4.931110258,2.611618582,45.));
#582=(BOUNDED_CURVE()
B_SPLINE_CURVE(2,(#579,#580,#581),.UNSPECIFIED.,.F.,.F.)
B_SPLINE_CURVE_WITH_KNOTS((3,3),(1.115381026,1.397893097),.UNSPECIFIED.)
CURVE()
GEOMETRIC_REPRESENTATION_ITEM()
RATIONAL_B_SPLINE_CURVE((1.,0.990039944,1.))
REPRESENTATION_ITEM(''));
#583=EDGE_CURVE('',#573,#534,#582,.T.);
#584=ORIENTED_EDGE('',*,*,#583,.T.);
#585=ORIENTED_EDGE('',*,*,#538,.T.);
#586=EDGE_LOOP('',(#571,#578,#584,#585));
#587=FACE_BOUND('',#586,.T.);
#588=ADVANCED_FACE('',(#587),#563,.F.);
#589=CARTESIAN_POINT('',(-4.007593742,3.882730019,0.));
#590=CARTESIAN_POINT('',(-4.007593742,3.882730019,45.));
#591=CARTESIAN_POINT('',(-3.059080262,2.577213214,0.));
#592=CARTESIAN_POINT('',(-3.059080262,2.577213214,45.));
#593=B_SPLINE_SURFACE_WITH_KNOTS('',1,1,((#589,#590),(#591,#592)),.UNSPECIFIED.,.F.,.F.,.U.,(2,2),(2,2),(-0.001613708,0.),(-0.045,0.),.UNSPECIFIED.);
#594=CARTESIAN_POINT('',(-3.276506371,2.876474579,0.));
#595=VERTEX_POINT('',#594);
#596=CARTESIAN_POINT('',(-3.276506371,2.876474579,0.));
#597=CARTESIAN_POINT('',(-4.007593742,3.882730019,0.));
#598=B_SPLINE_CURVE_WITH_KNOTS('',1,(#596,#597),.UNSPECIFIED.,.F.,.F.,(2,2),(0.000369907,0.001613708),.UNSPECIFIED.);
#599=EDGE_CURVE('',#595,#565,#598,.T.);
#600=ORIENTED_EDGE('',*,*,#599,.F.);
#601=CARTESIAN_POINT('',(-3.059080262,2.577213214,0.36));
#602=VERTEX_POINT('',#601);
#603=CARTESIAN_POINT('',(-3.276506371,2.876474579,0.));
#604=CARTESIAN_POINT('',(-3.204112122,2.776832444,0.120141809));
#605=CARTESIAN_POINT('',(-3.13164426,2.677088989,0.240154934));
#606=CARTESIAN_POINT('',(-3.059080262,2.577213214,0.36));
#607=B_SPLINE_CURVE_WITH_KNOTS('',3,(#603,#604,#605,#606),.UNSPECIFIED.,.F.,.F.,(4,4),(0.,0.00051617),.UNSPECIFIED.);
#608=EDGE_CURVE('',#595,#602,#607,.T.);
#609=ORIENTED_EDGE('',*,*,#608,.T.);
#610=CARTESIAN_POINT('',(-3.059080262,2.577213214,44.64));
#611=VERTEX_POINT('',#610);
#612=CARTESIAN_POINT('',(-3.059080262,2.577213214,44.64));
#613=CARTESIAN_POINT('',(-3.059080262,2.577213214,0.36));
#614=B_SPLINE_CURVE_WITH_KNOTS('',1,(#612,#613),.UNSPECIFIED.,.F.,.F.,(2,2),(0.00036,0.04464),.UNSPECIFIED.);
#615=EDGE_CURVE('',#611,#602,#614,.T.);
#616=ORIENTED_EDGE('',*,*,#615,.F.);
#617=CARTESIAN_POINT('',(-3.276506371,2.876474579,45.));
#618=VERTEX_POINT('',#617);
#619=CARTESIAN_POINT('',(-3.059080262,2.577213214,44.64));
#620=CARTESIAN_POINT('',(-3.13164426,2.677088989,44.759845066));
#621=CARTESIAN_POINT('',(-3.204112122,2.776832444,44.879858191));
#622=CARTESIAN_POINT('',(-3.276506371,2.876474579,45.));
#623=B_SPLINE_CURVE_WITH_KNOTS('',3,(#619,#620,#621,#622),.UNSPECIFIED.,.F.,.F.,(4,4),(0.,0.00051617),.UNSPECIFIED.);
#624=EDGE_CURVE('',#611,#618,#623,.T.);
#625=ORIENTED_EDGE('',*,*,#624,.T.);
#626=CARTESIAN_POINT('',(-3.276506371,2.876474579,45.));
#627=CARTESIAN_POINT('',(-4.007593742,3.882730019,45.));
#628=B_SPLINE_CURVE_WITH_KNOTS('',1,(#626,#627),.UNSPECIFIED.,.F.,.F.,(2,2),(0.000369907,0.001613708),.UNSPECIFIED.);
#629=EDGE_CURVE('',#618,#573,#628,.T.);
#630=ORIENTED_EDGE('',*,*,#629,.T.);
#631=ORIENTED_EDGE('',*,*,#577,.T.);
#632=EDGE_LOOP('',(#600,#609,#616,#625,#630,#631));
#633=FACE_BOUND('',#632,.T.);
#634=ADVANCED_FACE('',(#633),#593,.T.);
#635=CARTESIAN_POINT('',(-3.059080262,2.577213214,44.64));
#636=CARTESIAN_POINT('',(-3.059080262,2.577213214,0.36));
#637=CARTESIAN_POINT('',(-2.421926939,3.333496452,44.64));
#638=CARTESIAN_POINT('',(-2.421926939,3.333496452,0.36));
#639=CARTESIAN_POINT('',(-1.505767633,3.705760898,44.64));
#640=CARTESIAN_POINT('',(-1.505767633,3.705760898,0.36));
#641=(BOUNDED_SURFACE()
B_SPLINE_SURFACE(2,1,((#635,#636),(#637,#638),(#639,#640)),.UNSPECIFIED.,.F.,.F.,.U.)
B_SPLINE_SURFACE_WITH_KNOTS((3,3),(2,2),(0.729227182,1.172226218),(0.00036,0.04464),.UNSPECIFIED.)
GEOMETRIC_REPRESENTATION_ITEM()
RATIONAL_B_SPLINE_SURFACE(((0.773049212,0.773049212),(0.740936853,0.740936853),(0.753563707,0.753563707)))
REPRESENTATION_ITEM('')
SURFACE()
);
#642=ORIENTED_EDGE('',*,*,#615,.T.);
#643=CARTESIAN_POINT('',(-1.505767633,3.705760898,0.36));
#644=VERTEX_POINT('',#643);
#645=CARTESIAN_POINT('',(-3.059080262,2.577213214,0.36));
#646=CARTESIAN_POINT('',(-2.421926939,3.333496452,0.36));
#647=CARTESIAN_POINT('',(-1.505767633,3.705760898,0.36));
#648=(BOUNDED_CURVE()
B_SPLINE_CURVE(2,(#645,#646,#647),.UNSPECIFIED.,.F.,.F.)
B_SPLINE_CURVE_WITH_KNOTS((3,3),(1.956749006,2.441480709),.UNSPECIFIED.)
CURVE()
GEOMETRIC_REPRESENTATION_ITEM()
RATIONAL_B_SPLINE_CURVE((1.,0.970772888,1.))
REPRESENTATION_ITEM(''));
#649=EDGE_CURVE('',#602,#644,#648,.T.);
#650=ORIENTED_EDGE('',*,*,#649,.T.);
#651=CARTESIAN_POINT('',(-1.505767633,3.705760898,44.64));
#652=VERTEX_POINT('',#651);
#653=CARTESIAN_POINT('',(-1.505767633,3.705760898,44.64));
#654=CARTESIAN_POINT('',(-1.505767633,3.705760898,0.36));
#655=B_SPLINE_CURVE_WITH_KNOTS('',1,(#653,#654),.UNSPECIFIED.,.F.,.F.,(2,2),(0.00036,0.04464),.UNSPECIFIED.);
#656=EDGE_CURVE('',#652,#644,#655,.T.);
#657=ORIENTED_EDGE('',*,*,#656,.F.);
#658=CARTESIAN_POINT('',(-1.505767633,3.705760898,44.64));
#659=CARTESIAN_POINT('',(-2.421926939,3.333496452,44.64));
#660=CARTESIAN_POINT('',(-3.059080262,2.577213214,44.64));
#661=(BOUNDED_CURVE()
B_SPLINE_CURVE(2,(#658,#659,#660),.UNSPECIFIED.,.F.,.F.)
B_SPLINE_CURVE_WITH_KNOTS((3,3),(1.956749006,2.441480709),.UNSPECIFIED.)
CURVE()
GEOMETRIC_REPRESENTATION_ITEM()
RATIONAL_B_SPLINE_CURVE((1.,0.970772888,1.))
REPRESENTATION_ITEM(''));
#662=EDGE_CURVE('',#652,#611,#661,.T.);
#663=ORIENTED_EDGE('',*,*,#662,.T.);
#664=EDGE_LOOP('',(#642,#650,#657,#663));
#665=FACE_BOUND('',#664,.T.);
#666=ADVANCED_FACE('',(#665),#641,.F.);
#667=CARTESIAN_POINT('',(-1.505767633,3.705760898,0.));
#668=CARTESIAN_POINT('',(-1.505767633,3.705760898,45.));
#669=CARTESIAN_POINT('',(-2.454281113,5.011277703,0.));
#670=CARTESIAN_POINT('',(-2.454281113,5.011277703,45.));
#671=B_SPLINE_SURFACE_WITH_KNOTS('',1,1,((#667,#668),(#669,#670)),.UNSPECIFIED.,.F.,.F.,.U.,(2,2),(2,2),(0.,0.001613708),(-0.045,0.),.UNSPECIFIED.);
#672=ORIENTED_EDGE('',*,*,#656,.T.);
#673=CARTESIAN_POINT('',(-1.723193741,4.005022263,0.));
#674=VERTEX_POINT('',#673);
#675=CARTESIAN_POINT('',(-1.505767633,3.705760898,0.36));
#676=CARTESIAN_POINT('',(-1.578331631,3.805636674,0.240154934));
#677=CARTESIAN_POINT('',(-1.650799493,3.905380128,0.120141809));
#678=CARTESIAN_POINT('',(-1.723193741,4.005022263,0.));
#679=B_SPLINE_CURVE_WITH_KNOTS('',3,(#675,#676,#677,#678),.UNSPECIFIED.,.F.,.F.,(4,4),(0.,0.00051617),.UNSPECIFIED.);
#680=EDGE_CURVE('',#644,#674,#679,.T.);
#681=ORIENTED_EDGE('',*,*,#680,.T.);
#682=CARTESIAN_POINT('',(-2.454281113,5.011277703,0.));
#683=VERTEX_POINT('',#682);
#684=CARTESIAN_POINT('',(-2.454281113,5.011277703,0.));
#685=CARTESIAN_POINT('',(-1.723193741,4.005022263,0.));
#686=B_SPLINE_CURVE_WITH_KNOTS('',1,(#684,#685),.UNSPECIFIED.,.F.,.F.,(2,2),(-0.001613708,-0.000369907),.UNSPECIFIED.);
#687=EDGE_CURVE('',#683,#674,#686,.T.);
#688=ORIENTED_EDGE('',*,*,#687,.F.);
#689=CARTESIAN_POINT('',(-2.454281113,5.011277703,45.));
#690=VERTEX_POINT('',#689);
#691=CARTESIAN_POINT('',(-2.454281113,5.011277703,45.));
#692=CARTESIAN_POINT('',(-2.454281113,5.011277703,0.));
#693=B_SPLINE_CURVE_WITH_KNOTS('',1,(#691,#692),.UNSPECIFIED.,.F.,.F.,(2,2),(0.,0.045),.UNSPECIFIED.);
#694=EDGE_CURVE('',#690,#683,#693,.T.);
#695=ORIENTED_EDGE('',*,*,#694,.F.);
#696=CARTESIAN_POINT('',(-1.723193741,4.005022263,45.));
#697=VERTEX_POINT('',#696);
#698=CARTESIAN_POINT('',(-2.454281113,5.011277703,45.));
#699=CARTESIAN_POINT('',(-1.723193741,4.005022263,45.));
#700=B_SPLINE_CURVE_WITH_KNOTS('',1,(#698,#699),.UNSPECIFIED.,.F.,.F.,(2,2),(-0.001613708,-0.000369907),.UNSPECIFIED.);
#701=EDGE_CURVE('',#690,#697,#700,.T.);
#702=ORIENTED_EDGE('',*,*,#701,.T.);
#703=CARTESIAN_POINT('',(-1.723193741,4.005022263,45.));
#704=CARTESIAN_POINT('',(-1.650799493,3.905380128,44.879858191));
#705=CARTESIAN_POINT('',(-1.578331631,3.805636674,44.759845066));
#706=CARTESIAN_POINT('',(-1.505767633,3.705760898,44.64));
#707=B_SPLINE_CURVE_WITH_KNOTS('',3,(#703,#704,#705,#706),.UNSPECIFIED.,.F.,.F.,(4,4),(0.,0.00051617),.UNSPECIFIED.);
#708=EDGE_CURVE('',#697,#652,#707,.T.);
#709=ORIENTED_EDGE('',*,*,#708,.T.);
#710=EDGE_LOOP('',(#672,#681,#688,#695,#702,#709));
#711=FACE_BOUND('',#710,.T.);
#712=ADVANCED_FACE('',(#711),#671,.T.);
#713=CARTESIAN_POINT('',(-2.454281113,5.011277703,45.));
#714=CARTESIAN_POINT('',(-2.454281113,5.011277703,-0.));
#715=CARTESIAN_POINT('',(-1.741661878,5.360284091,45.));
#716=CARTESIAN_POINT('',(-1.741661878,5.360284091,-0.));
#717=CARTESIAN_POINT('',(-0.96,5.496799069,45.));
#718=CARTESIAN_POINT('',(-0.96,5.496799069,-0.));
#719=(BOUNDED_SURFACE()
B_SPLINE_SURFACE(2,1,((#713,#714),(#715,#716),(#717,#718)),.UNSPECIFIED.,.F.,.F.,.U.)
B_SPLINE_SURFACE_WITH_KNOTS((3,3),(2,2),(1.10905709,1.368543458),(-0.,0.045),.UNSPECIFIED.)
GEOMETRIC_REPRESENTATION_ITEM()
RATIONAL_B_SPLINE_SURFACE(((0.750872361,0.750872361),(0.754531711,0.754531711),(0.773541185,0.773541185)))
REPRESENTATION_ITEM('')
SURFACE()
);
#720=CARTESIAN_POINT('',(-0.96,5.496799069,0.));
#721=VERTEX_POINT('',#720);
#722=CARTESIAN_POINT('',(-0.96,5.496799069,0.));
#723=CARTESIAN_POINT('',(-1.741661878,5.360284091,0.));
#724=CARTESIAN_POINT('',(-2.454281113,5.011277703,0.));
#725=(BOUNDED_CURVE()
B_SPLINE_CURVE(2,(#722,#723,#724),.UNSPECIFIED.,.F.,.F.)
B_SPLINE_CURVE_WITH_KNOTS((3,3),(1.115381026,1.397893097),.UNSPECIFIED.)
CURVE()
GEOMETRIC_REPRESENTATION_ITEM()
RATIONAL_B_SPLINE_CURVE((1.,0.990039944,1.))
REPRESENTATION_ITEM(''));
#726=EDGE_CURVE('',#721,#683,#725,.T.);
#727=ORIENTED_EDGE('',*,*,#726,.F.);
#728=CARTESIAN_POINT('',(-0.96,5.496799069,45.));
#729=VERTEX_POINT('',#728);
#730=CARTESIAN_POINT('',(-0.96,5.496799069,45.));
#731=CARTESIAN_POINT('',(-0.96,5.496799069,0.));
#732=B_SPLINE_CURVE_WITH_KNOTS('',1,(#730,#731),.UNSPECIFIED.,.F.,.F.,(2,2),(0.,0.045),.UNSPECIFIED.);
#733=EDGE_CURVE('',#729,#721,#732,.T.);
#734=ORIENTED_EDGE('',*,*,#733,.F.);
#735=CARTESIAN_POINT('',(-0.96,5.496799069,45.));
#736=CARTESIAN_POINT('',(-1.741661878,5.360284091,45.));
#737=CARTESIAN_POINT('',(-2.454281113,5.011277703,45.));
#738=(BOUNDED_CURVE()
B_SPLINE_CURVE(2,(#735,#736,#737),.UNSPECIFIED.,.F.,.F.)
B_SPLINE_CURVE_WITH_KNOTS((3,3),(1.115381026,1.397893097),.UNSPECIFIED.)
CURVE()
GEOMETRIC_REPRESENTATION_ITEM()
RATIONAL_B_SPLINE_CURVE((1.,0.990039944,1.))
REPRESENTATION_ITEM(''));
#739=EDGE_CURVE('',#729,#690,#738,.T.);
#740=ORIENTED_EDGE('',*,*,#739,.T.);
#741=ORIENTED_EDGE('',*,*,#694,.T.);
#742=EDGE_LOOP('',(#727,#734,#740,#741));
#743=FACE_BOUND('',#742,.T.);
#744=ADVANCED_FACE('',(#743),#719,.F.);
#745=CARTESIAN_POINT('',(-0.96,5.496799069,0.));
#746=CARTESIAN_POINT('',(-0.96,5.496799069,45.));
#747=CARTESIAN_POINT('',(-0.96,3.883091552,0.));
#748=CARTESIAN_POINT('',(-0.96,3.883091552,45.));
#749=B_SPLINE_SURFACE_WITH_KNOTS('',1,1,((#745,#746),(#747,#748)),.UNSPECIFIED.,.F.,.F.,.U.,(2,2),(2,2),(-0.001613708,0.),(-0.045,0.),.UNSPECIFIED.);
#750=CARTESIAN_POINT('',(-0.96,4.252998942,0.));
#751=VERTEX_POINT('',#750);
#752=CARTESIAN_POINT('',(-0.96,4.252998942,0.));
#753=CARTESIAN_POINT('',(-0.96,5.496799069,0.));
#754=B_SPLINE_CURVE_WITH_KNOTS('',1,(#752,#753),.UNSPECIFIED.,.F.,.F.,(2,2),(0.000369907,0.001613708),.UNSPECIFIED.);
#755=EDGE_CURVE('',#751,#721,#754,.T.);
#756=ORIENTED_EDGE('',*,*,#755,.F.);
#757=CARTESIAN_POINT('',(-0.96,3.883091552,0.36));
#758=VERTEX_POINT('',#757);
#759=CARTESIAN_POINT('',(-0.96,4.252998942,0.));
#760=CARTESIAN_POINT('',(-0.96,4.129834489,0.120141809));
#761=CARTESIAN_POINT('',(-0.96,4.0065448,0.240154934));
#762=CARTESIAN_POINT('',(-0.96,3.883091552,0.36));
#763=B_SPLINE_CURVE_WITH_KNOTS('',3,(#759,#760,#761,#762),.UNSPECIFIED.,.F.,.F.,(4,4),(0.,0.00051617),.UNSPECIFIED.);
#764=EDGE_CURVE('',#751,#758,#763,.T.);
#765=ORIENTED_EDGE('',*,*,#764,.T.);
#766=CARTESIAN_POINT('',(-0.96,3.883091552,44.64));
#767=VERTEX_POINT('',#766);
#768=CARTESIAN_POINT('',(-0.96,3.883091552,44.64));
#769=CARTESIAN_POINT('',(-0.96,3.883091552,0.36));
#770=B_SPLINE_CURVE_WITH_KNOTS('',1,(#768,#769),.UNSPECIFIED.,.F.,.F.,(2,2),(0.00036,0.04464),.UNSPECIFIED.);
#771=EDGE_CURVE('',#767,#758,#770,.T.);
#772=ORIENTED_EDGE('',*,*,#771,.F.);
#773=CARTESIAN_POINT('',(-0.96,4.252998942,45.));
#774=VERTEX_POINT('',#773);
#775=CARTESIAN_POINT('',(-0.96,3.883091552,44.64));
#776=CARTESIAN_POINT('',(-0.96,4.0065448,44.759845066));
#777=CARTESIAN_POINT('',(-0.96,4.129834489,44.879858191));
#778=CARTESIAN_POINT('',(-0.96,4.252998942,45.));
#779=B_SPLINE_CURVE_WITH_KNOTS('',3,(#775,#776,#777,#778),.UNSPECIFIED.,.F.,.F.,(4,4),(0.,0.00051617),.UNSPECIFIED.);
#780=EDGE_CURVE('',#767,#774,#779,.T.);
#781=ORIENTED_EDGE('',*,*,#780,.T.);
#782=CARTESIAN_POINT('',(-0.96,4.252998942,45.));
#783=CARTESIAN_POINT('',(-0.96,5.496799069,45.));
#784=B_SPLINE_CURVE_WITH_KNOTS('',1,(#782,#783),.UNSPECIFIED.,.F.,.F.,(2,2),(0.000369907,0.001613708),.UNSPECIFIED.);
#785=EDGE_CURVE('',#774,#729,#784,.T.);
#786=ORIENTED_EDGE('',*,*,#785,.T.);
#787=ORIENTED_EDGE('',*,*,#733,.T.);
#788=EDGE_LOOP('',(#756,#765,#772,#781,#786,#787));
#789=FACE_BOUND('',#788,.T.);
#790=ADVANCED_FACE('',(#789),#749,.T.);
#791=CARTESIAN_POINT('',(-0.96,3.883091552,44.64));
#792=CARTESIAN_POINT('',(-0.96,3.883091552,0.36));
#793=CARTESIAN_POINT('',(-0.,4.120428217,44.64));
#794=CARTESIAN_POINT('',(-0.,4.120428217,0.36));
#795=CARTESIAN_POINT('',(0.96,3.883091552,44.64));
#796=CARTESIAN_POINT('',(0.96,3.883091552,0.36));
#797=(BOUNDED_SURFACE()
B_SPLINE_SURFACE(2,1,((#791,#792),(#793,#794),(#795,#796)),.UNSPECIFIED.,.F.,.F.,.U.)
B_SPLINE_SURFACE_WITH_KNOTS((3,3),(2,2),(1.303942038,1.77793186),(0.00036,0.04464),.UNSPECIFIED.)
GEOMETRIC_REPRESENTATION_ITEM()
RATIONAL_B_SPLINE_SURFACE(((0.765027441,0.765027441),(0.792770408,0.792770408),(0.871731162,0.871731162)))
REPRESENTATION_ITEM('')
SURFACE()
);
#798=ORIENTED_EDGE('',*,*,#771,.T.);
#799=CARTESIAN_POINT('',(0.96,3.883091552,0.36));
#800=VERTEX_POINT('',#799);
#801=CARTESIAN_POINT('',(-0.96,3.883091552,0.36));
#802=CARTESIAN_POINT('',(0.,4.120428217,0.36));
#803=CARTESIAN_POINT('',(0.96,3.883091552,0.36));
#804=(BOUNDED_CURVE()
B_SPLINE_CURVE(2,(#801,#802,#803),.UNSPECIFIED.,.F.,.F.)
B_SPLINE_CURVE_WITH_KNOTS((3,3),(1.328430476,1.813162178),.UNSPECIFIED.)
CURVE()
GEOMETRIC_REPRESENTATION_ITEM()
RATIONAL_B_SPLINE_CURVE((1.,0.970772888,1.))
REPRESENTATION_ITEM(''));
#805=EDGE_CURVE('',#758,#800,#804,.T.);
#806=ORIENTED_EDGE('',*,*,#805,.T.);
#807=CARTESIAN_POINT('',(0.96,3.883091552,44.64));
#808=VERTEX_POINT('',#807);
#809=CARTESIAN_POINT('',(0.96,3.883091552,44.64));
#810=CARTESIAN_POINT('',(0.96,3.883091552,0.36));
#811=B_SPLINE_CURVE_WITH_KNOTS('',1,(#809,#810),.UNSPECIFIED.,.F.,.F.,(2,2),(0.00036,0.04464),.UNSPECIFIED.);
#812=EDGE_CURVE('',#808,#800,#811,.T.);
#813=ORIENTED_EDGE('',*,*,#812,.F.);
#814=CARTESIAN_POINT('',(0.96,3.883091552,44.64));
#815=CARTESIAN_POINT('',(0.,4.120428217,44.64));
#816=CARTESIAN_POINT('',(-0.96,3.883091552,44.64));
#817=(BOUNDED_CURVE()
B_SPLINE_CURVE(2,(#814,#815,#816),.UNSPECIFIED.,.F.,.F.)
B_SPLINE_CURVE_WITH_KNOTS((3,3),(1.328430476,1.813162178),.UNSPECIFIED.)
CURVE()
GEOMETRIC_REPRESENTATION_ITEM()
RATIONAL_B_SPLINE_CURVE((1.,0.970772888,1.))
REPRESENTATION_ITEM(''));
#818=EDGE_CURVE('',#808,#767,#817,.T.);
#819=ORIENTED_EDGE('',*,*,#818,.T.);
#820=EDGE_LOOP('',(#798,#806,#813,#819));
#821=FACE_BOUND('',#820,.T.);
#822=ADVANCED_FACE('',(#821),#797,.F.);
#823=CARTESIAN_POINT('',(0.96,3.883091552,0.));
#824=CARTESIAN_POINT('',(0.96,3.883091552,45.));
#825=CARTESIAN_POINT('',(0.96,5.496799069,0.));
#826=CARTESIAN_POINT('',(0.96,5.496799069,45.));
#827=B_SPLINE_SURFACE_WITH_KNOTS('',1,1,((#823,#824),(#825,#826)),.UNSPECIFIED.,.F.,.F.,.U.,(2,2),(2,2),(0.,0.001613708),(-0.045,0.),.UNSPECIFIED.);
#828=ORIENTED_EDGE('',*,*,#812,.T.);
#829=CARTESIAN_POINT('',(0.96,4.252998942,0.));
#830=VERTEX_POINT('',#829);
#831=CARTESIAN_POINT('',(0.96,3.883091552,0.36));
#832=CARTESIAN_POINT('',(0.96,4.0065448,0.240154934));
#833=CARTESIAN_POINT('',(0.96,4.129834489,0.120141809));
#834=CARTESIAN_POINT('',(0.96,4.252998942,0.));
#835=B_SPLINE_CURVE_WITH_KNOTS('',3,(#831,#832,#833,#834),.UNSPECIFIED.,.F.,.F.,(4,4),(0.,0.00051617),.UNSPECIFIED.);
#836=EDGE_CURVE('',#800,#830,#835,.T.);
#837=ORIENTED_EDGE('',*,*,#836,.T.);
#838=CARTESIAN_POINT('',(0.96,5.496799069,0.));
#839=VERTEX_POINT('',#838);
#840=CARTESIAN_POINT('',(0.96,5.496799069,0.));
#841=CARTESIAN_POINT('',(0.96,4.252998942,0.));
#842=B_SPLINE_CURVE_WITH_KNOTS('',1,(#840,#841),.UNSPECIFIED.,.F.,.F.,(2,2),(-0.001613708,-0.000369907),.UNSPECIFIED.);
#843=EDGE_CURVE('',#839,#830,#842,.T.);
#844=ORIENTED_EDGE('',*,*,#843,.F.);
#845=CARTESIAN_POINT('',(0.96,5.496799069,45.));
#846=VERTEX_POINT('',#845);
#847=CARTESIAN_POINT('',(0.96,5.496799069,45.));
#848=CARTESIAN_POINT('',(0.96,5.496799069,0.));
#849=B_SPLINE_CURVE_WITH_KNOTS('',1,(#847,#848),.UNSPECIFIED.,.F.,.F.,(2,2),(0.,0.045),.UNSPECIFIED.);
#850=EDGE_CURVE('',#846,#839,#849,.T.);
#851=ORIENTED_EDGE('',*,*,#850,.F.);
#852=CARTESIAN_POINT('',(0.96,4.252998942,45.));
#853=VERTEX_POINT('',#852);
#854=CARTESIAN_POINT('',(0.96,5.496799069,45.));
#855=CARTESIAN_POINT('',(0.96,4.252998942,45.));
#856=B_SPLINE_CURVE_WITH_KNOTS('',1,(#854,#855),.UNSPECIFIED.,.F.,.F.,(2,2),(-0.001613708,-0.000369907),.UNSPECIFIED.);
#857=EDGE_CURVE('',#846,#853,#856,.T.);
#858=ORIENTED_EDGE('',*,*,#857,.T.);
#859=CARTESIAN_POINT('',(0.96,4.252998942,45.));
#860=CARTESIAN_POINT('',(0.96,4.129834489,44.879858191));
#861=CARTESIAN_POINT('',(0.96,4.0065448,44.759845066));
#862=CARTESIAN_POINT('',(0.96,3.883091552,44.64));
#863=B_SPLINE_CURVE_WITH_KNOTS('',3,(#859,#860,#861,#862),.UNSPECIFIED.,.F.,.F.,(4,4),(0.,0.00051617),.UNSPECIFIED.);
#864=EDGE_CURVE('',#853,#808,#863,.T.);
#865=ORIENTED_EDGE('',*,*,#864,.T.);
#866=EDGE_LOOP('',(#828,#837,#844,#851,#858,#865));
#867=FACE_BOUND('',#866,.T.);
#868=ADVANCED_FACE('',(#867),#827,.T.);
#869=CARTESIAN_POINT('',(0.96,5.496799069,45.));
#870=CARTESIAN_POINT('',(0.96,5.496799069,-0.));
#871=CARTESIAN_POINT('',(1.741661878,5.360284091,45.));
#872=CARTESIAN_POINT('',(1.741661878,5.360284091,-0.));
#873=CARTESIAN_POINT('',(2.454281113,5.011277703,45.));
#874=CARTESIAN_POINT('',(2.454281113,5.011277703,-0.));
#875=(BOUNDED_SURFACE()
B_SPLINE_SURFACE(2,1,((#869,#870),(#871,#872),(#873,#874)),.UNSPECIFIED.,.F.,.F.,.U.)
B_SPLINE_SURFACE_WITH_KNOTS((3,3),(2,2),(1.705693263,2.013508417),(-0.,0.045),.UNSPECIFIED.)
GEOMETRIC_REPRESENTATION_ITEM()
RATIONAL_B_SPLINE_SURFACE(((0.848852732,0.848852732),(0.895061641,0.895061641),(0.962870999,0.962870999)))
REPRESENTATION_ITEM('')
SURFACE()
);
#876=CARTESIAN_POINT('',(2.454281113,5.011277703,0.));
#877=VERTEX_POINT('',#876);
#878=CARTESIAN_POINT('',(2.454281113,5.011277703,0.));
#879=CARTESIAN_POINT('',(1.741661878,5.360284091,0.));
#880=CARTESIAN_POINT('',(0.96,5.496799069,0.));
#881=(BOUNDED_CURVE()
B_SPLINE_CURVE(2,(#878,#879,#880),.UNSPECIFIED.,.F.,.F.)
B_SPLINE_CURVE_WITH_KNOTS((3,3),(1.115381026,1.397893097),.UNSPECIFIED.)
CURVE()
GEOMETRIC_REPRESENTATION_ITEM()
RATIONAL_B_SPLINE_CURVE((1.,0.990039944,1.))
REPRESENTATION_ITEM(''));
#882=EDGE_CURVE('',#877,#839,#881,.T.);
#883=ORIENTED_EDGE('',*,*,#882,.F.);
#884=CARTESIAN_POINT('',(2.454281113,5.011277703,45.));
#885=VERTEX_POINT('',#884);
#886=CARTESIAN_POINT('',(2.454281113,5.011277703,45.));
#887=CARTESIAN_POINT('',(2.454281113,5.011277703,0.));
#888=B_SPLINE_CURVE_WITH_KNOTS('',1,(#886,#887),.UNSPECIFIED.,.F.,.F.,(2,2),(0.,0.045),.UNSPECIFIED.);
#889=EDGE_CURVE('',#885,#877,#888,.T.);
#890=ORIENTED_EDGE('',*,*,#889,.F.);
#891=CARTESIAN_POINT('',(2.454281113,5.011277703,45.));
#892=CARTESIAN_POINT('',(1.741661878,5.360284091,45.));
#893=CARTESIAN_POINT('',(0.96,5.496799069,45.));
#894=(BOUNDED_CURVE()
B_SPLINE_CURVE(2,(#891,#892,#893),.UNSPECIFIED.,.F.,.F.)
B_SPLINE_CURVE_WITH_KNOTS((3,3),(1.115381026,1.397893097),.UNSPECIFIED.)
CURVE()
GEOMETRIC_REPRESENTATION_ITEM()
RATIONAL_B_SPLINE_CURVE((1.,0.990039944,1.))
REPRESENTATION_ITEM(''));
#895=EDGE_CURVE('',#885,#846,#894,.T.);
#896=ORIENTED_EDGE('',*,*,#895,.T.);
#897=ORIENTED_EDGE('',*,*,#850,.T.);
#898=EDGE_LOOP('',(#883,#890,#896,#897));
#899=FACE_BOUND('',#898,.T.);
#900=ADVANCED_FACE('',(#899),#875,.F.);
#901=CARTESIAN_POINT('',(2.454281113,5.011277703,0.));
#902=CARTESIAN_POINT('',(2.454281113,5.011277703,45.));
#903=CARTESIAN_POINT('',(1.505767633,3.705760898,0.));
#904=CARTESIAN_POINT('',(1.505767633,3.705760898,45.));
#905=B_SPLINE_SURFACE_WITH_KNOTS('',1,1,((#901,#902),(#903,#904)),.UNSPECIFIED.,.F.,.F.,.U.,(2,2),(2,2),(-0.001613708,0.),(-0.045,0.),.UNSPECIFIED.);
#906=CARTESIAN_POINT('',(1.723193741,4.005022263,0.));
#907=VERTEX_POINT('',#906);
#908=CARTESIAN_POINT('',(1.723193741,4.005022263,0.));
#909=CARTESIAN_POINT('',(2.454281113,5.011277703,0.));
#910=B_SPLINE_CURVE_WITH_KNOTS('',1,(#908,#909),.UNSPECIFIED.,.F.,.F.,(2,2),(0.000369907,0.001613708),.UNSPECIFIED.);
#911=EDGE_CURVE('',#907,#877,#910,.T.);
#912=ORIENTED_EDGE('',*,*,#911,.F.);
#913=CARTESIAN_POINT('',(1.505767633,3.705760898,0.36));
#914=VERTEX_POINT('',#913);
#915=CARTESIAN_POINT('',(1.723193741,4.005022263,0.));
#916=CARTESIAN_POINT('',(1.650799493,3.905380128,0.120141809));
#917=CARTESIAN_POINT('',(1.578331631,3.805636674,0.240154934));
#918=CARTESIAN_POINT('',(1.505767633,3.705760898,0.36));
#919=B_SPLINE_CURVE_WITH_KNOTS('',3,(#915,#916,#917,#918),.UNSPECIFIED.,.F.,.F.,(4,4),(0.,0.00051617),.UNSPECIFIED.);
#920=EDGE_CURVE('',#907,#914,#919,.T.);
#921=ORIENTED_EDGE('',*,*,#920,.T.);
#922=CARTESIAN_POINT('',(1.505767633,3.705760898,44.64));
#923=VERTEX_POINT('',#922);
#924=CARTESIAN_POINT('',(1.505767633,3.705760898,44.64));
#925=CARTESIAN_POINT('',(1.505767633,3.705760898,0.36));
#926=B_SPLINE_CURVE_WITH_KNOTS('',1,(#924,#925),.UNSPECIFIED.,.F.,.F.,(2,2),(0.00036,0.04464),.UNSPECIFIED.);
#927=EDGE_CURVE('',#923,#914,#926,.T.);
#928=ORIENTED_EDGE('',*,*,#927,.F.);
#929=CARTESIAN_POINT('',(1.723193741,4.005022263,45.));
#930=VERTEX_POINT('',#929);
#931=CARTESIAN_POINT('',(1.505767633,3.705760898,44.64));
#932=CARTESIAN_POINT('',(1.578331631,3.805636674,44.759845066));
#933=CARTESIAN_POINT('',(1.650799493,3.905380128,44.879858191));
#934=CARTESIAN_POINT('',(1.723193741,4.005022263,45.));
#935=B_SPLINE_CURVE_WITH_KNOTS('',3,(#931,#932,#933,#934),.UNSPECIFIED.,.F.,.F.,(4,4),(0.,0.00051617),.UNSPECIFIED.);
#936=EDGE_CURVE('',#923,#930,#935,.T.);
#937=ORIENTED_EDGE('',*,*,#936,.T.);
#938=CARTESIAN_POINT('',(1.723193741,4.005022263,45.));
#939=CARTESIAN_POINT('',(2.454281113,5.011277703,45.));
#940=B_SPLINE_CURVE_WITH_KNOTS('',1,(#938,#939),.UNSPECIFIED.,.F.,.F.,(2,2),(0.000369907,0.001613708),.UNSPECIFIED.);
#941=EDGE_CURVE('',#930,#885,#940,.T.);
#942=ORIENTED_EDGE('',*,*,#941,.T.);
#943=ORIENTED_EDGE('',*,*,#889,.T.);
#944=EDGE_LOOP('',(#912,#921,#928,#937,#942,#943));
#945=FACE_BOUND('',#944,.T.);
#946=ADVANCED_FACE('',(#945),#905,.T.);
#947=CARTESIAN_POINT('',(1.505767633,3.705760898,44.64));
#948=CARTESIAN_POINT('',(1.505767633,3.705760898,0.36));
#949=CARTESIAN_POINT('',(1.761212835,3.601965449,44.64));
#950=CARTESIAN_POINT('',(1.761212835,3.601965449,0.36));
#951=CARTESIAN_POINT('',(2.,3.464101615,44.64));
#952=CARTESIAN_POINT('',(2.,3.464101615,0.36));
#953=CARTESIAN_POINT('',(2.607278672,3.11348911,44.64));
#954=CARTESIAN_POINT('',(2.607278672,3.11348911,0.36));
#955=CARTESIAN_POINT('',(3.059080262,2.577213214,44.64));
#956=CARTESIAN_POINT('',(3.059080262,2.577213214,0.36));
#957=(BOUNDED_SURFACE()
B_SPLINE_SURFACE(2,1,((#947,#948),(#949,#950),(#951,#952),(#953,#954),(#955,#956)),.UNSPECIFIED.,.F.,.F.,.U.)
B_SPLINE_SURFACE_WITH_KNOTS((3,2,3),(2,2),(1.934070778,2.094395102,2.479389149),(0.00036,0.04464),.UNSPECIFIED.)
GEOMETRIC_REPRESENTATION_ITEM()
RATIONAL_B_SPLINE_SURFACE(((0.929310558,0.929310558),(0.961725387,0.961725387),(1.,1.),(0.908089442,0.908089442),(0.849969086,0.849969086)))
REPRESENTATION_ITEM('')
SURFACE()
);
#958=ORIENTED_EDGE('',*,*,#927,.T.);
#959=CARTESIAN_POINT('',(3.059080262,2.577213214,0.36));
#960=VERTEX_POINT('',#959);
#961=CARTESIAN_POINT('',(1.505767633,3.705760898,0.36));
#962=CARTESIAN_POINT('',(2.421926939,3.333496452,0.36));
#963=CARTESIAN_POINT('',(3.059080262,2.577213214,0.36));
#964=(BOUNDED_CURVE()
B_SPLINE_CURVE(2,(#961,#962,#963),.UNSPECIFIED.,.F.,.F.)
B_SPLINE_CURVE_WITH_KNOTS((3,3),(0.700111945,1.184843647),.UNSPECIFIED.)
CURVE()
GEOMETRIC_REPRESENTATION_ITEM()
RATIONAL_B_SPLINE_CURVE((1.,0.970772888,1.))
REPRESENTATION_ITEM(''));
#965=EDGE_CURVE('',#914,#960,#964,.T.);
#966=ORIENTED_EDGE('',*,*,#965,.T.);
#967=CARTESIAN_POINT('',(3.059080262,2.577213214,44.64));
#968=VERTEX_POINT('',#967);
#969=CARTESIAN_POINT('',(3.059080262,2.577213214,44.64));
#970=CARTESIAN_POINT('',(3.059080262,2.577213214,0.36));
#971=B_SPLINE_CURVE_WITH_KNOTS('',1,(#969,#970),.UNSPECIFIED.,.F.,.F.,(2,2),(0.00036,0.04464),.UNSPECIFIED.);
#972=EDGE_CURVE('',#968,#960,#971,.T.);
#973=ORIENTED_EDGE('',*,*,#972,.F.);
#974=CARTESIAN_POINT('',(3.059080262,2.577213214,44.64));
#975=CARTESIAN_POINT('',(2.421926939,3.333496452,44.64));
#976=CARTESIAN_POINT('',(1.505767633,3.705760898,44.64));
#977=(BOUNDED_CURVE()
B_SPLINE_CURVE(2,(#974,#975,#976),.UNSPECIFIED.,.F.,.F.)
B_SPLINE_CURVE_WITH_KNOTS((3,3),(0.700111945,1.184843647),.UNSPECIFIED.)
CURVE()
GEOMETRIC_REPRESENTATION_ITEM()
RATIONAL_B_SPLINE_CURVE((1.,0.970772888,1.))
REPRESENTATION_ITEM(''));
#978=EDGE_CURVE('',#968,#923,#977,.T.);
#979=ORIENTED_EDGE('',*,*,#978,.T.);
#980=EDGE_LOOP('',(#958,#966,#973,#979));
#981=FACE_BOUND('',#980,.T.);
#982=ADVANCED_FACE('',(#981),#957,.F.);
#983=CARTESIAN_POINT('',(3.059080262,2.577213214,0.));
#984=CARTESIAN_POINT('',(3.059080262,2.577213214,45.));
#985=CARTESIAN_POINT('',(4.007593742,3.882730019,0.));
#986=CARTESIAN_POINT('',(4.007593742,3.882730019,45.));
#987=B_SPLINE_SURFACE_WITH_KNOTS('',1,1,((#983,#984),(#985,#986)),.UNSPECIFIED.,.F.,.F.,.U.,(2,2),(2,2),(0.,0.001613708),(-0.045,0.),.UNSPECIFIED.);
#988=ORIENTED_EDGE('',*,*,#972,.T.);
#989=CARTESIAN_POINT('',(3.276506371,2.876474579,0.));
#990=VERTEX_POINT('',#989);
#991=CARTESIAN_POINT('',(3.059080262,2.577213214,0.36));
#992=CARTESIAN_POINT('',(3.13164426,2.677088989,0.240154934));
#993=CARTESIAN_POINT('',(3.204112122,2.776832444,0.120141809));
#994=CARTESIAN_POINT('',(3.276506371,2.876474579,-0.));
#995=B_SPLINE_CURVE_WITH_KNOTS('',3,(#991,#992,#993,#994),.UNSPECIFIED.,.F.,.F.,(4,4),(0.,0.00051617),.UNSPECIFIED.);
#996=EDGE_CURVE('',#960,#990,#995,.T.);
#997=ORIENTED_EDGE('',*,*,#996,.T.);
#998=CARTESIAN_POINT('',(4.007593742,3.882730019,0.));
#999=VERTEX_POINT('',#998);
#1000=CARTESIAN_POINT('',(4.007593742,3.882730019,0.));
#1001=CARTESIAN_POINT('',(3.276506371,2.876474579,0.));
#1002=B_SPLINE_CURVE_WITH_KNOTS('',1,(#1000,#1001),.UNSPECIFIED.,.F.,.F.,(2,2),(-0.001613708,-0.000369907),.UNSPECIFIED.);
#1003=EDGE_CURVE('',#999,#990,#1002,.T.);
#1004=ORIENTED_EDGE('',*,*,#1003,.F.);
#1005=CARTESIAN_POINT('',(4.007593742,3.882730019,45.));
#1006=VERTEX_POINT('',#1005);
#1007=CARTESIAN_POINT('',(4.007593742,3.882730019,45.));
#1008=CARTESIAN_POINT('',(4.007593742,3.882730019,0.));
#1009=B_SPLINE_CURVE_WITH_KNOTS('',1,(#1007,#1008),.UNSPECIFIED.,.F.,.F.,(2,2),(0.,0.045),.UNSPECIFIED.);
#1010=EDGE_CURVE('',#1006,#999,#1009,.T.);
#1011=ORIENTED_EDGE('',*,*,#1010,.F.);
#1012=CARTESIAN_POINT('',(3.276506371,2.876474579,45.));
#1013=VERTEX_POINT('',#1012);
#1014=CARTESIAN_POINT('',(4.007593742,3.882730019,45.));
#1015=CARTESIAN_POINT('',(3.276506371,2.876474579,45.));
#1016=B_SPLINE_CURVE_WITH_KNOTS('',1,(#1014,#1015),.UNSPECIFIED.,.F.,.F.,(2,2),(-0.001613708,-0.000369907),.UNSPECIFIED.);
#1017=EDGE_CURVE('',#1006,#1013,#1016,.T.);
#1018=ORIENTED_EDGE('',*,*,#1017,.T.);
#1019=CARTESIAN_POINT('',(3.276506371,2.876474579,45.));
#1020=CARTESIAN_POINT('',(3.204112122,2.776832444,44.879858191));
#1021=CARTESIAN_POINT('',(3.13164426,2.677088989,44.759845066));
#1022=CARTESIAN_POINT('',(3.059080262,2.577213214,44.64));
#1023=B_SPLINE_CURVE_WITH_KNOTS('',3,(#1019,#1020,#1021,#1022),.UNSPECIFIED.,.F.,.F.,(4,4),(0.,0.00051617),.UNSPECIFIED.);
#1024=EDGE_CURVE('',#1013,#968,#1023,.T.);
#1025=ORIENTED_EDGE('',*,*,#1024,.T.);
#1026=EDGE_LOOP('',(#988,#997,#1004,#1011,#1018,#1025));
#1027=FACE_BOUND('',#1026,.T.);
#1028=ADVANCED_FACE('',(#1027),#987,.T.);
#1029=CARTESIAN_POINT('',(4.007593742,3.882730019,45.));
#1030=CARTESIAN_POINT('',(4.007593742,3.882730019,-0.));
#1031=CARTESIAN_POINT('',(4.559729995,3.312837757,45.));
#1032=CARTESIAN_POINT('',(4.559729995,3.312837757,-0.));
#1033=CARTESIAN_POINT('',(4.931110258,2.611618582,45.));
#1034=CARTESIAN_POINT('',(4.931110258,2.611618582,-0.));
#1035=(BOUNDED_SURFACE()
B_SPLINE_SURFACE(2,1,((#1029,#1030),(#1031,#1032),(#1033,#1034)),.UNSPECIFIED.,.F.,.F.,.U.)
B_SPLINE_SURFACE_WITH_KNOTS((3,3),(2,2),(2.407050345,2.69093121),(-0.,0.045),.UNSPECIFIED.)
GEOMETRIC_REPRESENTATION_ITEM()
RATIONAL_B_SPLINE_SURFACE(((0.873003198,0.873003198),(0.825465767,0.825465767),(0.796300276,0.796300276)))
REPRESENTATION_ITEM('')
SURFACE()
);
#1036=CARTESIAN_POINT('',(4.931110258,2.611618582,0.));
#1037=VERTEX_POINT('',#1036);
#1038=CARTESIAN_POINT('',(4.931110258,2.611618582,0.));
#1039=CARTESIAN_POINT('',(4.559729995,3.312837757,0.));
#1040=CARTESIAN_POINT('',(4.007593742,3.882730019,0.));
#1041=(BOUNDED_CURVE()
B_SPLINE_CURVE(2,(#1038,#1039,#1040),.UNSPECIFIED.,.F.,.F.)
B_SPLINE_CURVE_WITH_KNOTS((3,3),(1.115381026,1.397893097),.UNSPECIFIED.)
CURVE()
GEOMETRIC_REPRESENTATION_ITEM()
RATIONAL_B_SPLINE_CURVE((1.,0.990039944,1.))
REPRESENTATION_ITEM(''));
#1042=EDGE_CURVE('',#1037,#999,#1041,.T.);
#1043=ORIENTED_EDGE('',*,*,#1042,.F.);
#1044=CARTESIAN_POINT('',(4.931110258,2.611618582,45.));
#1045=VERTEX_POINT('',#1044);
#1046=CARTESIAN_POINT('',(4.931110258,2.611618582,45.));
#1047=CARTESIAN_POINT('',(4.931110258,2.611618582,0.));
#1048=B_SPLINE_CURVE_WITH_KNOTS('',1,(#1046,#1047),.UNSPECIFIED.,.F.,.F.,(2,2),(0.,0.045),.UNSPECIFIED.);
#1049=EDGE_CURVE('',#1045,#1037,#1048,.T.);
#1050=ORIENTED_EDGE('',*,*,#1049,.F.);
#1051=CARTESIAN_POINT('',(4.931110258,2.611618582,45.));
#1052=CARTESIAN_POINT('',(4.559729995,3.312837757,45.));
#1053=CARTESIAN_POINT('',(4.007593742,3.882730019,45.));
#1054=(BOUNDED_CURVE()
B_SPLINE_CURVE(2,(#1051,#1052,#1053),.UNSPECIFIED.,.F.,.F.)
B_SPLINE_CURVE_WITH_KNOTS((3,3),(1.115381026,1.397893097),.UNSPECIFIED.)
CURVE()
GEOMETRIC_REPRESENTATION_ITEM()
RATIONAL_B_SPLINE_CURVE((1.,0.990039944,1.))
REPRESENTATION_ITEM(''));
#1055=EDGE_CURVE('',#1045,#1006,#1054,.T.);
#1056=ORIENTED_EDGE('',*,*,#1055,.T.);
#1057=ORIENTED_EDGE('',*,*,#1010,.T.);
#1058=EDGE_LOOP('',(#1043,#1050,#1056,#1057));
#1059=FACE_BOUND('',#1058,.T.);
#1060=ADVANCED_FACE('',(#1059),#1035,.F.);
#1061=CARTESIAN_POINT('',(4.931110258,2.611618582,0.));
#1062=CARTESIAN_POINT('',(4.931110258,2.611618582,45.));
#1063=CARTESIAN_POINT('',(3.396383209,2.112955536,0.));
#1064=CARTESIAN_POINT('',(3.396383209,2.112955536,45.));
#1065=B_SPLINE_SURFACE_WITH_KNOTS('',1,1,((#1061,#1062),(#1063,#1064)),.UNSPECIFIED.,.F.,.F.,.U.,(2,2),(2,2),(-0.001613708,0.),(-0.045,0.),.UNSPECIFIED.);
#1066=CARTESIAN_POINT('',(3.748186043,2.227263206,0.));
#1067=VERTEX_POINT('',#1066);
#1068=CARTESIAN_POINT('',(3.748186043,2.227263206,0.));
#1069=CARTESIAN_POINT('',(4.931110258,2.611618582,0.));
#1070=B_SPLINE_CURVE_WITH_KNOTS('',1,(#1068,#1069),.UNSPECIFIED.,.F.,.F.,(2,2),(0.000369907,0.001613708),.UNSPECIFIED.);
#1071=EDGE_CURVE('',#1067,#1037,#1070,.T.);
#1072=ORIENTED_EDGE('',*,*,#1071,.F.);
#1073=CARTESIAN_POINT('',(3.396383209,2.112955536,0.36));
#1074=VERTEX_POINT('',#1073);
#1075=CARTESIAN_POINT('',(3.748186043,2.227263206,0.));
#1076=CARTESIAN_POINT('',(3.631049688,2.189203297,0.120141809));
#1077=CARTESIAN_POINT('',(3.513794225,2.151104687,0.240154934));
#1078=CARTESIAN_POINT('',(3.396383209,2.112955536,0.36));
#1079=B_SPLINE_CURVE_WITH_KNOTS('',3,(#1075,#1076,#1077,#1078),.UNSPECIFIED.,.F.,.F.,(4,4),(0.,0.00051617),.UNSPECIFIED.);
#1080=EDGE_CURVE('',#1067,#1074,#1079,.T.);
#1081=ORIENTED_EDGE('',*,*,#1080,.T.);
#1082=CARTESIAN_POINT('',(3.396383209,2.112955536,44.64));
#1083=VERTEX_POINT('',#1082);
#1084=CARTESIAN_POINT('',(3.396383209,2.112955536,44.64));
#1085=CARTESIAN_POINT('',(3.396383209,2.112955536,0.36));
#1086=B_SPLINE_CURVE_WITH_KNOTS('',1,(#1084,#1085),.UNSPECIFIED.,.F.,.F.,(2,2),(0.00036,0.04464),.UNSPECIFIED.);
#1087=EDGE_CURVE('',#1083,#1074,#1086,.T.);
#1088=ORIENTED_EDGE('',*,*,#1087,.F.);
#1089=CARTESIAN_POINT('',(3.748186043,2.227263206,45.));
#1090=VERTEX_POINT('',#1089);
#1091=CARTESIAN_POINT('',(3.396383209,2.112955536,44.64));
#1092=CARTESIAN_POINT('',(3.513794225,2.151104687,44.759845066));
#1093=CARTESIAN_POINT('',(3.631049688,2.189203297,44.879858191));
#1094=CARTESIAN_POINT('',(3.748186043,2.227263206,45.));
#1095=B_SPLINE_CURVE_WITH_KNOTS('',3,(#1091,#1092,#1093,#1094),.UNSPECIFIED.,.F.,.F.,(4,4),(0.,0.00051617),.UNSPECIFIED.);
#1096=EDGE_CURVE('',#1083,#1090,#1095,.T.);
#1097=ORIENTED_EDGE('',*,*,#1096,.T.);
#1098=CARTESIAN_POINT('',(3.748186043,2.227263206,45.));
#1099=CARTESIAN_POINT('',(4.931110258,2.611618582,45.));
#1100=B_SPLINE_CURVE_WITH_KNOTS('',1,(#1098,#1099),.UNSPECIFIED.,.F.,.F.,(2,2),(0.000369907,0.001613708),.UNSPECIFIED.);
#1101=EDGE_CURVE('',#1090,#1045,#1100,.T.);
#1102=ORIENTED_EDGE('',*,*,#1101,.T.);
#1103=ORIENTED_EDGE('',*,*,#1049,.T.);
#1104=EDGE_LOOP('',(#1072,#1081,#1088,#1097,#1102,#1103));
#1105=FACE_BOUND('',#1104,.T.);
#1106=ADVANCED_FACE('',(#1105),#1065,.T.);
#1107=CARTESIAN_POINT('',(3.396383209,2.112955536,44.64));
#1108=CARTESIAN_POINT('',(3.396383209,2.112955536,0.36));
#1109=CARTESIAN_POINT('',(3.918760106,1.273282343,44.64));
#1110=CARTESIAN_POINT('',(3.918760106,1.273282343,0.36));
#1111=CARTESIAN_POINT('',(3.989695838,0.286927025,44.64));
#1112=CARTESIAN_POINT('',(3.989695838,0.286927025,0.36));
#1113=(BOUNDED_SURFACE()
B_SPLINE_SURFACE(2,1,((#1107,#1108),(#1109,#1110),(#1111,#1112)),.UNSPECIFIED.,.F.,.F.,.U.)
B_SPLINE_SURFACE_WITH_KNOTS((3,3),(2,2),(2.62343705,3.076455248),(0.00036,0.04464),.UNSPECIFIED.)
GEOMETRIC_REPRESENTATION_ITEM()
RATIONAL_B_SPLINE_SURFACE(((0.811207293,0.811207293),(0.757694376,0.757694376),(0.750967261,0.750967261)))
REPRESENTATION_ITEM('')
SURFACE()
);
#1114=ORIENTED_EDGE('',*,*,#1087,.T.);
#1115=CARTESIAN_POINT('',(3.989695838,0.286927025,0.36));
#1116=VERTEX_POINT('',#1115);
#1117=CARTESIAN_POINT('',(3.396383209,2.112955536,0.36));
#1118=CARTESIAN_POINT('',(3.918760106,1.273282343,0.36));
#1119=CARTESIAN_POINT('',(3.989695838,0.286927025,0.36));
#1120=(BOUNDED_CURVE()
B_SPLINE_CURVE(2,(#1117,#1118,#1119),.UNSPECIFIED.,.F.,.F.)
B_SPLINE_CURVE_WITH_KNOTS((3,3),(0.071793414,0.556525116),.UNSPECIFIED.)
CURVE()
GEOMETRIC_REPRESENTATION_ITEM()
RATIONAL_B_SPLINE_CURVE((1.,0.970772888,1.))
REPRESENTATION_ITEM(''));
#1121=EDGE_CURVE('',#1074,#1116,#1120,.T.);
#1122=ORIENTED_EDGE('',*,*,#1121,.T.);
#1123=CARTESIAN_POINT('',(3.989695838,0.286927025,44.64));
#1124=VERTEX_POINT('',#1123);
#1125=CARTESIAN_POINT('',(3.989695838,0.286927025,44.64));
#1126=CARTESIAN_POINT('',(3.989695838,0.286927025,0.36));
#1127=B_SPLINE_CURVE_WITH_KNOTS('',1,(#1125,#1126),.UNSPECIFIED.,.F.,.F.,(2,2),(0.00036,0.04464),.UNSPECIFIED.);
#1128=EDGE_CURVE('',#1124,#1116,#1127,.T.);
#1129=ORIENTED_EDGE('',*,*,#1128,.F.);
#1130=CARTESIAN_POINT('',(3.989695838,0.286927025,44.64));
#1131=CARTESIAN_POINT('',(3.918760106,1.273282343,44.64));
#1132=CARTESIAN_POINT('',(3.396383209,2.112955536,44.64));
#1133=(BOUNDED_CURVE()
B_SPLINE_CURVE(2,(#1130,#1131,#1132),.UNSPECIFIED.,.F.,.F.)
B_SPLINE_CURVE_WITH_KNOTS((3,3),(0.071793414,0.556525116),.UNSPECIFIED.)
CURVE()
GEOMETRIC_REPRESENTATION_ITEM()
RATIONAL_B_SPLINE_CURVE((1.,0.970772888,1.))
REPRESENTATION_ITEM(''));
#1134=EDGE_CURVE('',#1124,#1083,#1133,.T.);
#1135=ORIENTED_EDGE('',*,*,#1134,.T.);
#1136=EDGE_LOOP('',(#1114,#1122,#1129,#1135));
#1137=FACE_BOUND('',#1136,.T.);
#1138=ADVANCED_FACE('',(#1137),#1113,.F.);
#1139=CARTESIAN_POINT('',(3.989695838,0.286927025,0.));
#1140=CARTESIAN_POINT('',(3.989695838,0.286927025,45.));
#1141=CARTESIAN_POINT('',(5.524422888,0.785590071,0.));
#1142=CARTESIAN_POINT('',(5.524422888,0.785590071,45.));
#1143=B_SPLINE_SURFACE_WITH_KNOTS('',1,1,((#1139,#1140),(#1141,#1142)),.UNSPECIFIED.,.F.,.F.,.U.,(2,2),(2,2),(-0.,0.001613708),(-0.045,0.),.UNSPECIFIED.);
#1144=ORIENTED_EDGE('',*,*,#1128,.T.);
#1145=CARTESIAN_POINT('',(4.341498672,0.401234694,0.));
#1146=VERTEX_POINT('',#1145);
#1147=CARTESIAN_POINT('',(3.989695838,0.286927025,0.36));
#1148=CARTESIAN_POINT('',(4.107106854,0.325076176,0.240154934));
#1149=CARTESIAN_POINT('',(4.224362317,0.363174786,0.120141809));
#1150=CARTESIAN_POINT('',(4.341498672,0.401234694,-0.));
#1151=B_SPLINE_CURVE_WITH_KNOTS('',3,(#1147,#1148,#1149,#1150),.UNSPECIFIED.,.F.,.F.,(4,4),(0.,0.00051617),.UNSPECIFIED.);
#1152=EDGE_CURVE('',#1116,#1146,#1151,.T.);
#1153=ORIENTED_EDGE('',*,*,#1152,.T.);
#1154=CARTESIAN_POINT('',(5.524422888,0.785590071,0.));
#1155=VERTEX_POINT('',#1154);
#1156=CARTESIAN_POINT('',(5.524422888,0.785590071,0.));
#1157=CARTESIAN_POINT('',(4.341498672,0.401234694,0.));
#1158=B_SPLINE_CURVE_WITH_KNOTS('',1,(#1156,#1157),.UNSPECIFIED.,.F.,.F.,(2,2),(-0.001613708,-0.000369907),.UNSPECIFIED.);
#1159=EDGE_CURVE('',#1155,#1146,#1158,.T.);
#1160=ORIENTED_EDGE('',*,*,#1159,.F.);
#1161=CARTESIAN_POINT('',(5.524422888,0.785590071,45.));
#1162=VERTEX_POINT('',#1161);
#1163=CARTESIAN_POINT('',(5.524422888,0.785590071,45.));
#1164=CARTESIAN_POINT('',(5.524422888,0.785590071,0.));
#1165=B_SPLINE_CURVE_WITH_KNOTS('',1,(#1163,#1164),.UNSPECIFIED.,.F.,.F.,(2,2),(0.,0.045),.UNSPECIFIED.);
#1166=EDGE_CURVE('',#1162,#1155,#1165,.T.);
#1167=ORIENTED_EDGE('',*,*,#1166,.F.);
#1168=CARTESIAN_POINT('',(4.341498672,0.401234694,45.));
#1169=VERTEX_POINT('',#1168);
#1170=CARTESIAN_POINT('',(5.524422888,0.785590071,45.));
#1171=CARTESIAN_POINT('',(4.341498672,0.401234694,45.));
#1172=B_SPLINE_CURVE_WITH_KNOTS('',1,(#1170,#1171),.UNSPECIFIED.,.F.,.F.,(2,2),(-0.001613708,-0.000369907),.UNSPECIFIED.);
#1173=EDGE_CURVE('',#1162,#1169,#1172,.T.);
#1174=ORIENTED_EDGE('',*,*,#1173,.T.);
#1175=CARTESIAN_POINT('',(4.341498672,0.401234694,45.));
#1176=CARTESIAN_POINT('',(4.224362317,0.363174786,44.879858191));
#1177=CARTESIAN_POINT('',(4.107106854,0.325076176,44.759845066));
#1178=CARTESIAN_POINT('',(3.989695838,0.286927025,44.64));
#1179=B_SPLINE_CURVE_WITH_KNOTS('',3,(#1175,#1176,#1177,#1178),.UNSPECIFIED.,.F.,.F.,(4,4),(0.,0.00051617),.UNSPECIFIED.);
#1180=EDGE_CURVE('',#1169,#1124,#1179,.T.);
#1181=ORIENTED_EDGE('',*,*,#1180,.T.);
#1182=EDGE_LOOP('',(#1144,#1153,#1160,#1167,#1174,#1181));
#1183=FACE_BOUND('',#1182,.T.);
#1184=ADVANCED_FACE('',(#1183),#1143,.T.);
#1185=CARTESIAN_POINT('',(5.524422888,0.785590071,45.));
#1186=CARTESIAN_POINT('',(5.524422888,0.785590071,-0.));
#1187=CARTESIAN_POINT('',(5.636136233,0.,45.));
#1188=CARTESIAN_POINT('',(5.636136233,0.,-0.));
#1189=CARTESIAN_POINT('',(5.524422888,-0.785590071,45.));
#1190=CARTESIAN_POINT('',(5.524422888,-0.785590071,-0.));
#1191=(BOUNDED_SURFACE()
B_SPLINE_SURFACE(2,1,((#1185,#1186),(#1187,#1188),(#1189,#1190)),.UNSPECIFIED.,.F.,.F.,.U.)
B_SPLINE_SURFACE_WITH_KNOTS((3,3),(2,2),(3.013274164,3.269911143),(-0.,0.045),.UNSPECIFIED.)
GEOMETRIC_REPRESENTATION_ITEM()
RATIONAL_B_SPLINE_SURFACE(((0.753753715,0.753753715),(0.746246285,0.746246285),(0.753753715,0.753753715)))
REPRESENTATION_ITEM('')
SURFACE()
);
#1192=CARTESIAN_POINT('',(5.524422888,-0.785590071,0.));
#1193=VERTEX_POINT('',#1192);
#1194=CARTESIAN_POINT('',(5.524422888,-0.785590071,0.));
#1195=CARTESIAN_POINT('',(5.636136233,-0.,0.));
#1196=CARTESIAN_POINT('',(5.524422888,0.785590071,0.));
#1197=(BOUNDED_CURVE()
B_SPLINE_CURVE(2,(#1194,#1195,#1196),.UNSPECIFIED.,.F.,.F.)
B_SPLINE_CURVE_WITH_KNOTS((3,3),(1.115381026,1.397893097),.UNSPECIFIED.)
CURVE()
GEOMETRIC_REPRESENTATION_ITEM()
RATIONAL_B_SPLINE_CURVE((1.,0.990039944,1.))
REPRESENTATION_ITEM(''));
#1198=EDGE_CURVE('',#1193,#1155,#1197,.T.);
#1199=ORIENTED_EDGE('',*,*,#1198,.F.);
#1200=CARTESIAN_POINT('',(5.524422888,-0.785590071,45.));
#1201=VERTEX_POINT('',#1200);
#1202=CARTESIAN_POINT('',(5.524422888,-0.785590071,45.));
#1203=CARTESIAN_POINT('',(5.524422888,-0.785590071,0.));
#1204=B_SPLINE_CURVE_WITH_KNOTS('',1,(#1202,#1203),.UNSPECIFIED.,.F.,.F.,(2,2),(0.,0.045),.UNSPECIFIED.);
#1205=EDGE_CURVE('',#1201,#1193,#1204,.T.);
#1206=ORIENTED_EDGE('',*,*,#1205,.F.);
#1207=CARTESIAN_POINT('',(5.524422888,-0.785590071,45.));
#1208=CARTESIAN_POINT('',(5.636136233,-0.,45.));
#1209=CARTESIAN_POINT('',(5.524422888,0.785590071,45.));
#1210=(BOUNDED_CURVE()
B_SPLINE_CURVE(2,(#1207,#1208,#1209),.UNSPECIFIED.,.F.,.F.)
B_SPLINE_CURVE_WITH_KNOTS((3,3),(1.115381026,1.397893097),.UNSPECIFIED.)
CURVE()
GEOMETRIC_REPRESENTATION_ITEM()
RATIONAL_B_SPLINE_CURVE((1.,0.990039944,1.))
REPRESENTATION_ITEM(''));
#1211=EDGE_CURVE('',#1201,#1162,#1210,.T.);
#1212=ORIENTED_EDGE('',*,*,#1211,.T.);
#1213=ORIENTED_EDGE('',*,*,#1166,.T.);
#1214=EDGE_LOOP('',(#1199,#1206,#1212,#1213));
#1215=FACE_BOUND('',#1214,.T.);
#1216=ADVANCED_FACE('',(#1215),#1191,.F.);
#1217=CARTESIAN_POINT('',(5.524422888,-0.785590071,0.));
#1218=CARTESIAN_POINT('',(5.524422888,-0.785590071,45.));
#1219=CARTESIAN_POINT('',(3.989695838,-0.286927025,0.));
#1220=CARTESIAN_POINT('',(3.989695838,-0.286927025,45.));
#1221=B_SPLINE_SURFACE_WITH_KNOTS('',1,1,((#1217,#1218),(#1219,#1220)),.UNSPECIFIED.,.F.,.F.,.U.,(2,2),(2,2),(-0.001613708,0.),(-0.045,0.),.UNSPECIFIED.);
#1222=CARTESIAN_POINT('',(4.341498672,-0.401234694,0.));
#1223=VERTEX_POINT('',#1222);
#1224=CARTESIAN_POINT('',(4.341498672,-0.401234694,0.));
#1225=CARTESIAN_POINT('',(5.524422888,-0.785590071,0.));
#1226=B_SPLINE_CURVE_WITH_KNOTS('',1,(#1224,#1225),.UNSPECIFIED.,.F.,.F.,(2,2),(0.000369907,0.001613708),.UNSPECIFIED.);
#1227=EDGE_CURVE('',#1223,#1193,#1226,.T.);
#1228=ORIENTED_EDGE('',*,*,#1227,.F.);
#1229=CARTESIAN_POINT('',(3.989695838,-0.286927025,0.36));
#1230=VERTEX_POINT('',#1229);
#1231=CARTESIAN_POINT('',(4.341498672,-0.401234694,0.));
#1232=CARTESIAN_POINT('',(4.224362317,-0.363174786,0.120141809));
#1233=CARTESIAN_POINT('',(4.107106854,-0.325076176,0.240154934));
#1234=CARTESIAN_POINT('',(3.989695838,-0.286927025,0.36));
#1235=B_SPLINE_CURVE_WITH_KNOTS('',3,(#1231,#1232,#1233,#1234),.UNSPECIFIED.,.F.,.F.,(4,4),(0.,0.00051617),.UNSPECIFIED.);
#1236=EDGE_CURVE('',#1223,#1230,#1235,.T.);
#1237=ORIENTED_EDGE('',*,*,#1236,.T.);
#1238=CARTESIAN_POINT('',(3.989695838,-0.286927025,44.64));
#1239=VERTEX_POINT('',#1238);
#1240=CARTESIAN_POINT('',(3.989695838,-0.286927025,44.64));
#1241=CARTESIAN_POINT('',(3.989695838,-0.286927025,0.36));
#1242=B_SPLINE_CURVE_WITH_KNOTS('',1,(#1240,#1241),.UNSPECIFIED.,.F.,.F.,(2,2),(0.00036,0.04464),.UNSPECIFIED.);
#1243=EDGE_CURVE('',#1239,#1230,#1242,.T.);
#1244=ORIENTED_EDGE('',*,*,#1243,.F.);
#1245=CARTESIAN_POINT('',(4.341498672,-0.401234694,45.));
#1246=VERTEX_POINT('',#1245);
#1247=CARTESIAN_POINT('',(3.989695838,-0.286927025,44.64));
#1248=CARTESIAN_POINT('',(4.107106854,-0.325076176,44.759845066));
#1249=CARTESIAN_POINT('',(4.224362317,-0.363174786,44.879858191));
#1250=CARTESIAN_POINT('',(4.341498672,-0.401234694,45.));
#1251=B_SPLINE_CURVE_WITH_KNOTS('',3,(#1247,#1248,#1249,#1250),.UNSPECIFIED.,.F.,.F.,(4,4),(0.,0.00051617),.UNSPECIFIED.);
#1252=EDGE_CURVE('',#1239,#1246,#1251,.T.);
#1253=ORIENTED_EDGE('',*,*,#1252,.T.);
#1254=CARTESIAN_POINT('',(4.341498672,-0.401234694,45.));
#1255=CARTESIAN_POINT('',(5.524422888,-0.785590071,45.));
#1256=B_SPLINE_CURVE_WITH_KNOTS('',1,(#1254,#1255),.UNSPECIFIED.,.F.,.F.,(2,2),(0.000369907,0.001613708),.UNSPECIFIED.);
#1257=EDGE_CURVE('',#1246,#1201,#1256,.T.);
#1258=ORIENTED_EDGE('',*,*,#1257,.T.);
#1259=ORIENTED_EDGE('',*,*,#1205,.T.);
#1260=EDGE_LOOP('',(#1228,#1237,#1244,#1253,#1258,#1259));
#1261=FACE_BOUND('',#1260,.T.);
#1262=ADVANCED_FACE('',(#1261),#1221,.T.);
#1263=CARTESIAN_POINT('',(3.989695838,-0.286927025,44.64));
#1264=CARTESIAN_POINT('',(3.989695838,-0.286927025,0.36));
#1265=CARTESIAN_POINT('',(3.918760106,-1.273282343,44.64));
#1266=CARTESIAN_POINT('',(3.918760106,-1.273282343,0.36));
#1267=CARTESIAN_POINT('',(3.396383209,-2.112955536,44.64));
#1268=CARTESIAN_POINT('',(3.396383209,-2.112955536,0.36));
#1269=(BOUNDED_SURFACE()
B_SPLINE_SURFACE(2,1,((#1263,#1264),(#1265,#1266),(#1267,#1268)),.UNSPECIFIED.,.F.,.F.,.U.)
B_SPLINE_SURFACE_WITH_KNOTS((3,3),(2,2),(3.206730059,3.659748257),(0.00036,0.04464),.UNSPECIFIED.)
GEOMETRIC_REPRESENTATION_ITEM()
RATIONAL_B_SPLINE_SURFACE(((0.750967261,0.750967261),(0.757694376,0.757694376),(0.811207293,0.811207293)))
REPRESENTATION_ITEM('')
SURFACE()
);
#1270=ORIENTED_EDGE('',*,*,#1243,.T.);
#1271=CARTESIAN_POINT('',(3.396383209,-2.112955536,0.36));
#1272=VERTEX_POINT('',#1271);
#1273=CARTESIAN_POINT('',(3.989695838,-0.286927025,0.36));
#1274=CARTESIAN_POINT('',(3.918760106,-1.273282343,0.36));
#1275=CARTESIAN_POINT('',(3.396383209,-2.112955536,0.36));
#1276=(BOUNDED_CURVE()
B_SPLINE_CURVE(2,(#1273,#1274,#1275),.UNSPECIFIED.,.F.,.F.)
B_SPLINE_CURVE_WITH_KNOTS((3,3),(5.726660191,6.211391893),.UNSPECIFIED.)
CURVE()
GEOMETRIC_REPRESENTATION_ITEM()
RATIONAL_B_SPLINE_CURVE((1.,0.970772888,1.))
REPRESENTATION_ITEM(''));
#1277=EDGE_CURVE('',#1230,#1272,#1276,.T.);
#1278=ORIENTED_EDGE('',*,*,#1277,.T.);
#1279=CARTESIAN_POINT('',(3.396383209,-2.112955536,44.64));
#1280=VERTEX_POINT('',#1279);
#1281=CARTESIAN_POINT('',(3.396383209,-2.112955536,44.64));
#1282=CARTESIAN_POINT('',(3.396383209,-2.112955536,0.36));
#1283=B_SPLINE_CURVE_WITH_KNOTS('',1,(#1281,#1282),.UNSPECIFIED.,.F.,.F.,(2,2),(0.00036,0.04464),.UNSPECIFIED.);
#1284=EDGE_CURVE('',#1280,#1272,#1283,.T.);
#1285=ORIENTED_EDGE('',*,*,#1284,.F.);
#1286=CARTESIAN_POINT('',(3.396383209,-2.112955536,44.64));
#1287=CARTESIAN_POINT('',(3.918760106,-1.273282343,44.64));
#1288=CARTESIAN_POINT('',(3.989695838,-0.286927025,44.64));
#1289=(BOUNDED_CURVE()
B_SPLINE_CURVE(2,(#1286,#1287,#1288),.UNSPECIFIED.,.F.,.F.)
B_SPLINE_CURVE_WITH_KNOTS((3,3),(5.726660191,6.211391893),.UNSPECIFIED.)
CURVE()
GEOMETRIC_REPRESENTATION_ITEM()
RATIONAL_B_SPLINE_CURVE((1.,0.970772888,1.))
REPRESENTATION_ITEM(''));
#1290=EDGE_CURVE('',#1280,#1239,#1289,.T.);
#1291=ORIENTED_EDGE('',*,*,#1290,.T.);
#1292=EDGE_LOOP('',(#1270,#1278,#1285,#1291));
#1293=FACE_BOUND('',#1292,.T.);
#1294=ADVANCED_FACE('',(#1293),#1269,.F.);
#1295=CARTESIAN_POINT('',(3.396383209,-2.112955536,0.));
#1296=CARTESIAN_POINT('',(3.396383209,-2.112955536,45.));
#1297=CARTESIAN_POINT('',(4.931110258,-2.611618582,0.));
#1298=CARTESIAN_POINT('',(4.931110258,-2.611618582,45.));
#1299=B_SPLINE_SURFACE_WITH_KNOTS('',1,1,((#1295,#1296),(#1297,#1298)),.UNSPECIFIED.,.F.,.F.,.U.,(2,2),(2,2),(0.,0.001613708),(-0.045,0.),.UNSPECIFIED.);
#1300=ORIENTED_EDGE('',*,*,#1284,.T.);
#1301=CARTESIAN_POINT('',(3.748186043,-2.227263206,0.));
#1302=VERTEX_POINT('',#1301);
#1303=CARTESIAN_POINT('',(3.396383209,-2.112955536,0.36));
#1304=CARTESIAN_POINT('',(3.513794225,-2.151104687,0.240154934));
#1305=CARTESIAN_POINT('',(3.631049688,-2.189203297,0.120141809));
#1306=CARTESIAN_POINT('',(3.748186043,-2.227263206,0.));
#1307=B_SPLINE_CURVE_WITH_KNOTS('',3,(#1303,#1304,#1305,#1306),.UNSPECIFIED.,.F.,.F.,(4,4),(0.,0.00051617),.UNSPECIFIED.);
#1308=EDGE_CURVE('',#1272,#1302,#1307,.T.);
#1309=ORIENTED_EDGE('',*,*,#1308,.T.);
#1310=CARTESIAN_POINT('',(4.931110258,-2.611618582,0.));
#1311=VERTEX_POINT('',#1310);
#1312=CARTESIAN_POINT('',(4.931110258,-2.611618582,0.));
#1313=CARTESIAN_POINT('',(3.748186043,-2.227263206,0.));
#1314=B_SPLINE_CURVE_WITH_KNOTS('',1,(#1312,#1313),.UNSPECIFIED.,.F.,.F.,(2,2),(-0.001613708,-0.000369907),.UNSPECIFIED.);
#1315=EDGE_CURVE('',#1311,#1302,#1314,.T.);
#1316=ORIENTED_EDGE('',*,*,#1315,.F.);
#1317=CARTESIAN_POINT('',(4.931110258,-2.611618582,45.));
#1318=VERTEX_POINT('',#1317);
#1319=CARTESIAN_POINT('',(4.931110258,-2.611618582,45.));
#1320=CARTESIAN_POINT('',(4.931110258,-2.611618582,0.));
#1321=B_SPLINE_CURVE_WITH_KNOTS('',1,(#1319,#1320),.UNSPECIFIED.,.F.,.F.,(2,2),(0.,0.045),.UNSPECIFIED.);
#1322=EDGE_CURVE('',#1318,#1311,#1321,.T.);
#1323=ORIENTED_EDGE('',*,*,#1322,.F.);
#1324=CARTESIAN_POINT('',(3.748186043,-2.227263206,45.));
#1325=VERTEX_POINT('',#1324);
#1326=CARTESIAN_POINT('',(4.931110258,-2.611618582,45.));
#1327=CARTESIAN_POINT('',(3.748186043,-2.227263206,45.));
#1328=B_SPLINE_CURVE_WITH_KNOTS('',1,(#1326,#1327),.UNSPECIFIED.,.F.,.F.,(2,2),(-0.001613708,-0.000369907),.UNSPECIFIED.);
#1329=EDGE_CURVE('',#1318,#1325,#1328,.T.);
#1330=ORIENTED_EDGE('',*,*,#1329,.T.);
#1331=CARTESIAN_POINT('',(3.748186043,-2.227263206,45.));
#1332=CARTESIAN_POINT('',(3.631049688,-2.189203297,44.879858191));
#1333=CARTESIAN_POINT('',(3.513794225,-2.151104687,44.759845066));
#1334=CARTESIAN_POINT('',(3.396383209,-2.112955536,44.64));
#1335=B_SPLINE_CURVE_WITH_KNOTS('',3,(#1331,#1332,#1333,#1334),.UNSPECIFIED.,.F.,.F.,(4,4),(0.,0.00051617),.UNSPECIFIED.);
#1336=EDGE_CURVE('',#1325,#1280,#1335,.T.);
#1337=ORIENTED_EDGE('',*,*,#1336,.T.);
#1338=EDGE_LOOP('',(#1300,#1309,#1316,#1323,#1330,#1337));
#1339=FACE_BOUND('',#1338,.T.);
#1340=ADVANCED_FACE('',(#1339),#1299,.T.);
#1341=CARTESIAN_POINT('',(4.931110258,-2.611618582,45.));
#1342=CARTESIAN_POINT('',(4.931110258,-2.611618582,-0.));
#1343=CARTESIAN_POINT('',(4.559729995,-3.312837757,45.));
#1344=CARTESIAN_POINT('',(4.559729995,-3.312837757,-0.));
#1345=CARTESIAN_POINT('',(4.007593742,-3.882730019,45.));
#1346=CARTESIAN_POINT('',(4.007593742,-3.882730019,-0.));
#1347=(BOUNDED_SURFACE()
B_SPLINE_SURFACE(2,1,((#1341,#1342),(#1343,#1344),(#1345,#1346)),.UNSPECIFIED.,.F.,.F.,.U.)
B_SPLINE_SURFACE_WITH_KNOTS((3,3),(2,2),(3.592254097,3.876134962),(-0.,0.045),.UNSPECIFIED.)
GEOMETRIC_REPRESENTATION_ITEM()
RATIONAL_B_SPLINE_SURFACE(((0.796300276,0.796300276),(0.825465767,0.825465767),(0.873003198,0.873003198)))
REPRESENTATION_ITEM('')
SURFACE()
);
#1348=CARTESIAN_POINT('',(4.007593742,-3.882730019,0.));
#1349=VERTEX_POINT('',#1348);
#1350=CARTESIAN_POINT('',(4.007593742,-3.882730019,0.));
#1351=CARTESIAN_POINT('',(4.559729995,-3.312837757,0.));
#1352=CARTESIAN_POINT('',(4.931110258,-2.611618582,0.));
#1353=(BOUNDED_CURVE()
B_SPLINE_CURVE(2,(#1350,#1351,#1352),.UNSPECIFIED.,.F.,.F.)
B_SPLINE_CURVE_WITH_KNOTS((3,3),(1.115381026,1.397893097),.UNSPECIFIED.)
CURVE()
GEOMETRIC_REPRESENTATION_ITEM()
RATIONAL_B_SPLINE_CURVE((1.,0.990039944,1.))
REPRESENTATION_ITEM(''));
#1354=EDGE_CURVE('',#1349,#1311,#1353,.T.);
#1355=ORIENTED_EDGE('',*,*,#1354,.F.);
#1356=CARTESIAN_POINT('',(4.007593742,-3.882730019,45.));
#1357=VERTEX_POINT('',#1356);
#1358=CARTESIAN_POINT('',(4.007593742,-3.882730019,45.));
#1359=CARTESIAN_POINT('',(4.007593742,-3.882730019,0.));
#1360=B_SPLINE_CURVE_WITH_KNOTS('',1,(#1358,#1359),.UNSPECIFIED.,.F.,.F.,(2,2),(0.,0.045),.UNSPECIFIED.);
#1361=EDGE_CURVE('',#1357,#1349,#1360,.T.);
#1362=ORIENTED_EDGE('',*,*,#1361,.F.);
#1363=CARTESIAN_POINT('',(4.007593742,-3.882730019,45.));
#1364=CARTESIAN_POINT('',(4.559729995,-3.312837757,45.));
#1365=CARTESIAN_POINT('',(4.931110258,-2.611618582,45.));
#1366=(BOUNDED_CURVE()
B_SPLINE_CURVE(2,(#1363,#1364,#1365),.UNSPECIFIED.,.F.,.F.)
B_SPLINE_CURVE_WITH_KNOTS((3,3),(1.115381026,1.397893097),.UNSPECIFIED.)
CURVE()
GEOMETRIC_REPRESENTATION_ITEM()
RATIONAL_B_SPLINE_CURVE((1.,0.990039944,1.))
REPRESENTATION_ITEM(''));
#1367=EDGE_CURVE('',#1357,#1318,#1366,.T.);
#1368=ORIENTED_EDGE('',*,*,#1367,.T.);
#1369=ORIENTED_EDGE('',*,*,#1322,.T.);
#1370=EDGE_LOOP('',(#1355,#1362,#1368,#1369));
#1371=FACE_BOUND('',#1370,.T.);
#1372=ADVANCED_FACE('',(#1371),#1347,.F.);
#1373=CARTESIAN_POINT('',(4.007593742,-3.882730019,0.));
#1374=CARTESIAN_POINT('',(4.007593742,-3.882730019,45.));
#1375=CARTESIAN_POINT('',(3.059080262,-2.577213214,0.));
#1376=CARTESIAN_POINT('',(3.059080262,-2.577213214,45.));
#1377=B_SPLINE_SURFACE_WITH_KNOTS('',1,1,((#1373,#1374),(#1375,#1376)),.UNSPECIFIED.,.F.,.F.,.U.,(2,2),(2,2),(-0.001613708,0.),(-0.045,0.),.UNSPECIFIED.);
#1378=CARTESIAN_POINT('',(3.276506371,-2.876474579,0.));
#1379=VERTEX_POINT('',#1378);
#1380=CARTESIAN_POINT('',(3.276506371,-2.876474579,0.));
#1381=CARTESIAN_POINT('',(4.007593742,-3.882730019,0.));
#1382=B_SPLINE_CURVE_WITH_KNOTS('',1,(#1380,#1381),.UNSPECIFIED.,.F.,.F.,(2,2),(0.000369907,0.001613708),.UNSPECIFIED.);
#1383=EDGE_CURVE('',#1379,#1349,#1382,.T.);
#1384=ORIENTED_EDGE('',*,*,#1383,.F.);
#1385=CARTESIAN_POINT('',(3.059080262,-2.577213214,0.36));
#1386=VERTEX_POINT('',#1385);
#1387=CARTESIAN_POINT('',(3.276506371,-2.876474579,0.));
#1388=CARTESIAN_POINT('',(3.204112122,-2.776832444,0.120141809));
#1389=CARTESIAN_POINT('',(3.13164426,-2.677088989,0.240154934));
#1390=CARTESIAN_POINT('',(3.059080262,-2.577213214,0.36));
#1391=B_SPLINE_CURVE_WITH_KNOTS('',3,(#1387,#1388,#1389,#1390),.UNSPECIFIED.,.F.,.F.,(4,4),(0.,0.00051617),.UNSPECIFIED.);
#1392=EDGE_CURVE('',#1379,#1386,#1391,.T.);
#1393=ORIENTED_EDGE('',*,*,#1392,.T.);
#1394=CARTESIAN_POINT('',(3.059080262,-2.577213214,44.64));
#1395=VERTEX_POINT('',#1394);
#1396=CARTESIAN_POINT('',(3.059080262,-2.577213214,44.64));
#1397=CARTESIAN_POINT('',(3.059080262,-2.577213214,0.36));
#1398=B_SPLINE_CURVE_WITH_KNOTS('',1,(#1396,#1397),.UNSPECIFIED.,.F.,.F.,(2,2),(0.00036,0.04464),.UNSPECIFIED.);
#1399=EDGE_CURVE('',#1395,#1386,#1398,.T.);
#1400=ORIENTED_EDGE('',*,*,#1399,.F.);
#1401=CARTESIAN_POINT('',(3.276506371,-2.876474579,45.));
#1402=VERTEX_POINT('',#1401);
#1403=CARTESIAN_POINT('',(3.059080262,-2.577213214,44.64));
#1404=CARTESIAN_POINT('',(3.13164426,-2.677088989,44.759845066));
#1405=CARTESIAN_POINT('',(3.204112122,-2.776832444,44.879858191));
#1406=CARTESIAN_POINT('',(3.276506371,-2.876474579,45.));
#1407=B_SPLINE_CURVE_WITH_KNOTS('',3,(#1403,#1404,#1405,#1406),.UNSPECIFIED.,.F.,.F.,(4,4),(0.,0.00051617),.UNSPECIFIED.);
#1408=EDGE_CURVE('',#1395,#1402,#1407,.T.);
#1409=ORIENTED_EDGE('',*,*,#1408,.T.);
#1410=CARTESIAN_POINT('',(3.276506371,-2.876474579,45.));
#1411=CARTESIAN_POINT('',(4.007593742,-3.882730019,45.));
#1412=B_SPLINE_CURVE_WITH_KNOTS('',1,(#1410,#1411),.UNSPECIFIED.,.F.,.F.,(2,2),(0.000369907,0.001613708),.UNSPECIFIED.);
#1413=EDGE_CURVE('',#1402,#1357,#1412,.T.);
#1414=ORIENTED_EDGE('',*,*,#1413,.T.);
#1415=ORIENTED_EDGE('',*,*,#1361,.T.);
#1416=EDGE_LOOP('',(#1384,#1393,#1400,#1409,#1414,#1415));
#1417=FACE_BOUND('',#1416,.T.);
#1418=ADVANCED_FACE('',(#1417),#1377,.T.);
#1419=CARTESIAN_POINT('',(3.059080262,-2.577213214,44.64));
#1420=CARTESIAN_POINT('',(3.059080262,-2.577213214,0.36));
#1421=CARTESIAN_POINT('',(2.607278672,-3.11348911,44.64));
#1422=CARTESIAN_POINT('',(2.607278672,-3.11348911,0.36));
#1423=CARTESIAN_POINT('',(2.,-3.464101615,44.64));
#1424=CARTESIAN_POINT('',(2.,-3.464101615,0.36));
#1425=CARTESIAN_POINT('',(1.761212835,-3.601965449,44.64));
#1426=CARTESIAN_POINT('',(1.761212835,-3.601965449,0.36));
#1427=CARTESIAN_POINT('',(1.505767633,-3.705760898,44.64));
#1428=CARTESIAN_POINT('',(1.505767633,-3.705760898,0.36));
#1429=(BOUNDED_SURFACE()
B_SPLINE_SURFACE(2,1,((#1419,#1420),(#1421,#1422),(#1423,#1424),(#1425,#1426),(#1427,#1428)),.UNSPECIFIED.,.F.,.F.,.U.)
B_SPLINE_SURFACE_WITH_KNOTS((3,2,3),(2,2),(3.803796158,4.188790205,4.349114529),(0.00036,0.04464),.UNSPECIFIED.)
GEOMETRIC_REPRESENTATION_ITEM()
RATIONAL_B_SPLINE_SURFACE(((0.849969086,0.849969086),(0.908089442,0.908089442),(1.,1.),(0.961725387,0.961725387),(0.929310558,0.929310558)))
REPRESENTATION_ITEM('')
SURFACE()
);
#1430=ORIENTED_EDGE('',*,*,#1399,.T.);
#1431=CARTESIAN_POINT('',(1.505767633,-3.705760898,0.36));
#1432=VERTEX_POINT('',#1431);
#1433=CARTESIAN_POINT('',(3.059080262,-2.577213214,0.36));
#1434=CARTESIAN_POINT('',(2.421926939,-3.333496452,0.36));
#1435=CARTESIAN_POINT('',(1.505767633,-3.705760898,0.36));
#1436=(BOUNDED_CURVE()
B_SPLINE_CURVE(2,(#1433,#1434,#1435),.UNSPECIFIED.,.F.,.F.)
B_SPLINE_CURVE_WITH_KNOTS((3,3),(5.09834166,5.583073362),.UNSPECIFIED.)
CURVE()
GEOMETRIC_REPRESENTATION_ITEM()
RATIONAL_B_SPLINE_CURVE((1.,0.970772888,1.))
REPRESENTATION_ITEM(''));
#1437=EDGE_CURVE('',#1386,#1432,#1436,.T.);
#1438=ORIENTED_EDGE('',*,*,#1437,.T.);
#1439=CARTESIAN_POINT('',(1.505767633,-3.705760898,44.64));
#1440=VERTEX_POINT('',#1439);
#1441=CARTESIAN_POINT('',(1.505767633,-3.705760898,44.64));
#1442=CARTESIAN_POINT('',(1.505767633,-3.705760898,0.36));
#1443=B_SPLINE_CURVE_WITH_KNOTS('',1,(#1441,#1442),.UNSPECIFIED.,.F.,.F.,(2,2),(0.00036,0.04464),.UNSPECIFIED.);
#1444=EDGE_CURVE('',#1440,#1432,#1443,.T.);
#1445=ORIENTED_EDGE('',*,*,#1444,.F.);
#1446=CARTESIAN_POINT('',(1.505767633,-3.705760898,44.64));
#1447=CARTESIAN_POINT('',(2.421926939,-3.333496452,44.64));
#1448=CARTESIAN_POINT('',(3.059080262,-2.577213214,44.64));
#1449=(BOUNDED_CURVE()
B_SPLINE_CURVE(2,(#1446,#1447,#1448),.UNSPECIFIED.,.F.,.F.)
B_SPLINE_CURVE_WITH_KNOTS((3,3),(5.09834166,5.583073362),.UNSPECIFIED.)
CURVE()
GEOMETRIC_REPRESENTATION_ITEM()
RATIONAL_B_SPLINE_CURVE((1.,0.970772888,1.))
REPRESENTATION_ITEM(''));
#1450=EDGE_CURVE('',#1440,#1395,#1449,.T.);
#1451=ORIENTED_EDGE('',*,*,#1450,.T.);
#1452=EDGE_LOOP('',(#1430,#1438,#1445,#1451));
#1453=FACE_BOUND('',#1452,.T.);
#1454=ADVANCED_FACE('',(#1453),#1429,.F.);
#1455=CARTESIAN_POINT('',(1.505767633,-3.705760898,0.));
#1456=CARTESIAN_POINT('',(1.505767633,-3.705760898,45.));
#1457=CARTESIAN_POINT('',(2.454281113,-5.011277703,0.));
#1458=CARTESIAN_POINT('',(2.454281113,-5.011277703,45.));
#1459=B_SPLINE_SURFACE_WITH_KNOTS('',1,1,((#1455,#1456),(#1457,#1458)),.UNSPECIFIED.,.F.,.F.,.U.,(2,2),(2,2),(0.,0.001613708),(-0.045,0.),.UNSPECIFIED.);
#1460=ORIENTED_EDGE('',*,*,#1444,.T.);
#1461=CARTESIAN_POINT('',(1.723193741,-4.005022263,0.));
#1462=VERTEX_POINT('',#1461);
#1463=CARTESIAN_POINT('',(1.505767633,-3.705760898,0.36));
#1464=CARTESIAN_POINT('',(1.578331631,-3.805636674,0.240154934));
#1465=CARTESIAN_POINT('',(1.650799493,-3.905380128,0.120141809));
#1466=CARTESIAN_POINT('',(1.723193741,-4.005022263,0.));
#1467=B_SPLINE_CURVE_WITH_KNOTS('',3,(#1463,#1464,#1465,#1466),.UNSPECIFIED.,.F.,.F.,(4,4),(0.,0.00051617),.UNSPECIFIED.);
#1468=EDGE_CURVE('',#1432,#1462,#1467,.T.);
#1469=ORIENTED_EDGE('',*,*,#1468,.T.);
#1470=CARTESIAN_POINT('',(2.454281113,-5.011277703,0.));
#1471=VERTEX_POINT('',#1470);
#1472=CARTESIAN_POINT('',(2.454281113,-5.011277703,0.));
#1473=CARTESIAN_POINT('',(1.723193741,-4.005022263,0.));
#1474=B_SPLINE_CURVE_WITH_KNOTS('',1,(#1472,#1473),.UNSPECIFIED.,.F.,.F.,(2,2),(-0.001613708,-0.000369907),.UNSPECIFIED.);
#1475=EDGE_CURVE('',#1471,#1462,#1474,.T.);
#1476=ORIENTED_EDGE('',*,*,#1475,.F.);
#1477=CARTESIAN_POINT('',(2.454281113,-5.011277703,45.));
#1478=VERTEX_POINT('',#1477);
#1479=CARTESIAN_POINT('',(2.454281113,-5.011277703,45.));
#1480=CARTESIAN_POINT('',(2.454281113,-5.011277703,0.));
#1481=B_SPLINE_CURVE_WITH_KNOTS('',1,(#1479,#1480),.UNSPECIFIED.,.F.,.F.,(2,2),(0.,0.045),.UNSPECIFIED.);
#1482=EDGE_CURVE('',#1478,#1471,#1481,.T.);
#1483=ORIENTED_EDGE('',*,*,#1482,.F.);
#1484=CARTESIAN_POINT('',(1.723193741,-4.005022263,45.));
#1485=VERTEX_POINT('',#1484);
#1486=CARTESIAN_POINT('',(2.454281113,-5.011277703,45.));
#1487=CARTESIAN_POINT('',(1.723193741,-4.005022263,45.));
#1488=B_SPLINE_CURVE_WITH_KNOTS('',1,(#1486,#1487),.UNSPECIFIED.,.F.,.F.,(2,2),(-0.001613708,-0.000369907),.UNSPECIFIED.);
#1489=EDGE_CURVE('',#1478,#1485,#1488,.T.);
#1490=ORIENTED_EDGE('',*,*,#1489,.T.);
#1491=CARTESIAN_POINT('',(1.723193741,-4.005022263,45.));
#1492=CARTESIAN_POINT('',(1.650799493,-3.905380128,44.879858191));
#1493=CARTESIAN_POINT('',(1.578331631,-3.805636674,44.759845066));
#1494=CARTESIAN_POINT('',(1.505767633,-3.705760898,44.64));
#1495=B_SPLINE_CURVE_WITH_KNOTS('',3,(#1491,#1492,#1493,#1494),.UNSPECIFIED.,.F.,.F.,(4,4),(0.,0.00051617),.UNSPECIFIED.);
#1496=EDGE_CURVE('',#1485,#1440,#1495,.T.);
#1497=ORIENTED_EDGE('',*,*,#1496,.T.);
#1498=EDGE_LOOP('',(#1460,#1469,#1476,#1483,#1490,#1497));
#1499=FACE_BOUND('',#1498,.T.);
#1500=ADVANCED_FACE('',(#1499),#1459,.T.);
#1501=CARTESIAN_POINT('',(2.454281113,-5.011277703,45.));
#1502=CARTESIAN_POINT('',(2.454281113,-5.011277703,-0.));
#1503=CARTESIAN_POINT('',(1.741661878,-5.360284091,45.));
#1504=CARTESIAN_POINT('',(1.741661878,-5.360284091,-0.));
#1505=CARTESIAN_POINT('',(0.96,-5.496799069,45.));
#1506=CARTESIAN_POINT('',(0.96,-5.496799069,-0.));
#1507=(BOUNDED_SURFACE()
B_SPLINE_SURFACE(2,1,((#1501,#1502),(#1503,#1504),(#1505,#1506)),.UNSPECIFIED.,.F.,.F.,.U.)
B_SPLINE_SURFACE_WITH_KNOTS((3,3),(2,2),(4.26967689,4.577492044),(-0.,0.045),.UNSPECIFIED.)
GEOMETRIC_REPRESENTATION_ITEM()
RATIONAL_B_SPLINE_SURFACE(((0.962870999,0.962870999),(0.895061641,0.895061641),(0.848852732,0.848852732)))
REPRESENTATION_ITEM('')
SURFACE()
);
#1508=CARTESIAN_POINT('',(0.96,-5.496799069,0.));
#1509=VERTEX_POINT('',#1508);
#1510=CARTESIAN_POINT('',(0.96,-5.496799069,0.));
#1511=CARTESIAN_POINT('',(1.741661878,-5.360284091,0.));
#1512=CARTESIAN_POINT('',(2.454281113,-5.011277703,0.));
#1513=(BOUNDED_CURVE()
B_SPLINE_CURVE(2,(#1510,#1511,#1512),.UNSPECIFIED.,.F.,.F.)
B_SPLINE_CURVE_WITH_KNOTS((3,3),(1.115381026,1.397893097),.UNSPECIFIED.)
CURVE()
GEOMETRIC_REPRESENTATION_ITEM()
RATIONAL_B_SPLINE_CURVE((1.,0.990039944,1.))
REPRESENTATION_ITEM(''));
#1514=EDGE_CURVE('',#1509,#1471,#1513,.T.);
#1515=ORIENTED_EDGE('',*,*,#1514,.F.);
#1516=CARTESIAN_POINT('',(0.96,-5.496799069,45.));
#1517=VERTEX_POINT('',#1516);
#1518=CARTESIAN_POINT('',(0.96,-5.496799069,45.));
#1519=CARTESIAN_POINT('',(0.96,-5.496799069,0.));
#1520=B_SPLINE_CURVE_WITH_KNOTS('',1,(#1518,#1519),.UNSPECIFIED.,.F.,.F.,(2,2),(0.,0.045),.UNSPECIFIED.);
#1521=EDGE_CURVE('',#1517,#1509,#1520,.T.);
#1522=ORIENTED_EDGE('',*,*,#1521,.F.);
#1523=CARTESIAN_POINT('',(0.96,-5.496799069,45.));
#1524=CARTESIAN_POINT('',(1.741661878,-5.360284091,45.));
#1525=CARTESIAN_POINT('',(2.454281113,-5.011277703,45.));
#1526=(BOUNDED_CURVE()
B_SPLINE_CURVE(2,(#1523,#1524,#1525),.UNSPECIFIED.,.F.,.F.)
B_SPLINE_CURVE_WITH_KNOTS((3,3),(1.115381026,1.397893097),.UNSPECIFIED.)
CURVE()
GEOMETRIC_REPRESENTATION_ITEM()
RATIONAL_B_SPLINE_CURVE((1.,0.990039944,1.))
REPRESENTATION_ITEM(''));
#1527=EDGE_CURVE('',#1517,#1478,#1526,.T.);
#1528=ORIENTED_EDGE('',*,*,#1527,.T.);
#1529=ORIENTED_EDGE('',*,*,#1482,.T.);
#1530=EDGE_LOOP('',(#1515,#1522,#1528,#1529));
#1531=FACE_BOUND('',#1530,.T.);
#1532=ADVANCED_FACE('',(#1531),#1507,.F.);
#1533=CARTESIAN_POINT('',(0.96,-5.496799069,45.));
#1534=CARTESIAN_POINT('',(0.96,-3.883091552,45.));
#1535=CARTESIAN_POINT('',(0.96,-5.496799069,0.));
#1536=CARTESIAN_POINT('',(0.96,-3.883091552,0.));
#1537=B_SPLINE_SURFACE_WITH_KNOTS('',1,1,((#1533,#1534),(#1535,#1536)),.UNSPECIFIED.,.F.,.F.,.U.,(2,2),(2,2),(0.,0.045),(-0.001613708,0.),.UNSPECIFIED.);
#1538=CARTESIAN_POINT('',(0.96,-4.252998942,0.));
#1539=VERTEX_POINT('',#1538);
#1540=CARTESIAN_POINT('',(0.96,-4.252998942,0.));
#1541=CARTESIAN_POINT('',(0.96,-5.496799069,0.));
#1542=B_SPLINE_CURVE_WITH_KNOTS('',1,(#1540,#1541),.UNSPECIFIED.,.F.,.F.,(2,2),(0.000369907,0.001613708),.UNSPECIFIED.);
#1543=EDGE_CURVE('',#1539,#1509,#1542,.T.);
#1544=ORIENTED_EDGE('',*,*,#1543,.F.);
#1545=CARTESIAN_POINT('',(0.96,-3.883091552,0.36));
#1546=VERTEX_POINT('',#1545);
#1547=CARTESIAN_POINT('',(0.96,-4.252998942,0.));
#1548=CARTESIAN_POINT('',(0.96,-4.129834489,0.120141809));
#1549=CARTESIAN_POINT('',(0.96,-4.0065448,0.240154934));
#1550=CARTESIAN_POINT('',(0.96,-3.883091552,0.36));
#1551=B_SPLINE_CURVE_WITH_KNOTS('',3,(#1547,#1548,#1549,#1550),.UNSPECIFIED.,.F.,.F.,(4,4),(0.,0.00051617),.UNSPECIFIED.);
#1552=EDGE_CURVE('',#1539,#1546,#1551,.T.);
#1553=ORIENTED_EDGE('',*,*,#1552,.T.);
#1554=CARTESIAN_POINT('',(0.96,-3.883091552,44.64));
#1555=VERTEX_POINT('',#1554);
#1556=CARTESIAN_POINT('',(0.96,-3.883091552,44.64));
#1557=CARTESIAN_POINT('',(0.96,-3.883091552,0.36));
#1558=B_SPLINE_CURVE_WITH_KNOTS('',1,(#1556,#1557),.UNSPECIFIED.,.F.,.F.,(2,2),(0.00036,0.04464),.UNSPECIFIED.);
#1559=EDGE_CURVE('',#1555,#1546,#1558,.T.);
#1560=ORIENTED_EDGE('',*,*,#1559,.F.);
#1561=CARTESIAN_POINT('',(0.96,-4.252998942,45.));
#1562=VERTEX_POINT('',#1561);
#1563=CARTESIAN_POINT('',(0.96,-3.883091552,44.64));
#1564=CARTESIAN_POINT('',(0.96,-4.0065448,44.759845066));
#1565=CARTESIAN_POINT('',(0.96,-4.129834489,44.879858191));
#1566=CARTESIAN_POINT('',(0.96,-4.252998942,45.));
#1567=B_SPLINE_CURVE_WITH_KNOTS('',3,(#1563,#1564,#1565,#1566),.UNSPECIFIED.,.F.,.F.,(4,4),(0.,0.00051617),.UNSPECIFIED.);
#1568=EDGE_CURVE('',#1555,#1562,#1567,.T.);
#1569=ORIENTED_EDGE('',*,*,#1568,.T.);
#1570=CARTESIAN_POINT('',(0.96,-4.252998942,45.));
#1571=CARTESIAN_POINT('',(0.96,-5.496799069,45.));
#1572=B_SPLINE_CURVE_WITH_KNOTS('',1,(#1570,#1571),.UNSPECIFIED.,.F.,.F.,(2,2),(0.000369907,0.001613708),.UNSPECIFIED.);
#1573=EDGE_CURVE('',#1562,#1517,#1572,.T.);
#1574=ORIENTED_EDGE('',*,*,#1573,.T.);
#1575=ORIENTED_EDGE('',*,*,#1521,.T.);
#1576=EDGE_LOOP('',(#1544,#1553,#1560,#1569,#1574,#1575));
#1577=FACE_BOUND('',#1576,.T.);
#1578=ADVANCED_FACE('',(#1577),#1537,.T.);
#1579=CARTESIAN_POINT('',(-7.55,0.,44.2));
#1580=CARTESIAN_POINT('',(-7.55,0.,0.8));
#1581=CARTESIAN_POINT('',(-7.55,13.076983597,44.2));
#1582=CARTESIAN_POINT('',(-7.55,13.076983597,0.8));
#1583=CARTESIAN_POINT('',(3.775,6.538491799,44.2));
#1584=CARTESIAN_POINT('',(3.775,6.538491799,0.8));
#1585=CARTESIAN_POINT('',(15.1,0.,44.2));
#1586=CARTESIAN_POINT('',(15.1,0.,0.8));
#1587=CARTESIAN_POINT('',(3.775,-6.538491799,44.2));
#1588=CARTESIAN_POINT('',(3.775,-6.538491799,0.8));
#1589=CARTESIAN_POINT('',(-7.55,-13.076983597,44.2));
#1590=CARTESIAN_POINT('',(-7.55,-13.076983597,0.8));
#1591=CARTESIAN_POINT('',(-7.55,-0.,44.2));
#1592=CARTESIAN_POINT('',(-7.55,-0.,0.8));
#1593=(BOUNDED_SURFACE()
B_SPLINE_SURFACE(2,1,((#1579,#1580),(#1581,#1582),(#1583,#1584),(#1585,#1586),(#1587,#1588),(#1589,#1590),(#1591,#1592)),.UNSPECIFIED.,.T.,.F.,.U.)
B_SPLINE_SURFACE_WITH_KNOTS((3,2,2,3),(2,2),(0.,2.094395102,4.188790205,6.283185307),(0.0008,0.0442),.UNSPECIFIED.)
GEOMETRIC_REPRESENTATION_ITEM()
RATIONAL_B_SPLINE_SURFACE(((1.,1.),(0.5,0.5),(1.,1.),(0.5,0.5),(1.,1.),(0.5,0.5),(1.,1.)))
REPRESENTATION_ITEM('')
SURFACE()
);
#1594=CARTESIAN_POINT('',(-7.55,0.,44.2));
#1595=VERTEX_POINT('',#1594);
#1596=CARTESIAN_POINT('',(-7.55,0.,0.8));
#1597=VERTEX_POINT('',#1596);
#1598=CARTESIAN_POINT('',(-7.55,0.,44.2));
#1599=CARTESIAN_POINT('',(-7.55,0.,0.8));
#1600=B_SPLINE_CURVE_WITH_KNOTS('',1,(#1598,#1599),.UNSPECIFIED.,.F.,.F.,(2,2),(0.0008,0.0442),.UNSPECIFIED.);
#1601=EDGE_CURVE('',#1595,#1597,#1600,.T.);
#1602=ORIENTED_EDGE('',*,*,#1601,.T.);
#1603=CARTESIAN_POINT('',(7.55,-0.,0.8));
#1604=VERTEX_POINT('',#1603);
#1605=CARTESIAN_POINT('',(-7.55,0.,0.8));
#1606=CARTESIAN_POINT('',(-7.55,-7.55,0.8));
#1607=CARTESIAN_POINT('',(-0.,-7.55,0.8));
#1608=CARTESIAN_POINT('',(7.55,-7.55,0.8));
#1609=CARTESIAN_POINT('',(7.55,-0.,0.8));
#1610=CARTESIAN_POINT('',(7.55,7.55,0.8));
#1611=CARTESIAN_POINT('',(0.,7.55,0.8));
#1612=CARTESIAN_POINT('',(-7.55,7.55,0.8));
#1613=CARTESIAN_POINT('',(-7.55,0.,0.8));
#1614=(BOUNDED_CURVE()
B_SPLINE_CURVE(2,(#1605,#1606,#1607,#1608,#1609,#1610,#1611,#1612,#1613),.UNSPECIFIED.,.T.,.F.)
B_SPLINE_CURVE_WITH_KNOTS((3,2,2,2,3),(3.141592654,4.71238898,6.283185307,7.853981634,9.424777961),.UNSPECIFIED.)
CURVE()
GEOMETRIC_REPRESENTATION_ITEM()
RATIONAL_B_SPLINE_CURVE((1.,0.707106781,1.,0.707106781,1.,0.707106781,1.,0.707106781,1.))
REPRESENTATION_ITEM(''));
#1615=EDGE_CURVE('',#1597,#1604,#1614,.T.);
#1616=ORIENTED_EDGE('',*,*,#1615,.T.);
#1617=CARTESIAN_POINT('',(-7.55,0.,0.8));
#1618=CARTESIAN_POINT('',(-7.55,-7.55,0.8));
#1619=CARTESIAN_POINT('',(-0.,-7.55,0.8));
#1620=CARTESIAN_POINT('',(7.55,-7.55,0.8));
#1621=CARTESIAN_POINT('',(7.55,-0.,0.8));
#1622=CARTESIAN_POINT('',(7.55,7.55,0.8));
#1623=CARTESIAN_POINT('',(0.,7.55,0.8));
#1624=CARTESIAN_POINT('',(-7.55,7.55,0.8));
#1625=CARTESIAN_POINT('',(-7.55,0.,0.8));
#1626=(BOUNDED_CURVE()
B_SPLINE_CURVE(2,(#1617,#1618,#1619,#1620,#1621,#1622,#1623,#1624,#1625),.UNSPECIFIED.,.T.,.F.)
B_SPLINE_CURVE_WITH_KNOTS((3,2,2,2,3),(3.141592654,4.71238898,6.283185307,7.853981634,9.424777961),.UNSPECIFIED.)
CURVE()
GEOMETRIC_REPRESENTATION_ITEM()
RATIONAL_B_SPLINE_CURVE((1.,0.707106781,1.,0.707106781,1.,0.707106781,1.,0.707106781,1.))
REPRESENTATION_ITEM(''));
#1627=EDGE_CURVE('',#1604,#1597,#1626,.T.);
#1628=ORIENTED_EDGE('',*,*,#1627,.T.);
#1629=ORIENTED_EDGE('',*,*,#1601,.F.);
#1630=CARTESIAN_POINT('',(7.55,0.,44.2));
#1631=VERTEX_POINT('',#1630);
#1632=CARTESIAN_POINT('',(-7.55,0.,44.2));
#1633=CARTESIAN_POINT('',(-7.55,7.55,44.2));
#1634=CARTESIAN_POINT('',(0.,7.55,44.2));
#1635=CARTESIAN_POINT('',(7.55,7.55,44.2));
#1636=CARTESIAN_POINT('',(7.55,-0.,44.2));
#1637=CARTESIAN_POINT('',(7.55,-7.55,44.2));
#1638=CARTESIAN_POINT('',(-0.,-7.55,44.2));
#1639=CARTESIAN_POINT('',(-7.55,-7.55,44.2));
#1640=CARTESIAN_POINT('',(-7.55,0.,44.2));
#1641=(BOUNDED_CURVE()
B_SPLINE_CURVE(2,(#1632,#1633,#1634,#1635,#1636,#1637,#1638,#1639,#1640),.UNSPECIFIED.,.T.,.F.)
B_SPLINE_CURVE_WITH_KNOTS((3,2,2,2,3),(3.141592654,4.71238898,6.283185307,7.853981634,9.424777961),.UNSPECIFIED.)
CURVE()
GEOMETRIC_REPRESENTATION_ITEM()
RATIONAL_B_SPLINE_CURVE((1.,0.707106781,1.,0.707106781,1.,0.707106781,1.,0.707106781,1.))
REPRESENTATION_ITEM(''));
#1642=EDGE_CURVE('',#1595,#1631,#1641,.T.);
#1643=ORIENTED_EDGE('',*,*,#1642,.T.);
#1644=CARTESIAN_POINT('',(-7.55,0.,44.2));
#1645=CARTESIAN_POINT('',(-7.55,7.55,44.2));
#1646=CARTESIAN_POINT('',(0.,7.55,44.2));
#1647=CARTESIAN_POINT('',(7.55,7.55,44.2));
#1648=CARTESIAN_POINT('',(7.55,-0.,44.2));
#1649=CARTESIAN_POINT('',(7.55,-7.55,44.2));
#1650=CARTESIAN_POINT('',(-0.,-7.55,44.2));
#1651=CARTESIAN_POINT('',(-7.55,-7.55,44.2));
#1652=CARTESIAN_POINT('',(-7.55,0.,44.2));
#1653=(BOUNDED_CURVE()
B_SPLINE_CURVE(2,(#1644,#1645,#1646,#1647,#1648,#1649,#1650,#1651,#1652),.UNSPECIFIED.,.T.,.F.)
B_SPLINE_CURVE_WITH_KNOTS((3,2,2,2,3),(3.141592654,4.71238898,6.283185307,7.853981634,9.424777961),.UNSPECIFIED.)
CURVE()
GEOMETRIC_REPRESENTATION_ITEM()
RATIONAL_B_SPLINE_CURVE((1.,0.707106781,1.,0.707106781,1.,0.707106781,1.,0.707106781,1.))
REPRESENTATION_ITEM(''));
#1654=EDGE_CURVE('',#1631,#1595,#1653,.T.);
#1655=ORIENTED_EDGE('',*,*,#1654,.T.);
#1656=EDGE_LOOP('',(#1602,#1616,#1628,#1629,#1643,#1655));
#1657=FACE_BOUND('',#1656,.T.);
#1658=ADVANCED_FACE('',(#1657),#1593,.T.);
#1659=CARTESIAN_POINT('',(0.96,-3.883091552,44.64));
#1660=CARTESIAN_POINT('',(0.96,-3.883091552,0.36));
#1661=CARTESIAN_POINT('',(-0.,-4.120428217,44.64));
#1662=CARTESIAN_POINT('',(-0.,-4.120428217,0.36));
#1663=CARTESIAN_POINT('',(-0.96,-3.883091552,44.64));
#1664=CARTESIAN_POINT('',(-0.96,-3.883091552,0.36));
#1665=(BOUNDED_SURFACE()
B_SPLINE_SURFACE(2,1,((#1659,#1660),(#1661,#1662),(#1663,#1664)),.UNSPECIFIED.,.F.,.F.,.U.)
B_SPLINE_SURFACE_WITH_KNOTS((3,3),(2,2),(4.505253448,4.979243269),(0.00036,0.04464),.UNSPECIFIED.)
GEOMETRIC_REPRESENTATION_ITEM()
RATIONAL_B_SPLINE_SURFACE(((0.871731162,0.871731162),(0.792770408,0.792770408),(0.765027441,0.765027441)))
REPRESENTATION_ITEM('')
SURFACE()
);
#1666=ORIENTED_EDGE('',*,*,#1559,.T.);
#1667=CARTESIAN_POINT('',(0.96,-3.883091552,0.36));
#1668=CARTESIAN_POINT('',(-0.,-4.120428217,0.36));
#1669=CARTESIAN_POINT('',(-0.96,-3.883091552,0.36));
#1670=(BOUNDED_CURVE()
B_SPLINE_CURVE(2,(#1667,#1668,#1669),.UNSPECIFIED.,.F.,.F.)
B_SPLINE_CURVE_WITH_KNOTS((3,3),(4.470023129,4.954754831),.UNSPECIFIED.)
CURVE()
GEOMETRIC_REPRESENTATION_ITEM()
RATIONAL_B_SPLINE_CURVE((1.,0.970772888,1.))
REPRESENTATION_ITEM(''));
#1671=EDGE_CURVE('',#1546,#35,#1670,.T.);
#1672=ORIENTED_EDGE('',*,*,#1671,.T.);
#1673=ORIENTED_EDGE('',*,*,#39,.F.);
#1674=CARTESIAN_POINT('',(-0.96,-3.883091552,44.64));
#1675=CARTESIAN_POINT('',(-0.,-4.120428217,44.64));
#1676=CARTESIAN_POINT('',(0.96,-3.883091552,44.64));
#1677=(BOUNDED_CURVE()
B_SPLINE_CURVE(2,(#1674,#1675,#1676),.UNSPECIFIED.,.F.,.F.)
B_SPLINE_CURVE_WITH_KNOTS((3,3),(4.470023129,4.954754831),.UNSPECIFIED.)
CURVE()
GEOMETRIC_REPRESENTATION_ITEM()
RATIONAL_B_SPLINE_CURVE((1.,0.970772888,1.))
REPRESENTATION_ITEM(''));
#1678=EDGE_CURVE('',#33,#1555,#1677,.T.);
#1679=ORIENTED_EDGE('',*,*,#1678,.T.);
#1680=EDGE_LOOP('',(#1666,#1672,#1673,#1679));
#1681=FACE_BOUND('',#1680,.T.);
#1682=ADVANCED_FACE('',(#1681),#1665,.F.);
#1683=CARTESIAN_POINT('',(6.75,6.75,45.));
#1684=CARTESIAN_POINT('',(6.75,-6.75,45.));
#1685=CARTESIAN_POINT('',(-6.75,6.75,45.));
#1686=CARTESIAN_POINT('',(-6.75,-6.75,45.));
#1687=B_SPLINE_SURFACE_WITH_KNOTS('',1,1,((#1683,#1684),(#1685,#1686)),.UNSPECIFIED.,.F.,.F.,.U.,(2,2),(2,2),(-0.00675,0.00675),(-0.00675,0.00675),.UNSPECIFIED.);
#1688=CARTESIAN_POINT('',(-6.75,0.,45.));
#1689=VERTEX_POINT('',#1688);
#1690=CARTESIAN_POINT('',(6.75,-0.,45.));
#1691=VERTEX_POINT('',#1690);
#1692=CARTESIAN_POINT('',(-6.75,0.,45.));
#1693=CARTESIAN_POINT('',(-6.75,-6.75,45.));
#1694=CARTESIAN_POINT('',(-0.,-6.75,45.));
#1695=CARTESIAN_POINT('',(6.75,-6.75,45.));
#1696=CARTESIAN_POINT('',(6.75,-0.,45.));
#1697=CARTESIAN_POINT('',(6.75,6.75,45.));
#1698=CARTESIAN_POINT('',(0.,6.75,45.));
#1699=CARTESIAN_POINT('',(-6.75,6.75,45.));
#1700=CARTESIAN_POINT('',(-6.75,0.,45.));
#1701=(BOUNDED_CURVE()
B_SPLINE_CURVE(2,(#1692,#1693,#1694,#1695,#1696,#1697,#1698,#1699,#1700),.UNSPECIFIED.,.T.,.F.)
B_SPLINE_CURVE_WITH_KNOTS((3,2,2,2,3),(3.141592654,4.71238898,6.283185307,7.853981634,9.424777961),.UNSPECIFIED.)
CURVE()
GEOMETRIC_REPRESENTATION_ITEM()
RATIONAL_B_SPLINE_CURVE((1.,0.707106781,1.,0.707106781,1.,0.707106781,1.,0.707106781,1.))
REPRESENTATION_ITEM(''));
#1702=EDGE_CURVE('',#1689,#1691,#1701,.T.);
#1703=ORIENTED_EDGE('',*,*,#1702,.T.);
#1704=CARTESIAN_POINT('',(-6.75,0.,45.));
#1705=CARTESIAN_POINT('',(-6.75,-6.75,45.));
#1706=CARTESIAN_POINT('',(-0.,-6.75,45.));
#1707=CARTESIAN_POINT('',(6.75,-6.75,45.));
#1708=CARTESIAN_POINT('',(6.75,-0.,45.));
#1709=CARTESIAN_POINT('',(6.75,6.75,45.));
#1710=CARTESIAN_POINT('',(0.,6.75,45.));
#1711=CARTESIAN_POINT('',(-6.75,6.75,45.));
#1712=CARTESIAN_POINT('',(-6.75,0.,45.));
#1713=(BOUNDED_CURVE()
B_SPLINE_CURVE(2,(#1704,#1705,#1706,#1707,#1708,#1709,#1710,#1711,#1712),.UNSPECIFIED.,.T.,.F.)
B_SPLINE_CURVE_WITH_KNOTS((3,2,2,2,3),(3.141592654,4.71238898,6.283185307,7.853981634,9.424777961),.UNSPECIFIED.)
CURVE()
GEOMETRIC_REPRESENTATION_ITEM()
RATIONAL_B_SPLINE_CURVE((1.,0.707106781,1.,0.707106781,1.,0.707106781,1.,0.707106781,1.))
REPRESENTATION_ITEM(''));
#1714=EDGE_CURVE('',#1691,#1689,#1713,.T.);
#1715=ORIENTED_EDGE('',*,*,#1714,.T.);
#1716=EDGE_LOOP('',(#1703,#1715));
#1717=FACE_BOUND('',#1716,.T.);
#1718=ORIENTED_EDGE('',*,*,#941,.F.);
#1719=CARTESIAN_POINT('',(1.723193741,4.005022263,45.));
#1720=CARTESIAN_POINT('',(2.627219683,3.616057673,45.));
#1721=CARTESIAN_POINT('',(3.276506371,2.876474579,45.));
#1722=(BOUNDED_CURVE()
B_SPLINE_CURVE(2,(#1719,#1720,#1721),.UNSPECIFIED.,.F.,.F.)
B_SPLINE_CURVE_WITH_KNOTS((3,3),(0.720475227,1.164480365),.UNSPECIFIED.)
CURVE()
GEOMETRIC_REPRESENTATION_ITEM()
RATIONAL_B_SPLINE_CURVE((1.,0.975458473,1.))
REPRESENTATION_ITEM(''));
#1723=EDGE_CURVE('',#930,#1013,#1722,.T.);
#1724=ORIENTED_EDGE('',*,*,#1723,.T.);
#1725=ORIENTED_EDGE('',*,*,#1017,.F.);
#1726=ORIENTED_EDGE('',*,*,#1055,.F.);
#1727=ORIENTED_EDGE('',*,*,#1101,.F.);
#1728=CARTESIAN_POINT('',(3.748186043,2.227263206,45.));
#1729=CARTESIAN_POINT('',(4.250930743,1.381211126,45.));
#1730=CARTESIAN_POINT('',(4.341498672,0.401234694,45.));
#1731=(BOUNDED_CURVE()
B_SPLINE_CURVE(2,(#1728,#1729,#1730),.UNSPECIFIED.,.F.,.F.)
B_SPLINE_CURVE_WITH_KNOTS((3,3),(0.092156696,0.536161834),.UNSPECIFIED.)
CURVE()
GEOMETRIC_REPRESENTATION_ITEM()
RATIONAL_B_SPLINE_CURVE((1.,0.975458473,1.))
REPRESENTATION_ITEM(''));
#1732=EDGE_CURVE('',#1090,#1169,#1731,.T.);
#1733=ORIENTED_EDGE('',*,*,#1732,.T.);
#1734=ORIENTED_EDGE('',*,*,#1173,.F.);
#1735=ORIENTED_EDGE('',*,*,#1211,.F.);
#1736=ORIENTED_EDGE('',*,*,#1257,.F.);
#1737=CARTESIAN_POINT('',(4.341498672,-0.401234694,45.));
#1738=CARTESIAN_POINT('',(4.250930743,-1.381211126,45.));
#1739=CARTESIAN_POINT('',(3.748186043,-2.227263206,45.));
#1740=(BOUNDED_CURVE()
B_SPLINE_CURVE(2,(#1737,#1738,#1739),.UNSPECIFIED.,.F.,.F.)
B_SPLINE_CURVE_WITH_KNOTS((3,3),(5.747023473,6.191028611),.UNSPECIFIED.)
CURVE()
GEOMETRIC_REPRESENTATION_ITEM()
RATIONAL_B_SPLINE_CURVE((1.,0.975458473,1.))
REPRESENTATION_ITEM(''));
#1741=EDGE_CURVE('',#1246,#1325,#1740,.T.);
#1742=ORIENTED_EDGE('',*,*,#1741,.T.);
#1743=ORIENTED_EDGE('',*,*,#1329,.F.);
#1744=ORIENTED_EDGE('',*,*,#1367,.F.);
#1745=ORIENTED_EDGE('',*,*,#1413,.F.);
#1746=CARTESIAN_POINT('',(3.276506371,-2.876474579,45.));
#1747=CARTESIAN_POINT('',(2.627219683,-3.616057673,45.));
#1748=CARTESIAN_POINT('',(1.723193741,-4.005022263,45.));
#1749=(BOUNDED_CURVE()
B_SPLINE_CURVE(2,(#1746,#1747,#1748),.UNSPECIFIED.,.F.,.F.)
B_SPLINE_CURVE_WITH_KNOTS((3,3),(5.118704942,5.56271008),.UNSPECIFIED.)
CURVE()
GEOMETRIC_REPRESENTATION_ITEM()
RATIONAL_B_SPLINE_CURVE((1.,0.975458473,1.))
REPRESENTATION_ITEM(''));
#1750=EDGE_CURVE('',#1402,#1485,#1749,.T.);
#1751=ORIENTED_EDGE('',*,*,#1750,.T.);
#1752=ORIENTED_EDGE('',*,*,#1489,.F.);
#1753=ORIENTED_EDGE('',*,*,#1527,.F.);
#1754=ORIENTED_EDGE('',*,*,#1573,.F.);
#1755=CARTESIAN_POINT('',(0.96,-4.252998942,45.));
#1756=CARTESIAN_POINT('',(-0.,-4.469693094,45.));
#1757=CARTESIAN_POINT('',(-0.96,-4.252998942,45.));
#1758=(BOUNDED_CURVE()
B_SPLINE_CURVE(2,(#1755,#1756,#1757),.UNSPECIFIED.,.F.,.F.)
B_SPLINE_CURVE_WITH_KNOTS((3,3),(4.490386411,4.934391549),.UNSPECIFIED.)
CURVE()
GEOMETRIC_REPRESENTATION_ITEM()
RATIONAL_B_SPLINE_CURVE((1.,0.975458473,1.))
REPRESENTATION_ITEM(''));
#1759=EDGE_CURVE('',#1562,#65,#1758,.T.);
#1760=ORIENTED_EDGE('',*,*,#1759,.T.);
#1761=ORIENTED_EDGE('',*,*,#69,.F.);
#1762=ORIENTED_EDGE('',*,*,#107,.F.);
#1763=ORIENTED_EDGE('',*,*,#153,.F.);
#1764=CARTESIAN_POINT('',(-1.723193741,-4.005022263,45.));
#1765=CARTESIAN_POINT('',(-2.627219683,-3.616057673,45.));
#1766=CARTESIAN_POINT('',(-3.276506371,-2.876474579,45.));
#1767=(BOUNDED_CURVE()
B_SPLINE_CURVE(2,(#1764,#1765,#1766),.UNSPECIFIED.,.F.,.F.)
B_SPLINE_CURVE_WITH_KNOTS((3,3),(3.862067881,4.306073019),.UNSPECIFIED.)
CURVE()
GEOMETRIC_REPRESENTATION_ITEM()
RATIONAL_B_SPLINE_CURVE((1.,0.975458473,1.))
REPRESENTATION_ITEM(''));
#1768=EDGE_CURVE('',#142,#221,#1767,.T.);
#1769=ORIENTED_EDGE('',*,*,#1768,.T.);
#1770=ORIENTED_EDGE('',*,*,#225,.F.);
#1771=ORIENTED_EDGE('',*,*,#263,.F.);
#1772=ORIENTED_EDGE('',*,*,#309,.F.);
#1773=CARTESIAN_POINT('',(-3.748186043,-2.227263206,45.));
#1774=CARTESIAN_POINT('',(-4.250930743,-1.381211126,45.));
#1775=CARTESIAN_POINT('',(-4.341498672,-0.401234694,45.));
#1776=(BOUNDED_CURVE()
B_SPLINE_CURVE(2,(#1773,#1774,#1775),.UNSPECIFIED.,.F.,.F.)
B_SPLINE_CURVE_WITH_KNOTS((3,3),(3.23374935,3.677754488),.UNSPECIFIED.)
CURVE()
GEOMETRIC_REPRESENTATION_ITEM()
RATIONAL_B_SPLINE_CURVE((1.,0.975458473,1.))
REPRESENTATION_ITEM(''));
#1777=EDGE_CURVE('',#298,#377,#1776,.T.);
#1778=ORIENTED_EDGE('',*,*,#1777,.T.);
#1779=ORIENTED_EDGE('',*,*,#381,.F.);
#1780=CARTESIAN_POINT('',(-5.524422888,0.785590071,45.));
#1781=CARTESIAN_POINT('',(-5.636136233,0.,45.));
#1782=CARTESIAN_POINT('',(-5.524422888,-0.785590071,45.));
#1783=(BOUNDED_CURVE()
B_SPLINE_CURVE(2,(#1780,#1781,#1782),.UNSPECIFIED.,.F.,.F.)
B_SPLINE_CURVE_WITH_KNOTS((3,3),(1.115381026,1.397893097),.UNSPECIFIED.)
CURVE()
GEOMETRIC_REPRESENTATION_ITEM()
RATIONAL_B_SPLINE_CURVE((1.,0.990039944,1.))
REPRESENTATION_ITEM(''));
#1784=EDGE_CURVE('',#403,#370,#1783,.T.);
#1785=ORIENTED_EDGE('',*,*,#1784,.F.);
#1786=ORIENTED_EDGE('',*,*,#428,.F.);
#1787=ORIENTED_EDGE('',*,*,#473,.F.);
#1788=CARTESIAN_POINT('',(-4.341498672,0.401234694,45.));
#1789=CARTESIAN_POINT('',(-4.250930743,1.381211126,45.));
#1790=CARTESIAN_POINT('',(-3.748186043,2.227263206,45.));
#1791=(BOUNDED_CURVE()
B_SPLINE_CURVE(2,(#1788,#1789,#1790),.UNSPECIFIED.,.F.,.F.)
B_SPLINE_CURVE_WITH_KNOTS((3,3),(2.605430819,3.049435957),.UNSPECIFIED.)
CURVE()
GEOMETRIC_REPRESENTATION_ITEM()
RATIONAL_B_SPLINE_CURVE((1.,0.975458473,1.))
REPRESENTATION_ITEM(''));
#1792=EDGE_CURVE('',#462,#541,#1791,.T.);
#1793=ORIENTED_EDGE('',*,*,#1792,.T.);
#1794=ORIENTED_EDGE('',*,*,#545,.F.);
#1795=ORIENTED_EDGE('',*,*,#583,.F.);
#1796=ORIENTED_EDGE('',*,*,#629,.F.);
#1797=CARTESIAN_POINT('',(-3.276506371,2.876474579,45.));
#1798=CARTESIAN_POINT('',(-2.627219683,3.616057673,45.));
#1799=CARTESIAN_POINT('',(-1.723193741,4.005022263,45.));
#1800=(BOUNDED_CURVE()
B_SPLINE_CURVE(2,(#1797,#1798,#1799),.UNSPECIFIED.,.F.,.F.)
B_SPLINE_CURVE_WITH_KNOTS((3,3),(1.977112288,2.421117427),.UNSPECIFIED.)
CURVE()
GEOMETRIC_REPRESENTATION_ITEM()
RATIONAL_B_SPLINE_CURVE((1.,0.975458473,1.))
REPRESENTATION_ITEM(''));
#1801=EDGE_CURVE('',#618,#697,#1800,.T.);
#1802=ORIENTED_EDGE('',*,*,#1801,.T.);
#1803=ORIENTED_EDGE('',*,*,#701,.F.);
#1804=ORIENTED_EDGE('',*,*,#739,.F.);
#1805=ORIENTED_EDGE('',*,*,#785,.F.);
#1806=CARTESIAN_POINT('',(-0.96,4.252998942,45.));
#1807=CARTESIAN_POINT('',(0.,4.469693094,45.));
#1808=CARTESIAN_POINT('',(0.96,4.252998942,45.));
#1809=(BOUNDED_CURVE()
B_SPLINE_CURVE(2,(#1806,#1807,#1808),.UNSPECIFIED.,.F.,.F.)
B_SPLINE_CURVE_WITH_KNOTS((3,3),(1.348793758,1.792798896),.UNSPECIFIED.)
CURVE()
GEOMETRIC_REPRESENTATION_ITEM()
RATIONAL_B_SPLINE_CURVE((1.,0.975458473,1.))
REPRESENTATION_ITEM(''));
#1810=EDGE_CURVE('',#774,#853,#1809,.T.);
#1811=ORIENTED_EDGE('',*,*,#1810,.T.);
#1812=ORIENTED_EDGE('',*,*,#857,.F.);
#1813=ORIENTED_EDGE('',*,*,#895,.F.);
#1814=EDGE_LOOP('',(#1718,#1724,#1725,#1726,#1727,#1733,#1734,#1735,#1736,#1742,#1743,#1744,#1745,#1751,#1752,#1753,#1754,#1760,#1761,#1762,#1763,#1769,#1770,#1771,#1772,#1778,
#1779,#1785,#1786,#1787,#1793,#1794,#1795,#1796,#1802,#1803,#1804,#1805,#1811,#1812,#1813));
#1815=FACE_BOUND('',#1814,.T.);
#1816=ADVANCED_FACE('',(#1717,#1815),#1687,.T.);
#1817=CARTESIAN_POINT('',(6.75,6.75,0.));
#1818=CARTESIAN_POINT('',(6.75,-6.75,0.));
#1819=CARTESIAN_POINT('',(-6.75,6.75,0.));
#1820=CARTESIAN_POINT('',(-6.75,-6.75,0.));
#1821=B_SPLINE_SURFACE_WITH_KNOTS('',1,1,((#1817,#1818),(#1819,#1820)),.UNSPECIFIED.,.F.,.F.,.U.,(2,2),(2,2),(-0.00675,0.00675),(-0.00675,0.00675),.UNSPECIFIED.);
#1822=CARTESIAN_POINT('',(-6.75,0.,0.));
#1823=VERTEX_POINT('',#1822);
#1824=CARTESIAN_POINT('',(6.75,-0.,0.));
#1825=VERTEX_POINT('',#1824);
#1826=CARTESIAN_POINT('',(-6.75,0.,0.));
#1827=CARTESIAN_POINT('',(-6.75,6.75,0.));
#1828=CARTESIAN_POINT('',(0.,6.75,0.));
#1829=CARTESIAN_POINT('',(6.75,6.75,0.));
#1830=CARTESIAN_POINT('',(6.75,-0.,0.));
#1831=CARTESIAN_POINT('',(6.75,-6.75,0.));
#1832=CARTESIAN_POINT('',(-0.,-6.75,0.));
#1833=CARTESIAN_POINT('',(-6.75,-6.75,0.));
#1834=CARTESIAN_POINT('',(-6.75,0.,0.));
#1835=(BOUNDED_CURVE()
B_SPLINE_CURVE(2,(#1826,#1827,#1828,#1829,#1830,#1831,#1832,#1833,#1834),.UNSPECIFIED.,.T.,.F.)
B_SPLINE_CURVE_WITH_KNOTS((3,2,2,2,3),(3.141592654,4.71238898,6.283185307,7.853981634,9.424777961),.UNSPECIFIED.)
CURVE()
GEOMETRIC_REPRESENTATION_ITEM()
RATIONAL_B_SPLINE_CURVE((1.,0.707106781,1.,0.707106781,1.,0.707106781,1.,0.707106781,1.))
REPRESENTATION_ITEM(''));
#1836=EDGE_CURVE('',#1823,#1825,#1835,.T.);
#1837=ORIENTED_EDGE('',*,*,#1836,.T.);
#1838=CARTESIAN_POINT('',(-6.75,0.,0.));
#1839=CARTESIAN_POINT('',(-6.75,6.75,0.));
#1840=CARTESIAN_POINT('',(0.,6.75,0.));
#1841=CARTESIAN_POINT('',(6.75,6.75,0.));
#1842=CARTESIAN_POINT('',(6.75,-0.,0.));
#1843=CARTESIAN_POINT('',(6.75,-6.75,0.));
#1844=CARTESIAN_POINT('',(-0.,-6.75,0.));
#1845=CARTESIAN_POINT('',(-6.75,-6.75,0.));
#1846=CARTESIAN_POINT('',(-6.75,0.,0.));
#1847=(BOUNDED_CURVE()
B_SPLINE_CURVE(2,(#1838,#1839,#1840,#1841,#1842,#1843,#1844,#1845,#1846),.UNSPECIFIED.,.T.,.F.)
B_SPLINE_CURVE_WITH_KNOTS((3,2,2,2,3),(3.141592654,4.71238898,6.283185307,7.853981634,9.424777961),.UNSPECIFIED.)
CURVE()
GEOMETRIC_REPRESENTATION_ITEM()
RATIONAL_B_SPLINE_CURVE((1.,0.707106781,1.,0.707106781,1.,0.707106781,1.,0.707106781,1.))
REPRESENTATION_ITEM(''));
#1848=EDGE_CURVE('',#1825,#1823,#1847,.T.);
#1849=ORIENTED_EDGE('',*,*,#1848,.T.);
#1850=EDGE_LOOP('',(#1837,#1849));
#1851=FACE_BOUND('',#1850,.T.);
#1852=ORIENTED_EDGE('',*,*,#367,.T.);
#1853=CARTESIAN_POINT('',(-4.341498672,-0.401234694,0.));
#1854=CARTESIAN_POINT('',(-4.250930743,-1.381211126,0.));
#1855=CARTESIAN_POINT('',(-3.748186043,-2.227263206,0.));
#1856=(BOUNDED_CURVE()
B_SPLINE_CURVE(2,(#1853,#1854,#1855),.UNSPECIFIED.,.F.,.F.)
B_SPLINE_CURVE_WITH_KNOTS((3,3),(3.23374935,3.677754488),.UNSPECIFIED.)
CURVE()
GEOMETRIC_REPRESENTATION_ITEM()
RATIONAL_B_SPLINE_CURVE((1.,0.975458473,1.))
REPRESENTATION_ITEM(''));
#1857=EDGE_CURVE('',#354,#275,#1856,.T.);
#1858=ORIENTED_EDGE('',*,*,#1857,.T.);
#1859=ORIENTED_EDGE('',*,*,#279,.T.);
#1860=ORIENTED_EDGE('',*,*,#250,.T.);
#1861=ORIENTED_EDGE('',*,*,#211,.T.);
#1862=CARTESIAN_POINT('',(-3.276506371,-2.876474579,0.));
#1863=CARTESIAN_POINT('',(-2.627219683,-3.616057673,0.));
#1864=CARTESIAN_POINT('',(-1.723193741,-4.005022263,0.));
#1865=(BOUNDED_CURVE()
B_SPLINE_CURVE(2,(#1862,#1863,#1864),.UNSPECIFIED.,.F.,.F.)
B_SPLINE_CURVE_WITH_KNOTS((3,3),(3.862067881,4.306073019),.UNSPECIFIED.)
CURVE()
GEOMETRIC_REPRESENTATION_ITEM()
RATIONAL_B_SPLINE_CURVE((1.,0.975458473,1.))
REPRESENTATION_ITEM(''));
#1866=EDGE_CURVE('',#198,#119,#1865,.T.);
#1867=ORIENTED_EDGE('',*,*,#1866,.T.);
#1868=ORIENTED_EDGE('',*,*,#123,.T.);
#1869=ORIENTED_EDGE('',*,*,#94,.T.);
#1870=ORIENTED_EDGE('',*,*,#55,.T.);
#1871=CARTESIAN_POINT('',(-0.96,-4.252998942,0.));
#1872=CARTESIAN_POINT('',(-0.,-4.469693094,0.));
#1873=CARTESIAN_POINT('',(0.96,-4.252998942,0.));
#1874=(BOUNDED_CURVE()
B_SPLINE_CURVE(2,(#1871,#1872,#1873),.UNSPECIFIED.,.F.,.F.)
B_SPLINE_CURVE_WITH_KNOTS((3,3),(4.490386411,4.934391549),.UNSPECIFIED.)
CURVE()
GEOMETRIC_REPRESENTATION_ITEM()
RATIONAL_B_SPLINE_CURVE((1.,0.975458473,1.))
REPRESENTATION_ITEM(''));
#1875=EDGE_CURVE('',#42,#1539,#1874,.T.);
#1876=ORIENTED_EDGE('',*,*,#1875,.T.);
#1877=ORIENTED_EDGE('',*,*,#1543,.T.);
#1878=ORIENTED_EDGE('',*,*,#1514,.T.);
#1879=ORIENTED_EDGE('',*,*,#1475,.T.);
#1880=CARTESIAN_POINT('',(1.723193741,-4.005022263,0.));
#1881=CARTESIAN_POINT('',(2.627219683,-3.616057673,0.));
#1882=CARTESIAN_POINT('',(3.276506371,-2.876474579,0.));
#1883=(BOUNDED_CURVE()
B_SPLINE_CURVE(2,(#1880,#1881,#1882),.UNSPECIFIED.,.F.,.F.)
B_SPLINE_CURVE_WITH_KNOTS((3,3),(5.118704942,5.56271008),.UNSPECIFIED.)
CURVE()
GEOMETRIC_REPRESENTATION_ITEM()
RATIONAL_B_SPLINE_CURVE((1.,0.975458473,1.))
REPRESENTATION_ITEM(''));
#1884=EDGE_CURVE('',#1462,#1379,#1883,.T.);
#1885=ORIENTED_EDGE('',*,*,#1884,.T.);
#1886=ORIENTED_EDGE('',*,*,#1383,.T.);
#1887=ORIENTED_EDGE('',*,*,#1354,.T.);
#1888=ORIENTED_EDGE('',*,*,#1315,.T.);
#1889=CARTESIAN_POINT('',(3.748186043,-2.227263206,0.));
#1890=CARTESIAN_POINT('',(4.250930743,-1.381211126,0.));
#1891=CARTESIAN_POINT('',(4.341498672,-0.401234694,0.));
#1892=(BOUNDED_CURVE()
B_SPLINE_CURVE(2,(#1889,#1890,#1891),.UNSPECIFIED.,.F.,.F.)
B_SPLINE_CURVE_WITH_KNOTS((3,3),(5.747023473,6.191028611),.UNSPECIFIED.)
CURVE()
GEOMETRIC_REPRESENTATION_ITEM()
RATIONAL_B_SPLINE_CURVE((1.,0.975458473,1.))
REPRESENTATION_ITEM(''));
#1893=EDGE_CURVE('',#1302,#1223,#1892,.T.);
#1894=ORIENTED_EDGE('',*,*,#1893,.T.);
#1895=ORIENTED_EDGE('',*,*,#1227,.T.);
#1896=ORIENTED_EDGE('',*,*,#1198,.T.);
#1897=ORIENTED_EDGE('',*,*,#1159,.T.);
#1898=CARTESIAN_POINT('',(4.341498672,0.401234694,0.));
#1899=CARTESIAN_POINT('',(4.250930743,1.381211126,0.));
#1900=CARTESIAN_POINT('',(3.748186043,2.227263206,0.));
#1901=(BOUNDED_CURVE()
B_SPLINE_CURVE(2,(#1898,#1899,#1900),.UNSPECIFIED.,.F.,.F.)
B_SPLINE_CURVE_WITH_KNOTS((3,3),(0.092156696,0.536161834),.UNSPECIFIED.)
CURVE()
GEOMETRIC_REPRESENTATION_ITEM()
RATIONAL_B_SPLINE_CURVE((1.,0.975458473,1.))
REPRESENTATION_ITEM(''));
#1902=EDGE_CURVE('',#1146,#1067,#1901,.T.);
#1903=ORIENTED_EDGE('',*,*,#1902,.T.);
#1904=ORIENTED_EDGE('',*,*,#1071,.T.);
#1905=ORIENTED_EDGE('',*,*,#1042,.T.);
#1906=ORIENTED_EDGE('',*,*,#1003,.T.);
#1907=CARTESIAN_POINT('',(3.276506371,2.876474579,0.));
#1908=CARTESIAN_POINT('',(2.627219683,3.616057673,0.));
#1909=CARTESIAN_POINT('',(1.723193741,4.005022263,0.));
#1910=(BOUNDED_CURVE()
B_SPLINE_CURVE(2,(#1907,#1908,#1909),.UNSPECIFIED.,.F.,.F.)
B_SPLINE_CURVE_WITH_KNOTS((3,3),(0.720475227,1.164480365),.UNSPECIFIED.)
CURVE()
GEOMETRIC_REPRESENTATION_ITEM()
RATIONAL_B_SPLINE_CURVE((1.,0.975458473,1.))
REPRESENTATION_ITEM(''));
#1911=EDGE_CURVE('',#990,#907,#1910,.T.);
#1912=ORIENTED_EDGE('',*,*,#1911,.T.);
#1913=ORIENTED_EDGE('',*,*,#911,.T.);
#1914=ORIENTED_EDGE('',*,*,#882,.T.);
#1915=ORIENTED_EDGE('',*,*,#843,.T.);
#1916=CARTESIAN_POINT('',(0.96,4.252998942,0.));
#1917=CARTESIAN_POINT('',(0.,4.469693094,0.));
#1918=CARTESIAN_POINT('',(-0.96,4.252998942,0.));
#1919=(BOUNDED_CURVE()
B_SPLINE_CURVE(2,(#1916,#1917,#1918),.UNSPECIFIED.,.F.,.F.)
B_SPLINE_CURVE_WITH_KNOTS((3,3),(1.348793758,1.792798896),.UNSPECIFIED.)
CURVE()
GEOMETRIC_REPRESENTATION_ITEM()
RATIONAL_B_SPLINE_CURVE((1.,0.975458473,1.))
REPRESENTATION_ITEM(''));
#1920=EDGE_CURVE('',#830,#751,#1919,.T.);
#1921=ORIENTED_EDGE('',*,*,#1920,.T.);
#1922=ORIENTED_EDGE('',*,*,#755,.T.);
#1923=ORIENTED_EDGE('',*,*,#726,.T.);
#1924=ORIENTED_EDGE('',*,*,#687,.T.);
#1925=CARTESIAN_POINT('',(-1.723193741,4.005022263,0.));
#1926=CARTESIAN_POINT('',(-2.627219683,3.616057673,0.));
#1927=CARTESIAN_POINT('',(-3.276506371,2.876474579,0.));
#1928=(BOUNDED_CURVE()
B_SPLINE_CURVE(2,(#1925,#1926,#1927),.UNSPECIFIED.,.F.,.F.)
B_SPLINE_CURVE_WITH_KNOTS((3,3),(1.977112288,2.421117427),.UNSPECIFIED.)
CURVE()
GEOMETRIC_REPRESENTATION_ITEM()
RATIONAL_B_SPLINE_CURVE((1.,0.975458473,1.))
REPRESENTATION_ITEM(''));
#1929=EDGE_CURVE('',#674,#595,#1928,.T.);
#1930=ORIENTED_EDGE('',*,*,#1929,.T.);
#1931=ORIENTED_EDGE('',*,*,#599,.T.);
#1932=ORIENTED_EDGE('',*,*,#570,.T.);
#1933=ORIENTED_EDGE('',*,*,#531,.T.);
#1934=CARTESIAN_POINT('',(-3.748186043,2.227263206,0.));
#1935=CARTESIAN_POINT('',(-4.250930743,1.381211126,0.));
#1936=CARTESIAN_POINT('',(-4.341498672,0.401234694,0.));
#1937=(BOUNDED_CURVE()
B_SPLINE_CURVE(2,(#1934,#1935,#1936),.UNSPECIFIED.,.F.,.F.)
B_SPLINE_CURVE_WITH_KNOTS((3,3),(2.605430819,3.049435957),.UNSPECIFIED.)
CURVE()
GEOMETRIC_REPRESENTATION_ITEM()
RATIONAL_B_SPLINE_CURVE((1.,0.975458473,1.))
REPRESENTATION_ITEM(''));
#1938=EDGE_CURVE('',#518,#439,#1937,.T.);
#1939=ORIENTED_EDGE('',*,*,#1938,.T.);
#1940=ORIENTED_EDGE('',*,*,#443,.T.);
#1941=ORIENTED_EDGE('',*,*,#415,.T.);
#1942=CARTESIAN_POINT('',(-5.524422888,0.785590071,0.));
#1943=CARTESIAN_POINT('',(-5.636136233,0.,0.));
#1944=CARTESIAN_POINT('',(-5.524422888,-0.785590071,0.));
#1945=(BOUNDED_CURVE()
B_SPLINE_CURVE(2,(#1942,#1943,#1944),.UNSPECIFIED.,.F.,.F.)
B_SPLINE_CURVE_WITH_KNOTS((3,3),(1.115381026,1.397893097),.UNSPECIFIED.)
CURVE()
GEOMETRIC_REPRESENTATION_ITEM()
RATIONAL_B_SPLINE_CURVE((1.,0.990039944,1.))
REPRESENTATION_ITEM(''));
#1946=EDGE_CURVE('',#401,#363,#1945,.T.);
#1947=ORIENTED_EDGE('',*,*,#1946,.T.);
#1948=EDGE_LOOP('',(#1852,#1858,#1859,#1860,#1861,#1867,#1868,#1869,#1870,#1876,#1877,#1878,#1879,#1885,#1886,#1887,#1888,#1894,#1895,#1896,#1897,#1903,#1904,#1905,#1906,#1912,
#1913,#1914,#1915,#1921,#1922,#1923,#1924,#1930,#1931,#1932,#1933,#1939,#1940,#1941,#1947));
#1949=FACE_BOUND('',#1948,.T.);
#1950=ADVANCED_FACE('',(#1851,#1949),#1821,.F.);
#1951=CARTESIAN_POINT('',(6.749999999,0.,0.));
#1952=CARTESIAN_POINT('',(6.75,0.,0.));
#1953=CARTESIAN_POINT('',(6.75,0.,0.));
#1954=CARTESIAN_POINT('',(7.55,0.,-0.));
#1955=CARTESIAN_POINT('',(7.55,0.,0.8));
#1956=CARTESIAN_POINT('',(6.749999999,11.69134295,0.));
#1957=CARTESIAN_POINT('',(6.75,11.691342951,0.));
#1958=CARTESIAN_POINT('',(6.75,11.691342951,0.));
#1959=CARTESIAN_POINT('',(7.55,13.076983597,-0.));
#1960=CARTESIAN_POINT('',(7.55,13.076983597,0.8));
#1961=CARTESIAN_POINT('',(-3.375,5.845671475,-0.));
#1962=CARTESIAN_POINT('',(-3.375,5.845671475,-0.));
#1963=CARTESIAN_POINT('',(-3.375,5.845671476,-0.));
#1964=CARTESIAN_POINT('',(-3.775,6.538491799,-0.));
#1965=CARTESIAN_POINT('',(-3.775,6.538491799,0.8));
#1966=CARTESIAN_POINT('',(-6.749999999,3.897114317,-0.));
#1967=CARTESIAN_POINT('',(-6.75,3.897114317,-0.));
#1968=CARTESIAN_POINT('',(-6.75,3.897114317,-0.));
#1969=CARTESIAN_POINT('',(-7.55,4.358994532,-0.));
#1970=CARTESIAN_POINT('',(-7.55,4.358994532,0.8));
#1971=CARTESIAN_POINT('',(-6.749999999,-0.,-0.));
#1972=CARTESIAN_POINT('',(-6.75,-0.,-0.));
#1973=CARTESIAN_POINT('',(-6.75,-0.,-0.));
#1974=CARTESIAN_POINT('',(-7.55,-0.,-0.));
#1975=CARTESIAN_POINT('',(-7.55,-0.,0.8));
#1976=(BOUNDED_SURFACE()
B_SPLINE_SURFACE(2,2,((#1951,#1952,#1953,#1954,#1955),(#1956,#1957,#1958,#1959,#1960),(#1961,#1962,#1963,#1964,#1965),(#1966,#1967,#1968,#1969,#1970),(#1971,#1972,#1973,#1974,#1975)),.UNSPECIFIED.,.F.,.F.,.U.)
B_SPLINE_SURFACE_WITH_KNOTS((3,2,3),(3,2,3),(0.,2.094395102,3.141592654),(4.7123889795,4.712388980385,6.283185307),.UNSPECIFIED.)
GEOMETRIC_REPRESENTATION_ITEM()
RATIONAL_B_SPLINE_SURFACE(((1.,1.,1.,0.707106781,1.),(0.5,0.5,0.5,0.353553391,0.5),(1.,1.,1.,0.707106781,1.),(0.75,0.75,0.75,0.530330086,0.75),(0.75,0.75,0.75,0.530330086,0.75)))
REPRESENTATION_ITEM('')
SURFACE()
);
#1977=CARTESIAN_POINT('',(7.55,0.,0.8));
#1978=CARTESIAN_POINT('',(7.55,0.,-0.));
#1979=CARTESIAN_POINT('',(6.75,0.,0.));
#1980=(BOUNDED_CURVE()
B_SPLINE_CURVE(2,(#1977,#1978,#1979),.UNSPECIFIED.,.F.,.F.)
B_SPLINE_CURVE_WITH_KNOTS((3,3),(0.,1.570796327),.UNSPECIFIED.)
CURVE()
GEOMETRIC_REPRESENTATION_ITEM()
RATIONAL_B_SPLINE_CURVE((1.,0.707106781,1.))
REPRESENTATION_ITEM(''));
#1981=EDGE_CURVE('',#1604,#1825,#1980,.T.);
#1982=ORIENTED_EDGE('',*,*,#1981,.T.);
#1983=ORIENTED_EDGE('',*,*,#1836,.F.);
#1984=CARTESIAN_POINT('',(-6.75,0.,0.));
#1985=CARTESIAN_POINT('',(-7.08137085,0.,0.));
#1986=CARTESIAN_POINT('',(-7.315685425,0.,0.234314575));
#1987=CARTESIAN_POINT('',(-7.55,0.,0.46862915));
#1988=CARTESIAN_POINT('',(-7.55,0.,0.8));
#1989=(BOUNDED_CURVE()
B_SPLINE_CURVE(2,(#1984,#1985,#1986,#1987,#1988),.UNSPECIFIED.,.F.,.F.)
B_SPLINE_CURVE_WITH_KNOTS((3,2,3),(3.141592654,3.926990817,4.71238898),.UNSPECIFIED.)
CURVE()
GEOMETRIC_REPRESENTATION_ITEM()
RATIONAL_B_SPLINE_CURVE((1.,0.923879533,1.,0.923879533,1.))
REPRESENTATION_ITEM(''));
#1990=EDGE_CURVE('',#1823,#1597,#1989,.T.);
#1991=ORIENTED_EDGE('',*,*,#1990,.T.);
#1992=ORIENTED_EDGE('',*,*,#1627,.F.);
#1993=EDGE_LOOP('',(#1982,#1983,#1991,#1992));
#1994=FACE_BOUND('',#1993,.T.);
#1995=ADVANCED_FACE('',(#1994),#1976,.T.);
#1996=CARTESIAN_POINT('',(7.55,0.,44.2));
#1997=CARTESIAN_POINT('',(7.55,0.,45.));
#1998=CARTESIAN_POINT('',(6.75,0.,45.));
#1999=CARTESIAN_POINT('',(7.55,13.076983597,44.2));
#2000=CARTESIAN_POINT('',(7.55,13.076983597,45.));
#2001=CARTESIAN_POINT('',(6.75,11.691342951,45.));
#2002=CARTESIAN_POINT('',(-3.775,6.538491799,44.2));
#2003=CARTESIAN_POINT('',(-3.775,6.538491799,45.));
#2004=CARTESIAN_POINT('',(-3.375,5.845671476,45.));
#2005=CARTESIAN_POINT('',(-7.55,4.358994532,44.2));
#2006=CARTESIAN_POINT('',(-7.55,4.358994532,45.));
#2007=CARTESIAN_POINT('',(-6.75,3.897114317,45.));
#2008=CARTESIAN_POINT('',(-7.55,-0.,44.2));
#2009=CARTESIAN_POINT('',(-7.55,-0.,45.));
#2010=CARTESIAN_POINT('',(-6.75,-0.,45.));
#2011=(BOUNDED_SURFACE()
B_SPLINE_SURFACE(2,2,((#1996,#1997,#1998),(#1999,#2000,#2001),(#2002,#2003,#2004),(#2005,#2006,#2007),(#2008,#2009,#2010)),.UNSPECIFIED.,.F.,.F.,.U.)
B_SPLINE_SURFACE_WITH_KNOTS((3,2,3),(3,3),(0.,2.094395102,3.141592654),(0.,1.570796327),.UNSPECIFIED.)
GEOMETRIC_REPRESENTATION_ITEM()
RATIONAL_B_SPLINE_SURFACE(((1.,0.707106781,1.),(0.5,0.353553391,0.5),(1.,0.707106781,1.),(0.75,0.530330086,0.75),(0.75,0.530330086,0.75)))
REPRESENTATION_ITEM('')
SURFACE()
);
#2012=CARTESIAN_POINT('',(6.75,0.,45.));
#2013=CARTESIAN_POINT('',(7.55,0.,45.));
#2014=CARTESIAN_POINT('',(7.55,0.,44.2));
#2015=(BOUNDED_CURVE()
B_SPLINE_CURVE(2,(#2012,#2013,#2014),.UNSPECIFIED.,.F.,.F.)
B_SPLINE_CURVE_WITH_KNOTS((3,3),(4.71238898,6.283185307),.UNSPECIFIED.)
CURVE()
GEOMETRIC_REPRESENTATION_ITEM()
RATIONAL_B_SPLINE_CURVE((1.,0.707106781,1.))
REPRESENTATION_ITEM(''));
#2016=EDGE_CURVE('',#1691,#1631,#2015,.T.);
#2017=ORIENTED_EDGE('',*,*,#2016,.T.);
#2018=ORIENTED_EDGE('',*,*,#1642,.F.);
#2019=CARTESIAN_POINT('',(-7.55,0.,44.2));
#2020=CARTESIAN_POINT('',(-7.55,0.,45.));
#2021=CARTESIAN_POINT('',(-6.75,0.,45.));
#2022=(BOUNDED_CURVE()
B_SPLINE_CURVE(2,(#2019,#2020,#2021),.UNSPECIFIED.,.F.,.F.)
B_SPLINE_CURVE_WITH_KNOTS((3,3),(4.71238898,6.283185307),.UNSPECIFIED.)
CURVE()
GEOMETRIC_REPRESENTATION_ITEM()
RATIONAL_B_SPLINE_CURVE((1.,0.707106781,1.))
REPRESENTATION_ITEM(''));
#2023=EDGE_CURVE('',#1595,#1689,#2022,.T.);
#2024=ORIENTED_EDGE('',*,*,#2023,.T.);
#2025=ORIENTED_EDGE('',*,*,#1714,.F.);
#2026=EDGE_LOOP('',(#2017,#2018,#2024,#2025));
#2027=FACE_BOUND('',#2026,.T.);
#2028=ADVANCED_FACE('',(#2027),#2011,.T.);
#2029=CARTESIAN_POINT('',(3.059080262,2.577213214,44.64));
#2030=CARTESIAN_POINT('',(3.334397486,2.809162403,45.));
#2031=CARTESIAN_POINT('',(2.421926939,3.333496452,44.64));
#2032=CARTESIAN_POINT('',(2.639900364,3.633511132,45.));
#2033=CARTESIAN_POINT('',(1.505767633,3.705760898,44.64));
#2034=CARTESIAN_POINT('',(1.64128672,4.039279379,45.));
#2035=(BOUNDED_SURFACE()
B_SPLINE_SURFACE(2,1,((#2029,#2030),(#2031,#2032),(#2033,#2034)),.UNSPECIFIED.,.F.,.F.,.U.)
B_SPLINE_SURFACE_WITH_KNOTS((3,3),(2,2),(0.729227182,1.172226218),(-0.,0.00036),.UNSPECIFIED.)
GEOMETRIC_REPRESENTATION_ITEM()
RATIONAL_B_SPLINE_SURFACE(((0.773049212,0.773049212),(0.740936853,0.740936853),(0.753563707,0.753563707)))
REPRESENTATION_ITEM('')
SURFACE()
);
#2036=ORIENTED_EDGE('',*,*,#1024,.F.);
#2037=ORIENTED_EDGE('',*,*,#1723,.F.);
#2038=ORIENTED_EDGE('',*,*,#936,.F.);
#2039=ORIENTED_EDGE('',*,*,#978,.F.);
#2040=EDGE_LOOP('',(#2036,#2037,#2038,#2039));
#2041=FACE_BOUND('',#2040,.T.);
#2042=ADVANCED_FACE('',(#2041),#2035,.F.);
#2043=CARTESIAN_POINT('',(0.96,3.883091552,44.64));
#2044=CARTESIAN_POINT('',(1.0464,4.232569792,45.));
#2045=CARTESIAN_POINT('',(-0.,4.120428217,44.64));
#2046=CARTESIAN_POINT('',(-0.,4.491266757,45.));
#2047=CARTESIAN_POINT('',(-0.96,3.883091552,44.64));
#2048=CARTESIAN_POINT('',(-1.0464,4.232569792,45.));
#2049=(BOUNDED_SURFACE()
B_SPLINE_SURFACE(2,1,((#2043,#2044),(#2045,#2046),(#2047,#2048)),.UNSPECIFIED.,.F.,.F.,.U.)
B_SPLINE_SURFACE_WITH_KNOTS((3,3),(2,2),(1.303942038,1.77793186),(-0.,0.00036),.UNSPECIFIED.)
GEOMETRIC_REPRESENTATION_ITEM()
RATIONAL_B_SPLINE_SURFACE(((0.765027441,0.765027441),(0.792770408,0.792770408),(0.871731162,0.871731162)))
REPRESENTATION_ITEM('')
SURFACE()
);
#2050=ORIENTED_EDGE('',*,*,#864,.F.);
#2051=ORIENTED_EDGE('',*,*,#1810,.F.);
#2052=ORIENTED_EDGE('',*,*,#780,.F.);
#2053=ORIENTED_EDGE('',*,*,#818,.F.);
#2054=EDGE_LOOP('',(#2050,#2051,#2052,#2053));
#2055=FACE_BOUND('',#2054,.T.);
#2056=ADVANCED_FACE('',(#2055),#2049,.F.);
#2057=CARTESIAN_POINT('',(-1.505767633,3.705760898,44.64));
#2058=CARTESIAN_POINT('',(-1.64128672,4.039279379,45.));
#2059=CARTESIAN_POINT('',(-1.761212835,3.601965449,44.64));
#2060=CARTESIAN_POINT('',(-1.91972199,3.926142339,45.));
#2061=CARTESIAN_POINT('',(-2.,3.464101615,44.64));
#2062=CARTESIAN_POINT('',(-2.18,3.775870761,45.));
#2063=CARTESIAN_POINT('',(-2.607278672,3.11348911,44.64));
#2064=CARTESIAN_POINT('',(-2.841933752,3.39370313,45.));
#2065=CARTESIAN_POINT('',(-3.059080262,2.577213214,44.64));
#2066=CARTESIAN_POINT('',(-3.334397486,2.809162403,45.));
#2067=(BOUNDED_SURFACE()
B_SPLINE_SURFACE(2,1,((#2057,#2058),(#2059,#2060),(#2061,#2062),(#2063,#2064),(#2065,#2066)),.UNSPECIFIED.,.F.,.F.,.U.)
B_SPLINE_SURFACE_WITH_KNOTS((3,2,3),(2,2),(1.934070778,2.094395102,2.479389149),(-0.,0.00036),.UNSPECIFIED.)
GEOMETRIC_REPRESENTATION_ITEM()
RATIONAL_B_SPLINE_SURFACE(((0.929310558,0.929310558),(0.961725387,0.961725387),(1.,1.),(0.908089442,0.908089442),(0.849969086,0.849969086)))
REPRESENTATION_ITEM('')
SURFACE()
);
#2068=ORIENTED_EDGE('',*,*,#708,.F.);
#2069=ORIENTED_EDGE('',*,*,#1801,.F.);
#2070=ORIENTED_EDGE('',*,*,#624,.F.);
#2071=ORIENTED_EDGE('',*,*,#662,.F.);
#2072=EDGE_LOOP('',(#2068,#2069,#2070,#2071));
#2073=FACE_BOUND('',#2072,.T.);
#2074=ADVANCED_FACE('',(#2073),#2067,.F.);
#2075=CARTESIAN_POINT('',(-3.396383209,2.112955536,44.64));
#2076=CARTESIAN_POINT('',(-3.702057698,2.303121534,45.));
#2077=CARTESIAN_POINT('',(-3.918760106,1.273282343,44.64));
#2078=CARTESIAN_POINT('',(-4.271448515,1.387877754,45.));
#2079=CARTESIAN_POINT('',(-3.989695838,0.286927025,44.64));
#2080=CARTESIAN_POINT('',(-4.348768464,0.312750457,45.));
#2081=(BOUNDED_SURFACE()
B_SPLINE_SURFACE(2,1,((#2075,#2076),(#2077,#2078),(#2079,#2080)),.UNSPECIFIED.,.F.,.F.,.U.)
B_SPLINE_SURFACE_WITH_KNOTS((3,3),(2,2),(2.62343705,3.076455248),(-0.,0.00036),.UNSPECIFIED.)
GEOMETRIC_REPRESENTATION_ITEM()
RATIONAL_B_SPLINE_SURFACE(((0.811207293,0.811207293),(0.757694376,0.757694376),(0.750967261,0.750967261)))
REPRESENTATION_ITEM('')
SURFACE()
);
#2082=ORIENTED_EDGE('',*,*,#552,.F.);
#2083=ORIENTED_EDGE('',*,*,#1792,.F.);
#2084=ORIENTED_EDGE('',*,*,#468,.F.);
#2085=ORIENTED_EDGE('',*,*,#506,.F.);
#2086=EDGE_LOOP('',(#2082,#2083,#2084,#2085));
#2087=FACE_BOUND('',#2086,.T.);
#2088=ADVANCED_FACE('',(#2087),#2081,.F.);
#2089=CARTESIAN_POINT('',(-3.989695838,-0.286927025,44.64));
#2090=CARTESIAN_POINT('',(-4.348768464,-0.312750457,45.));
#2091=CARTESIAN_POINT('',(-3.918760106,-1.273282343,44.64));
#2092=CARTESIAN_POINT('',(-4.271448515,-1.387877754,45.));
#2093=CARTESIAN_POINT('',(-3.396383209,-2.112955536,44.64));
#2094=CARTESIAN_POINT('',(-3.702057698,-2.303121534,45.));
#2095=(BOUNDED_SURFACE()
B_SPLINE_SURFACE(2,1,((#2089,#2090),(#2091,#2092),(#2093,#2094)),.UNSPECIFIED.,.F.,.F.,.U.)
B_SPLINE_SURFACE_WITH_KNOTS((3,3),(2,2),(3.206730059,3.659748257),(-0.,0.00036),.UNSPECIFIED.)
GEOMETRIC_REPRESENTATION_ITEM()
RATIONAL_B_SPLINE_SURFACE(((0.750967261,0.750967261),(0.757694376,0.757694376),(0.811207293,0.811207293)))
REPRESENTATION_ITEM('')
SURFACE()
);
#2096=ORIENTED_EDGE('',*,*,#388,.F.);
#2097=ORIENTED_EDGE('',*,*,#1777,.F.);
#2098=ORIENTED_EDGE('',*,*,#304,.F.);
#2099=ORIENTED_EDGE('',*,*,#342,.F.);
#2100=EDGE_LOOP('',(#2096,#2097,#2098,#2099));
#2101=FACE_BOUND('',#2100,.T.);
#2102=ADVANCED_FACE('',(#2101),#2095,.F.);
#2103=CARTESIAN_POINT('',(-3.059080262,-2.577213214,44.64));
#2104=CARTESIAN_POINT('',(-3.334397486,-2.809162403,45.));
#2105=CARTESIAN_POINT('',(-2.607278672,-3.11348911,44.64));
#2106=CARTESIAN_POINT('',(-2.841933752,-3.39370313,45.));
#2107=CARTESIAN_POINT('',(-2.,-3.464101615,44.64));
#2108=CARTESIAN_POINT('',(-2.18,-3.775870761,45.));
#2109=CARTESIAN_POINT('',(-1.761212835,-3.601965449,44.64));
#2110=CARTESIAN_POINT('',(-1.91972199,-3.926142339,45.));
#2111=CARTESIAN_POINT('',(-1.505767633,-3.705760898,44.64));
#2112=CARTESIAN_POINT('',(-1.64128672,-4.039279379,45.));
#2113=(BOUNDED_SURFACE()
B_SPLINE_SURFACE(2,1,((#2103,#2104),(#2105,#2106),(#2107,#2108),(#2109,#2110),(#2111,#2112)),.UNSPECIFIED.,.F.,.F.,.U.)
B_SPLINE_SURFACE_WITH_KNOTS((3,2,3),(2,2),(3.803796158,4.188790205,4.349114529),(-0.,0.00036),.UNSPECIFIED.)
GEOMETRIC_REPRESENTATION_ITEM()
RATIONAL_B_SPLINE_SURFACE(((0.849969086,0.849969086),(0.908089442,0.908089442),(1.,1.),(0.961725387,0.961725387),(0.929310558,0.929310558)))
REPRESENTATION_ITEM('')
SURFACE()
);
#2114=ORIENTED_EDGE('',*,*,#232,.F.);
#2115=ORIENTED_EDGE('',*,*,#1768,.F.);
#2116=ORIENTED_EDGE('',*,*,#148,.F.);
#2117=ORIENTED_EDGE('',*,*,#186,.F.);
#2118=EDGE_LOOP('',(#2114,#2115,#2116,#2117));
#2119=FACE_BOUND('',#2118,.T.);
#2120=ADVANCED_FACE('',(#2119),#2113,.F.);
#2121=CARTESIAN_POINT('',(-0.96,-3.883091552,44.64));
#2122=CARTESIAN_POINT('',(-1.0464,-4.232569792,45.));
#2123=CARTESIAN_POINT('',(0.,-4.120428217,44.64));
#2124=CARTESIAN_POINT('',(0.,-4.491266757,45.));
#2125=CARTESIAN_POINT('',(0.96,-3.883091552,44.64));
#2126=CARTESIAN_POINT('',(1.0464,-4.232569791,45.));
#2127=(BOUNDED_SURFACE()
B_SPLINE_SURFACE(2,1,((#2121,#2122),(#2123,#2124),(#2125,#2126)),.UNSPECIFIED.,.F.,.F.,.U.)
B_SPLINE_SURFACE_WITH_KNOTS((3,3),(2,2),(4.505253448,4.979243269),(-0.,0.00036),.UNSPECIFIED.)
GEOMETRIC_REPRESENTATION_ITEM()
RATIONAL_B_SPLINE_SURFACE(((0.871731162,0.871731162),(0.792770408,0.792770408),(0.765027441,0.765027441)))
REPRESENTATION_ITEM('')
SURFACE()
);
#2128=ORIENTED_EDGE('',*,*,#76,.F.);
#2129=ORIENTED_EDGE('',*,*,#1759,.F.);
#2130=ORIENTED_EDGE('',*,*,#1568,.F.);
#2131=ORIENTED_EDGE('',*,*,#1678,.F.);
#2132=EDGE_LOOP('',(#2128,#2129,#2130,#2131));
#2133=FACE_BOUND('',#2132,.T.);
#2134=ADVANCED_FACE('',(#2133),#2127,.F.);
#2135=CARTESIAN_POINT('',(1.505767633,-3.705760898,44.64));
#2136=CARTESIAN_POINT('',(1.64128672,-4.039279379,45.));
#2137=CARTESIAN_POINT('',(2.421926939,-3.333496452,44.64));
#2138=CARTESIAN_POINT('',(2.639900364,-3.633511132,45.));
#2139=CARTESIAN_POINT('',(3.059080262,-2.577213214,44.64));
#2140=CARTESIAN_POINT('',(3.334397486,-2.809162403,45.));
#2141=(BOUNDED_SURFACE()
B_SPLINE_SURFACE(2,1,((#2135,#2136),(#2137,#2138),(#2139,#2140)),.UNSPECIFIED.,.F.,.F.,.U.)
B_SPLINE_SURFACE_WITH_KNOTS((3,3),(2,2),(5.110959089,5.553958125),(-0.,0.00036),.UNSPECIFIED.)
GEOMETRIC_REPRESENTATION_ITEM()
RATIONAL_B_SPLINE_SURFACE(((0.753563707,0.753563707),(0.740936853,0.740936853),(0.773049212,0.773049212)))
REPRESENTATION_ITEM('')
SURFACE()
);
#2142=ORIENTED_EDGE('',*,*,#1496,.F.);
#2143=ORIENTED_EDGE('',*,*,#1750,.F.);
#2144=ORIENTED_EDGE('',*,*,#1408,.F.);
#2145=ORIENTED_EDGE('',*,*,#1450,.F.);
#2146=EDGE_LOOP('',(#2142,#2143,#2144,#2145));
#2147=FACE_BOUND('',#2146,.T.);
#2148=ADVANCED_FACE('',(#2147),#2141,.F.);
#2149=CARTESIAN_POINT('',(3.396383209,-2.112955536,44.64));
#2150=CARTESIAN_POINT('',(3.702057698,-2.303121534,45.));
#2151=CARTESIAN_POINT('',(3.918760106,-1.273282343,44.64));
#2152=CARTESIAN_POINT('',(4.271448515,-1.387877754,45.));
#2153=CARTESIAN_POINT('',(3.989695838,-0.286927025,44.64));
#2154=CARTESIAN_POINT('',(4.348768464,-0.312750457,45.));
#2155=(BOUNDED_SURFACE()
B_SPLINE_SURFACE(2,1,((#2149,#2150),(#2151,#2152),(#2153,#2154)),.UNSPECIFIED.,.F.,.F.,.U.)
B_SPLINE_SURFACE_WITH_KNOTS((3,3),(2,2),(5.690126724,6.198099591),(-0.,0.00036),.UNSPECIFIED.)
GEOMETRIC_REPRESENTATION_ITEM()
RATIONAL_B_SPLINE_SURFACE(((0.797017584,0.797017584),(0.84960866,0.84960866),(0.961024989,0.961024989)))
REPRESENTATION_ITEM('')
SURFACE()
);
#2156=ORIENTED_EDGE('',*,*,#1336,.F.);
#2157=ORIENTED_EDGE('',*,*,#1741,.F.);
#2158=ORIENTED_EDGE('',*,*,#1252,.F.);
#2159=ORIENTED_EDGE('',*,*,#1290,.F.);
#2160=EDGE_LOOP('',(#2156,#2157,#2158,#2159));
#2161=FACE_BOUND('',#2160,.T.);
#2162=ADVANCED_FACE('',(#2161),#2155,.F.);
#2163=CARTESIAN_POINT('',(3.989695838,0.286927025,44.64));
#2164=CARTESIAN_POINT('',(4.348768464,0.312750457,45.));
#2165=CARTESIAN_POINT('',(3.918760106,1.273282343,44.64));
#2166=CARTESIAN_POINT('',(4.271448515,1.387877754,45.));
#2167=CARTESIAN_POINT('',(3.396383209,2.112955536,44.64));
#2168=CARTESIAN_POINT('',(3.702057698,2.303121534,45.));
#2169=(BOUNDED_SURFACE()
B_SPLINE_SURFACE(2,1,((#2163,#2164),(#2165,#2166),(#2167,#2168)),.UNSPECIFIED.,.F.,.F.,.U.)
B_SPLINE_SURFACE_WITH_KNOTS((3,3),(2,2),(0.085085716,0.593058584),(-0.,0.00036),.UNSPECIFIED.)
GEOMETRIC_REPRESENTATION_ITEM()
RATIONAL_B_SPLINE_SURFACE(((0.961024989,0.961024989),(0.84960866,0.84960866),(0.797017584,0.797017584)))
REPRESENTATION_ITEM('')
SURFACE()
);
#2170=ORIENTED_EDGE('',*,*,#1180,.F.);
#2171=ORIENTED_EDGE('',*,*,#1732,.F.);
#2172=ORIENTED_EDGE('',*,*,#1096,.F.);
#2173=ORIENTED_EDGE('',*,*,#1134,.F.);
#2174=EDGE_LOOP('',(#2170,#2171,#2172,#2173));
#2175=FACE_BOUND('',#2174,.T.);
#2176=ADVANCED_FACE('',(#2175),#2169,.F.);
#2177=CARTESIAN_POINT('',(-3.396383209,-2.112955536,0.36));
#2178=CARTESIAN_POINT('',(-3.702057698,-2.303121534,-0.));
#2179=CARTESIAN_POINT('',(-3.918760106,-1.273282343,0.36));
#2180=CARTESIAN_POINT('',(-4.271448515,-1.387877754,-0.));
#2181=CARTESIAN_POINT('',(-3.989695838,-0.286927025,0.36));
#2182=CARTESIAN_POINT('',(-4.348768464,-0.312750457,-0.));
#2183=(BOUNDED_SURFACE()
B_SPLINE_SURFACE(2,1,((#2177,#2178),(#2179,#2180),(#2181,#2182)),.UNSPECIFIED.,.F.,.F.,.U.)
B_SPLINE_SURFACE_WITH_KNOTS((3,3),(2,2),(5.690126724,6.198099591),(-0.00036,0.),.UNSPECIFIED.)
GEOMETRIC_REPRESENTATION_ITEM()
RATIONAL_B_SPLINE_SURFACE(((0.797017584,0.797017584),(0.84960866,0.84960866),(0.961024989,0.961024989)))
REPRESENTATION_ITEM('')
SURFACE()
);
#2184=ORIENTED_EDGE('',*,*,#360,.F.);
#2185=ORIENTED_EDGE('',*,*,#329,.F.);
#2186=ORIENTED_EDGE('',*,*,#288,.F.);
#2187=ORIENTED_EDGE('',*,*,#1857,.F.);
#2188=EDGE_LOOP('',(#2184,#2185,#2186,#2187));
#2189=FACE_BOUND('',#2188,.T.);
#2190=ADVANCED_FACE('',(#2189),#2183,.F.);
#2191=CARTESIAN_POINT('',(-3.989695838,0.286927025,0.36));
#2192=CARTESIAN_POINT('',(-4.348768464,0.312750457,-0.));
#2193=CARTESIAN_POINT('',(-3.918760106,1.273282343,0.36));
#2194=CARTESIAN_POINT('',(-4.271448515,1.387877754,-0.));
#2195=CARTESIAN_POINT('',(-3.396383209,2.112955536,0.36));
#2196=CARTESIAN_POINT('',(-3.702057698,2.303121534,-0.));
#2197=(BOUNDED_SURFACE()
B_SPLINE_SURFACE(2,1,((#2191,#2192),(#2193,#2194),(#2195,#2196)),.UNSPECIFIED.,.F.,.F.,.U.)
B_SPLINE_SURFACE_WITH_KNOTS((3,3),(2,2),(0.085085716,0.593058584),(-0.00036,0.),.UNSPECIFIED.)
GEOMETRIC_REPRESENTATION_ITEM()
RATIONAL_B_SPLINE_SURFACE(((0.961024989,0.961024989),(0.84960866,0.84960866),(0.797017584,0.797017584)))
REPRESENTATION_ITEM('')
SURFACE()
);
#2198=ORIENTED_EDGE('',*,*,#524,.F.);
#2199=ORIENTED_EDGE('',*,*,#493,.F.);
#2200=ORIENTED_EDGE('',*,*,#452,.F.);
#2201=ORIENTED_EDGE('',*,*,#1938,.F.);
#2202=EDGE_LOOP('',(#2198,#2199,#2200,#2201));
#2203=FACE_BOUND('',#2202,.T.);
#2204=ADVANCED_FACE('',(#2203),#2197,.F.);
#2205=CARTESIAN_POINT('',(-3.059080262,2.577213214,0.36));
#2206=CARTESIAN_POINT('',(-3.334397486,2.809162403,-0.));
#2207=CARTESIAN_POINT('',(-2.421926939,3.333496452,0.36));
#2208=CARTESIAN_POINT('',(-2.639900364,3.633511132,-0.));
#2209=CARTESIAN_POINT('',(-1.505767633,3.705760898,0.36));
#2210=CARTESIAN_POINT('',(-1.64128672,4.039279379,-0.));
#2211=(BOUNDED_SURFACE()
B_SPLINE_SURFACE(2,1,((#2205,#2206),(#2207,#2208),(#2209,#2210)),.UNSPECIFIED.,.F.,.F.,.U.)
B_SPLINE_SURFACE_WITH_KNOTS((3,3),(2,2),(0.729227182,1.172226218),(-0.00036,0.),.UNSPECIFIED.)
GEOMETRIC_REPRESENTATION_ITEM()
RATIONAL_B_SPLINE_SURFACE(((0.773049212,0.773049212),(0.740936853,0.740936853),(0.753563707,0.753563707)))
REPRESENTATION_ITEM('')
SURFACE()
);
#2212=ORIENTED_EDGE('',*,*,#680,.F.);
#2213=ORIENTED_EDGE('',*,*,#649,.F.);
#2214=ORIENTED_EDGE('',*,*,#608,.F.);
#2215=ORIENTED_EDGE('',*,*,#1929,.F.);
#2216=EDGE_LOOP('',(#2212,#2213,#2214,#2215));
#2217=FACE_BOUND('',#2216,.T.);
#2218=ADVANCED_FACE('',(#2217),#2211,.F.);
#2219=CARTESIAN_POINT('',(-0.96,3.883091552,0.36));
#2220=CARTESIAN_POINT('',(-1.0464,4.232569792,-0.));
#2221=CARTESIAN_POINT('',(0.,4.120428217,0.36));
#2222=CARTESIAN_POINT('',(0.,4.491266757,-0.));
#2223=CARTESIAN_POINT('',(0.96,3.883091552,0.36));
#2224=CARTESIAN_POINT('',(1.0464,4.232569792,-0.));
#2225=(BOUNDED_SURFACE()
B_SPLINE_SURFACE(2,1,((#2219,#2220),(#2221,#2222),(#2223,#2224)),.UNSPECIFIED.,.F.,.F.,.U.)
B_SPLINE_SURFACE_WITH_KNOTS((3,3),(2,2),(1.303942038,1.77793186),(-0.00036,0.),.UNSPECIFIED.)
GEOMETRIC_REPRESENTATION_ITEM()
RATIONAL_B_SPLINE_SURFACE(((0.765027441,0.765027441),(0.792770408,0.792770408),(0.871731162,0.871731162)))
REPRESENTATION_ITEM('')
SURFACE()
);
#2226=ORIENTED_EDGE('',*,*,#836,.F.);
#2227=ORIENTED_EDGE('',*,*,#805,.F.);
#2228=ORIENTED_EDGE('',*,*,#764,.F.);
#2229=ORIENTED_EDGE('',*,*,#1920,.F.);
#2230=EDGE_LOOP('',(#2226,#2227,#2228,#2229));
#2231=FACE_BOUND('',#2230,.T.);
#2232=ADVANCED_FACE('',(#2231),#2225,.F.);
#2233=CARTESIAN_POINT('',(1.505767633,3.705760898,0.36));
#2234=CARTESIAN_POINT('',(1.64128672,4.039279379,-0.));
#2235=CARTESIAN_POINT('',(1.761212835,3.601965449,0.36));
#2236=CARTESIAN_POINT('',(1.91972199,3.926142339,-0.));
#2237=CARTESIAN_POINT('',(2.,3.464101615,0.36));
#2238=CARTESIAN_POINT('',(2.18,3.775870761,-0.));
#2239=CARTESIAN_POINT('',(2.607278672,3.11348911,0.36));
#2240=CARTESIAN_POINT('',(2.841933752,3.39370313,-0.));
#2241=CARTESIAN_POINT('',(3.059080262,2.577213214,0.36));
#2242=CARTESIAN_POINT('',(3.334397486,2.809162403,-0.));
#2243=(BOUNDED_SURFACE()
B_SPLINE_SURFACE(2,1,((#2233,#2234),(#2235,#2236),(#2237,#2238),(#2239,#2240),(#2241,#2242)),.UNSPECIFIED.,.F.,.F.,.U.)
B_SPLINE_SURFACE_WITH_KNOTS((3,2,3),(2,2),(1.934070778,2.094395102,2.479389149),(-0.00036,0.),.UNSPECIFIED.)
GEOMETRIC_REPRESENTATION_ITEM()
RATIONAL_B_SPLINE_SURFACE(((0.929310558,0.929310558),(0.961725387,0.961725387),(1.,1.),(0.908089442,0.908089442),(0.849969086,0.849969086)))
REPRESENTATION_ITEM('')
SURFACE()
);
#2244=ORIENTED_EDGE('',*,*,#996,.F.);
#2245=ORIENTED_EDGE('',*,*,#965,.F.);
#2246=ORIENTED_EDGE('',*,*,#920,.F.);
#2247=ORIENTED_EDGE('',*,*,#1911,.F.);
#2248=EDGE_LOOP('',(#2244,#2245,#2246,#2247));
#2249=FACE_BOUND('',#2248,.T.);
#2250=ADVANCED_FACE('',(#2249),#2243,.F.);
#2251=CARTESIAN_POINT('',(3.396383209,2.112955536,0.36));
#2252=CARTESIAN_POINT('',(3.702057698,2.303121534,-0.));
#2253=CARTESIAN_POINT('',(3.918760106,1.273282343,0.36));
#2254=CARTESIAN_POINT('',(4.271448515,1.387877754,-0.));
#2255=CARTESIAN_POINT('',(3.989695838,0.286927025,0.36));
#2256=CARTESIAN_POINT('',(4.348768464,0.312750457,-0.));
#2257=(BOUNDED_SURFACE()
B_SPLINE_SURFACE(2,1,((#2251,#2252),(#2253,#2254),(#2255,#2256)),.UNSPECIFIED.,.F.,.F.,.U.)
B_SPLINE_SURFACE_WITH_KNOTS((3,3),(2,2),(2.62343705,3.076455248),(-0.00036,0.),.UNSPECIFIED.)
GEOMETRIC_REPRESENTATION_ITEM()
RATIONAL_B_SPLINE_SURFACE(((0.811207293,0.811207293),(0.757694376,0.757694376),(0.750967261,0.750967261)))
REPRESENTATION_ITEM('')
SURFACE()
);
#2258=ORIENTED_EDGE('',*,*,#1152,.F.);
#2259=ORIENTED_EDGE('',*,*,#1121,.F.);
#2260=ORIENTED_EDGE('',*,*,#1080,.F.);
#2261=ORIENTED_EDGE('',*,*,#1902,.F.);
#2262=EDGE_LOOP('',(#2258,#2259,#2260,#2261));
#2263=FACE_BOUND('',#2262,.T.);
#2264=ADVANCED_FACE('',(#2263),#2257,.F.);
#2265=CARTESIAN_POINT('',(3.989695838,-0.286927025,0.36));
#2266=CARTESIAN_POINT('',(4.348768464,-0.312750457,-0.));
#2267=CARTESIAN_POINT('',(3.918760106,-1.273282343,0.36));
#2268=CARTESIAN_POINT('',(4.271448515,-1.387877754,-0.));
#2269=CARTESIAN_POINT('',(3.396383209,-2.112955536,0.36));
#2270=CARTESIAN_POINT('',(3.702057698,-2.303121534,-0.));
#2271=(BOUNDED_SURFACE()
B_SPLINE_SURFACE(2,1,((#2265,#2266),(#2267,#2268),(#2269,#2270)),.UNSPECIFIED.,.F.,.F.,.U.)
B_SPLINE_SURFACE_WITH_KNOTS((3,3),(2,2),(3.206730059,3.659748257),(-0.00036,0.),.UNSPECIFIED.)
GEOMETRIC_REPRESENTATION_ITEM()
RATIONAL_B_SPLINE_SURFACE(((0.750967261,0.750967261),(0.757694376,0.757694376),(0.811207293,0.811207293)))
REPRESENTATION_ITEM('')
SURFACE()
);
#2272=ORIENTED_EDGE('',*,*,#1308,.F.);
#2273=ORIENTED_EDGE('',*,*,#1277,.F.);
#2274=ORIENTED_EDGE('',*,*,#1236,.F.);
#2275=ORIENTED_EDGE('',*,*,#1893,.F.);
#2276=EDGE_LOOP('',(#2272,#2273,#2274,#2275));
#2277=FACE_BOUND('',#2276,.T.);
#2278=ADVANCED_FACE('',(#2277),#2271,.F.);
#2279=CARTESIAN_POINT('',(3.059080262,-2.577213214,0.36));
#2280=CARTESIAN_POINT('',(3.334397486,-2.809162403,-0.));
#2281=CARTESIAN_POINT('',(2.607278672,-3.11348911,0.36));
#2282=CARTESIAN_POINT('',(2.841933752,-3.39370313,-0.));
#2283=CARTESIAN_POINT('',(2.,-3.464101615,0.36));
#2284=CARTESIAN_POINT('',(2.18,-3.775870761,-0.));
#2285=CARTESIAN_POINT('',(1.761212835,-3.601965449,0.36));
#2286=CARTESIAN_POINT('',(1.91972199,-3.926142339,-0.));
#2287=CARTESIAN_POINT('',(1.505767633,-3.705760898,0.36));
#2288=CARTESIAN_POINT('',(1.64128672,-4.039279379,-0.));
#2289=(BOUNDED_SURFACE()
B_SPLINE_SURFACE(2,1,((#2279,#2280),(#2281,#2282),(#2283,#2284),(#2285,#2286),(#2287,#2288)),.UNSPECIFIED.,.F.,.F.,.U.)
B_SPLINE_SURFACE_WITH_KNOTS((3,2,3),(2,2),(3.803796158,4.188790205,4.349114529),(-0.00036,0.),.UNSPECIFIED.)
GEOMETRIC_REPRESENTATION_ITEM()
RATIONAL_B_SPLINE_SURFACE(((0.849969086,0.849969086),(0.908089442,0.908089442),(1.,1.),(0.961725387,0.961725387),(0.929310558,0.929310558)))
REPRESENTATION_ITEM('')
SURFACE()
);
#2290=ORIENTED_EDGE('',*,*,#1468,.F.);
#2291=ORIENTED_EDGE('',*,*,#1437,.F.);
#2292=ORIENTED_EDGE('',*,*,#1392,.F.);
#2293=ORIENTED_EDGE('',*,*,#1884,.F.);
#2294=EDGE_LOOP('',(#2290,#2291,#2292,#2293));
#2295=FACE_BOUND('',#2294,.T.);
#2296=ADVANCED_FACE('',(#2295),#2289,.F.);
#2297=CARTESIAN_POINT('',(0.96,-3.883091552,0.36));
#2298=CARTESIAN_POINT('',(1.0464,-4.232569792,-0.));
#2299=CARTESIAN_POINT('',(-0.,-4.120428217,0.36));
#2300=CARTESIAN_POINT('',(-0.,-4.491266757,-0.));
#2301=CARTESIAN_POINT('',(-0.96,-3.883091552,0.36));
#2302=CARTESIAN_POINT('',(-1.0464,-4.232569791,-0.));
#2303=(BOUNDED_SURFACE()
B_SPLINE_SURFACE(2,1,((#2297,#2298),(#2299,#2300),(#2301,#2302)),.UNSPECIFIED.,.F.,.F.,.U.)
B_SPLINE_SURFACE_WITH_KNOTS((3,3),(2,2),(4.505253448,4.979243269),(-0.00036,0.),.UNSPECIFIED.)
GEOMETRIC_REPRESENTATION_ITEM()
RATIONAL_B_SPLINE_SURFACE(((0.871731162,0.871731162),(0.792770408,0.792770408),(0.765027441,0.765027441)))
REPRESENTATION_ITEM('')
SURFACE()
);
#2304=ORIENTED_EDGE('',*,*,#48,.F.);
#2305=ORIENTED_EDGE('',*,*,#1671,.F.);
#2306=ORIENTED_EDGE('',*,*,#1552,.F.);
#2307=ORIENTED_EDGE('',*,*,#1875,.F.);
#2308=EDGE_LOOP('',(#2304,#2305,#2306,#2307));
#2309=FACE_BOUND('',#2308,.T.);
#2310=ADVANCED_FACE('',(#2309),#2303,.F.);
#2311=CARTESIAN_POINT('',(-1.505767633,-3.705760898,0.36));
#2312=CARTESIAN_POINT('',(-1.64128672,-4.039279379,-0.));
#2313=CARTESIAN_POINT('',(-2.421926939,-3.333496452,0.36));
#2314=CARTESIAN_POINT('',(-2.639900364,-3.633511132,-0.));
#2315=CARTESIAN_POINT('',(-3.059080262,-2.577213214,0.36));
#2316=CARTESIAN_POINT('',(-3.334397486,-2.809162403,-0.));
#2317=(BOUNDED_SURFACE()
B_SPLINE_SURFACE(2,1,((#2311,#2312),(#2313,#2314),(#2315,#2316)),.UNSPECIFIED.,.F.,.F.,.U.)
B_SPLINE_SURFACE_WITH_KNOTS((3,3),(2,2),(5.110959089,5.553958125),(-0.00036,0.),.UNSPECIFIED.)
GEOMETRIC_REPRESENTATION_ITEM()
RATIONAL_B_SPLINE_SURFACE(((0.753563707,0.753563707),(0.740936853,0.740936853),(0.773049212,0.773049212)))
REPRESENTATION_ITEM('')
SURFACE()
);
#2318=ORIENTED_EDGE('',*,*,#204,.F.);
#2319=ORIENTED_EDGE('',*,*,#173,.F.);
#2320=ORIENTED_EDGE('',*,*,#132,.F.);
#2321=ORIENTED_EDGE('',*,*,#1866,.F.);
#2322=EDGE_LOOP('',(#2318,#2319,#2320,#2321));
#2323=FACE_BOUND('',#2322,.T.);
#2324=ADVANCED_FACE('',(#2323),#2317,.F.);
#2325=CARTESIAN_POINT('',(-5.524422888,-0.785590071,45.));
#2326=CARTESIAN_POINT('',(-5.524422888,-0.785590071,-0.));
#2327=CARTESIAN_POINT('',(-5.58,-0.394760956,45.));
#2328=CARTESIAN_POINT('',(-5.58,-0.394760956,-0.));
#2329=CARTESIAN_POINT('',(-5.58,-0.,45.));
#2330=CARTESIAN_POINT('',(-5.58,-0.,-0.));
#2331=(BOUNDED_SURFACE()
B_SPLINE_SURFACE(2,1,((#2325,#2326),(#2327,#2328),(#2329,#2330)),.UNSPECIFIED.,.F.,.F.,.U.)
B_SPLINE_SURFACE_WITH_KNOTS((3,3),(2,2),(6.118807987,6.283185307),(-0.,0.045),.UNSPECIFIED.)
GEOMETRIC_REPRESENTATION_ITEM()
RATIONAL_B_SPLINE_SURFACE(((0.92767541,0.92767541),(0.960757805,0.960757805),(1.,1.)))
REPRESENTATION_ITEM('')
SURFACE()
);
#2332=ORIENTED_EDGE('',*,*,#407,.T.);
#2333=ORIENTED_EDGE('',*,*,#1784,.T.);
#2334=ORIENTED_EDGE('',*,*,#374,.T.);
#2335=ORIENTED_EDGE('',*,*,#1946,.F.);
#2336=EDGE_LOOP('',(#2332,#2333,#2334,#2335));
#2337=FACE_BOUND('',#2336,.T.);
#2338=ADVANCED_FACE('',(#2337),#2331,.F.);
#2339=CARTESIAN_POINT('',(-6.75,0.,-0.));
#2340=CARTESIAN_POINT('',(-7.55,0.,-0.));
#2341=CARTESIAN_POINT('',(-7.55,0.,0.8));
#2342=CARTESIAN_POINT('',(-6.75,-3.897114317,0.));
#2343=CARTESIAN_POINT('',(-7.55,-4.358994532,-0.));
#2344=CARTESIAN_POINT('',(-7.55,-4.358994532,0.8));
#2345=CARTESIAN_POINT('',(-3.375,-5.845671476,0.));
#2346=CARTESIAN_POINT('',(-3.775,-6.538491799,-0.));
#2347=CARTESIAN_POINT('',(-3.775,-6.538491799,0.8));
#2348=CARTESIAN_POINT('',(6.75,-11.691342951,0.));
#2349=CARTESIAN_POINT('',(7.55,-13.076983597,-0.));
#2350=CARTESIAN_POINT('',(7.55,-13.076983597,0.8));
#2351=CARTESIAN_POINT('',(6.75,-0.,0.));
#2352=CARTESIAN_POINT('',(7.55,-0.,-0.));
#2353=CARTESIAN_POINT('',(7.55,-0.,0.8));
#2354=(BOUNDED_SURFACE()
B_SPLINE_SURFACE(2,2,((#2339,#2340,#2341),(#2342,#2343,#2344),(#2345,#2346,#2347),(#2348,#2349,#2350),(#2351,#2352,#2353)),.UNSPECIFIED.,.F.,.F.,.U.)
B_SPLINE_SURFACE_WITH_KNOTS((3,2,3),(3,3),(3.141592654,4.188790205,6.283185307),(4.71238898,6.283185307),.UNSPECIFIED.)
GEOMETRIC_REPRESENTATION_ITEM()
RATIONAL_B_SPLINE_SURFACE(((0.75,0.530330086,0.75),(0.75,0.530330086,0.75),(1.,0.707106781,1.),(0.5,0.353553391,0.5),(1.,0.707106781,1.)))
REPRESENTATION_ITEM('')
SURFACE()
);
#2355=ORIENTED_EDGE('',*,*,#1981,.F.);
#2356=ORIENTED_EDGE('',*,*,#1615,.F.);
#2357=ORIENTED_EDGE('',*,*,#1990,.F.);
#2358=ORIENTED_EDGE('',*,*,#1848,.F.);
#2359=EDGE_LOOP('',(#2355,#2356,#2357,#2358));
#2360=FACE_BOUND('',#2359,.T.);
#2361=ADVANCED_FACE('',(#2360),#2354,.T.);
#2362=CARTESIAN_POINT('',(-7.55,0.,44.2));
#2363=CARTESIAN_POINT('',(-7.55,0.,45.));
#2364=CARTESIAN_POINT('',(-6.75,0.,45.));
#2365=CARTESIAN_POINT('',(-7.55,-4.358994532,44.2));
#2366=CARTESIAN_POINT('',(-7.55,-4.358994532,45.));
#2367=CARTESIAN_POINT('',(-6.75,-3.897114317,45.));
#2368=CARTESIAN_POINT('',(-3.775,-6.538491799,44.2));
#2369=CARTESIAN_POINT('',(-3.775,-6.538491799,45.));
#2370=CARTESIAN_POINT('',(-3.375,-5.845671476,45.));
#2371=CARTESIAN_POINT('',(7.55,-13.076983597,44.2));
#2372=CARTESIAN_POINT('',(7.55,-13.076983597,45.));
#2373=CARTESIAN_POINT('',(6.75,-11.691342951,45.));
#2374=CARTESIAN_POINT('',(7.55,-0.,44.2));
#2375=CARTESIAN_POINT('',(7.55,-0.,45.));
#2376=CARTESIAN_POINT('',(6.75,-0.,45.));
#2377=(BOUNDED_SURFACE()
B_SPLINE_SURFACE(2,2,((#2362,#2363,#2364),(#2365,#2366,#2367),(#2368,#2369,#2370),(#2371,#2372,#2373),(#2374,#2375,#2376)),.UNSPECIFIED.,.F.,.F.,.U.)
B_SPLINE_SURFACE_WITH_KNOTS((3,2,3),(3,3),(3.141592654,4.188790205,6.283185307),(0.,1.570796327),.UNSPECIFIED.)
GEOMETRIC_REPRESENTATION_ITEM()
RATIONAL_B_SPLINE_SURFACE(((0.75,0.530330086,0.75),(0.75,0.530330086,0.75),(1.,0.707106781,1.),(0.5,0.353553391,0.5),(1.,0.707106781,1.)))
REPRESENTATION_ITEM('')
SURFACE()
);
#2378=ORIENTED_EDGE('',*,*,#2016,.F.);
#2379=ORIENTED_EDGE('',*,*,#1702,.F.);
#2380=ORIENTED_EDGE('',*,*,#2023,.F.);
#2381=ORIENTED_EDGE('',*,*,#1654,.F.);
#2382=EDGE_LOOP('',(#2378,#2379,#2380,#2381));
#2383=FACE_BOUND('',#2382,.T.);
#2384=ADVANCED_FACE('',(#2383),#2377,.T.);
#2385=CLOSED_SHELL('',(#80,#112,#158,#190,#236,#268,#314,#346,#392,#432,#478,#510,#556,#588,#634,#666,#712,#744,#790,#822,#868,#900,#946,#982,#1028,#1060,
#1106,#1138,#1184,#1216,#1262,#1294,#1340,#1372,#1418,#1454,#1500,#1532,#1578,#1658,#1682,#1816,#1950,#1995,#2028,#2042,#2056,#2074,#2088,#2102,#2120,
#2134,#2148,#2162,#2176,#2190,#2204,#2218,#2232,#2250,#2264,#2278,#2296,#2310,#2324,#2338,#2361,#2384));
#2386=MANIFOLD_SOLID_BREP('\X2\04220435043B043E\X0\_1:1',#2385);
#2387=COLOUR_RGB('',0.768627465,0.768627465,0.768627465);
#2388=FILL_AREA_STYLE_COLOUR('',#2387);
#2389=FILL_AREA_STYLE('',(#2388));
#2390=SURFACE_STYLE_FILL_AREA(#2389);
#2391=SURFACE_SIDE_STYLE('',(#2390));
#2392=SURFACE_STYLE_USAGE(.BOTH.,#2391);
#2393=PRESENTATION_STYLE_ASSIGNMENT((#2392));
#26=STYLED_ITEM('',(#2393),#2386);
#2394=(NAMED_UNIT(*)PLANE_ANGLE_UNIT()SI_UNIT($,.RADIAN.));
#2395=PLANE_ANGLE_MEASURE_WITH_UNIT(PLANE_ANGLE_MEASURE(0.0174532925),#2394);
#2396=(CONVERSION_BASED_UNIT('DEGREE',#2395)NAMED_UNIT(#2397)PLANE_ANGLE_UNIT());
#2397=DIMENSIONAL_EXPONENTS(0.,0.,0.,0.,0.,0.,0.);
#2398=(NAMED_UNIT(*)SI_UNIT($,.STERADIAN.)SOLID_ANGLE_UNIT());
#2399=(LENGTH_UNIT()NAMED_UNIT(*)SI_UNIT(.MILLI.,.METRE.));
#2400=UNCERTAINTY_MEASURE_WITH_UNIT(LENGTH_MEASURE(1.000000E-03),#2399,'DISTANCE_ACCURACY_VALUE','Maximum Tolerance applied to model');
#2401=(GEOMETRIC_REPRESENTATION_CONTEXT(3)GLOBAL_UNCERTAINTY_ASSIGNED_CONTEXT((#2400))GLOBAL_UNIT_ASSIGNED_CONTEXT((#2399,#2396,#2398))REPRESENTATION_CONTEXT('','0'));
#2403=CARTESIAN_POINT('',(0.,0.,0.));
#2404=DIRECTION('',(0.,0.,1.));
#2405=DIRECTION('',(1.,0.,0.));
#2406=AXIS2_PLACEMENT_3D('',#2403,#2404,#2405);
#2417=CARTESIAN_POINT('',(0.,0.,0.));
#2418=DIRECTION('',(0.,0.,1.));
#2419=DIRECTION('',(1.,0.,-0.));
#2420=AXIS2_PLACEMENT_3D('',#2417,#2418,#2419);
#2421=ITEM_DEFINED_TRANSFORMATION('','',#2420,#2406);
#2422=(REPRESENTATION_RELATIONSHIP('','',#2407,#16)REPRESENTATION_RELATIONSHIP_WITH_TRANSFORMATION(#2421)SHAPE_REPRESENTATION_RELATIONSHIP());
#2423=NEXT_ASSEMBLY_USAGE_OCCURRENCE('Nodes_1','Nodes','Nodes',#25,#2416,$);
#2424=PRODUCT_DEFINITION_SHAPE('','',#2423);
#2425=CONTEXT_DEPENDENT_SHAPE_REPRESENTATION(#2422,#2424);
#2407=SHAPE_REPRESENTATION('Nodes',(#2406),#2401);
#2426=APPLICATION_CONTEXT('data for automotive mechanical design processes');
#2427=APPLICATION_PROTOCOL_DEFINITION('international standard','automotive_design',1994,#2426);
#2428=PRODUCT_CONTEXT('',#2426,'mechanical');
#2429=PRODUCT_DEFINITION_CONTEXT('part definition',#2426,'design');
#2415=PRODUCT('0','0','',(#2428));
#2430=PRODUCT_RELATED_PRODUCT_CATEGORY('part','',(#2415));
#2431=PRODUCT_DEFINITION_FORMATION_WITH_SPECIFIED_SOURCE('','',#2415,.NOT_KNOWN.);
#2416=PRODUCT_DEFINITION('design','',#2431,#2429);
#2414=PRODUCT_DEFINITION_SHAPE('','',#2416);
#2432=SHAPE_DEFINITION_REPRESENTATION(#2414,#2407);
#2402=DRAUGHTING_MODEL('',(),#2401);
#16=SHAPE_REPRESENTATION('\X2\041B0438043D04350439043D044B0439\X0\ \X2\043F043E043404480438043F043D0438043A\X0\ LM8LUU \X2\043D0435\X0\ \X2\044104420430043D0434043004400442043D044B0439\X0\',(#15,#2420),#10);
#17=ADVANCED_BREP_SHAPE_REPRESENTATION('\X2\041B0438043D04350439043D044B0439\X0\ \X2\043F043E043404480438043F043D0438043A\X0\ LM8LUU \X2\043D0435\X0\ \X2\044104420430043D0434043004400442043D044B0439\X0\',(#2386),#10);
#2440=SHAPE_REPRESENTATION_RELATIONSHIP('','',#16,#17);
#24=PRODUCT('\X2\041B0438043D04350439043D044B0439\X0\ \X2\043F043E043404480438043F043D0438043A\X0\ LM8LUU \X2\043D0435\X0\ \X2\044104420430043D0434043004400442043D044B0439\X0\','\X2\041B0438043D04350439043D044B0439\X0\ \X2\043F043E043404480438043F043D0438043A\X0\ LM8LUU \X2\043D0435\X0\ \X2\044104420430043D0434043004400442043D044B0439\X0\','',(#2428));
#2441=PRODUCT_RELATED_PRODUCT_CATEGORY('part','',(#24));
#2442=PRODUCT_DEFINITION_FORMATION_WITH_SPECIFIED_SOURCE('','',#24,.NOT_KNOWN.);
#25=PRODUCT_DEFINITION('design','',#2442,#2429);
#23=PRODUCT_DEFINITION_SHAPE('','',#25);
#2443=SHAPE_DEFINITION_REPRESENTATION(#23,#16);
#11=DRAUGHTING_MODEL('',(),#10);
#1=MECHANICAL_DESIGN_GEOMETRIC_PRESENTATION_REPRESENTATION('',(#26),#10);
ENDSEC;
END-ISO-10303-21;
