ISO-10303-21;
HEADER;

/* File generated by T-FLEX CAD Version 17.0.27.0 */

FILE_DESCRIPTION(('TFLEX Exchange Step'),'2;1');

FILE_NAME('X2\041B0438043D04350439043D044B0439\X0\ \X2\043F043E043404480438043F043D0438043A\X0\ LM8LUU.stp',                                                                                              
'2026-03-21T23:40:38+03:00',
('sham'),
('Unknown organisation'),
'TFLEX Exchange 2020.2',
'T-FLEX CAD',
'Unknown authorisation');

FILE_SCHEMA( ('AUTOMOTIVE_DESIGN { 1 0 10303 214 1 1 1 1 }') );

ENDSEC;

DATA;
#3=(NAMED_UNIT(*)PLANE_ANGLE_UNIT()SI_UNIT($,.RADIAN.));
#4=PLANE_ANGLE_MEASURE_WITH_UNIT(PLANE_ANGLE_MEASURE(0.0174532925),#3);
#5=(CONVERSION_BASED_UNIT('DEGREE',#4)NAMED_UNIT(#6)PLANE_ANGLE_UNIT());
#6=DIMENSIONAL_EXPONENTS(0.,0.,0.,0.,0.,0.,0.);
#7=(NAMED_UNIT(*)SI_UNIT($,.STERADIAN.)SOLID_ANGLE_UNIT());
#8=(LENGTH_UNIT()NAMED_UNIT(*)SI_UNIT(.MILLI.,.METRE.));
#9=UNCERTAINTY_MEASURE_WITH_UNIT(LENGTH_MEASURE(1.000000E-05),#8,'DISTANCE_ACCURACY_VALUE','Maximum Tolerance applied to model');
#10=(GEOMETRIC_REPRESENTATION_CONTEXT(3)GLOBAL_UNCERTAINTY_ASSIGNED_CONTEXT((#9))GLOBAL_UNIT_ASSIGNED_CONTEXT((#8,#5,#7))REPRESENTATION_CONTEXT('','\X2\041B0438043D04350439043D044B0439\X0\ \X2\043F043E043404480438043F043D0438043A\X0\ LM8LUU'));
#12=CARTESIAN_POINT('',(0.,0.,0.));
#13=DIRECTION('',(0.,0.,1.));
#14=DIRECTION('',(1.,0.,0.));
#15=AXIS2_PLACEMENT_3D('',#12,#13,#14);
#27=CARTESIAN_POINT('',(-0.96,-5.496799069,0.));
#28=CARTESIAN_POINT('',(-0.96,-3.883091552,0.));
#29=CARTESIAN_POINT('',(-0.96,-5.496799069,45.));
#30=CARTESIAN_POINT('',(-0.96,-3.883091552,45.));
#31=B_SPLINE_SURFACE_WITH_KNOTS('',1,1,((#27,#28),(#29,#30)),.UNSPECIFIED.,.F.,.F.,.U.,(2,2),(2,2),(-0.045,0.),(-0.001613708,0.),.UNSPECIFIED.);
#32=CARTESIAN_POINT('',(-0.96,-5.496799069,0.));
#33=VERTEX_POINT('',#32);
#34=CARTESIAN_POINT('',(-0.96,-3.883091552,0.));
#35=VERTEX_POINT('',#34);
#36=CARTESIAN_POINT('',(-0.96,-5.496799069,0.));
#37=CARTESIAN_POINT('',(-0.96,-3.883091552,0.));
#38=B_SPLINE_CURVE_WITH_KNOTS('',1,(#36,#37),.UNSPECIFIED.,.F.,.F.,(2,2),(-0.001613708,0.),.UNSPECIFIED.);
#39=EDGE_CURVE('',#33,#35,#38,.T.);
#40=ORIENTED_EDGE('',*,*,#39,.F.);
#41=CARTESIAN_POINT('',(-0.96,-5.496799069,45.));
#42=VERTEX_POINT('',#41);
#43=CARTESIAN_POINT('',(-0.96,-5.496799069,45.));
#44=CARTESIAN_POINT('',(-0.96,-5.496799069,0.));
#45=B_SPLINE_CURVE_WITH_KNOTS('',1,(#43,#44),.UNSPECIFIED.,.F.,.F.,(2,2),(0.,0.045),.UNSPECIFIED.);
#46=EDGE_CURVE('',#42,#33,#45,.T.);
#47=ORIENTED_EDGE('',*,*,#46,.F.);
#48=CARTESIAN_POINT('',(-0.96,-3.883091552,45.));
#49=VERTEX_POINT('',#48);
#50=CARTESIAN_POINT('',(-0.96,-5.496799069,45.));
#51=CARTESIAN_POINT('',(-0.96,-3.883091552,45.));
#52=B_SPLINE_CURVE_WITH_KNOTS('',1,(#50,#51),.UNSPECIFIED.,.F.,.F.,(2,2),(-0.001613708,0.),.UNSPECIFIED.);
#53=EDGE_CURVE('',#42,#49,#52,.T.);
#54=ORIENTED_EDGE('',*,*,#53,.T.);
#55=CARTESIAN_POINT('',(-0.96,-3.883091552,45.));
#56=CARTESIAN_POINT('',(-0.96,-3.883091552,0.));
#57=B_SPLINE_CURVE_WITH_KNOTS('',1,(#55,#56),.UNSPECIFIED.,.F.,.F.,(2,2),(0.,0.045),.UNSPECIFIED.);
#58=EDGE_CURVE('',#49,#35,#57,.T.);
#59=ORIENTED_EDGE('',*,*,#58,.T.);
#60=EDGE_LOOP('',(#40,#47,#54,#59));
#61=FACE_BOUND('',#60,.T.);
#62=ADVANCED_FACE('',(#61),#31,.T.);
#63=CARTESIAN_POINT('',(-0.96,-5.496799069,45.));
#64=CARTESIAN_POINT('',(-0.96,-5.496799069,-0.));
#65=CARTESIAN_POINT('',(-1.741661878,-5.360284091,45.));
#66=CARTESIAN_POINT('',(-1.741661878,-5.360284091,-0.));
#67=CARTESIAN_POINT('',(-2.454281113,-5.011277703,45.));
#68=CARTESIAN_POINT('',(-2.454281113,-5.011277703,-0.));
#69=(BOUNDED_SURFACE()
B_SPLINE_SURFACE(2,1,((#63,#64),(#65,#66),(#67,#68)),.UNSPECIFIED.,.F.,.F.,.U.)
B_SPLINE_SURFACE_WITH_KNOTS((3,3),(2,2),(4.914641849,5.174128218),(-0.,0.045),.UNSPECIFIED.)
GEOMETRIC_REPRESENTATION_ITEM()
RATIONAL_B_SPLINE_SURFACE(((0.773541185,0.773541185),(0.754531711,0.754531711),(0.750872361,0.750872361)))
REPRESENTATION_ITEM('')
SURFACE()
);
#70=CARTESIAN_POINT('',(-2.454281113,-5.011277703,0.));
#71=VERTEX_POINT('',#70);
#72=CARTESIAN_POINT('',(-2.454281113,-5.011277703,0.));
#73=CARTESIAN_POINT('',(-1.741661878,-5.360284091,0.));
#74=CARTESIAN_POINT('',(-0.96,-5.496799069,0.));
#75=(BOUNDED_CURVE()
B_SPLINE_CURVE(2,(#72,#73,#74),.UNSPECIFIED.,.F.,.F.)
B_SPLINE_CURVE_WITH_KNOTS((3,3),(1.115381026,1.397893097),.UNSPECIFIED.)
CURVE()
GEOMETRIC_REPRESENTATION_ITEM()
RATIONAL_B_SPLINE_CURVE((1.,0.990039944,1.))
REPRESENTATION_ITEM(''));
#76=EDGE_CURVE('',#71,#33,#75,.T.);
#77=ORIENTED_EDGE('',*,*,#76,.F.);
#78=CARTESIAN_POINT('',(-2.454281113,-5.011277703,45.));
#79=VERTEX_POINT('',#78);
#80=CARTESIAN_POINT('',(-2.454281113,-5.011277703,45.));
#81=CARTESIAN_POINT('',(-2.454281113,-5.011277703,0.));
#82=B_SPLINE_CURVE_WITH_KNOTS('',1,(#80,#81),.UNSPECIFIED.,.F.,.F.,(2,2),(0.,0.045),.UNSPECIFIED.);
#83=EDGE_CURVE('',#79,#71,#82,.T.);
#84=ORIENTED_EDGE('',*,*,#83,.F.);
#85=CARTESIAN_POINT('',(-2.454281113,-5.011277703,45.));
#86=CARTESIAN_POINT('',(-1.741661878,-5.360284091,45.));
#87=CARTESIAN_POINT('',(-0.96,-5.496799069,45.));
#88=(BOUNDED_CURVE()
B_SPLINE_CURVE(2,(#85,#86,#87),.UNSPECIFIED.,.F.,.F.)
B_SPLINE_CURVE_WITH_KNOTS((3,3),(1.115381026,1.397893097),.UNSPECIFIED.)
CURVE()
GEOMETRIC_REPRESENTATION_ITEM()
RATIONAL_B_SPLINE_CURVE((1.,0.990039944,1.))
REPRESENTATION_ITEM(''));
#89=EDGE_CURVE('',#79,#42,#88,.T.);
#90=ORIENTED_EDGE('',*,*,#89,.T.);
#91=ORIENTED_EDGE('',*,*,#46,.T.);
#92=EDGE_LOOP('',(#77,#84,#90,#91));
#93=FACE_BOUND('',#92,.T.);
#94=ADVANCED_FACE('',(#93),#69,.F.);
#95=CARTESIAN_POINT('',(-2.454281113,-5.011277703,0.));
#96=CARTESIAN_POINT('',(-2.454281113,-5.011277703,45.));
#97=CARTESIAN_POINT('',(-1.505767633,-3.705760898,0.));
#98=CARTESIAN_POINT('',(-1.505767633,-3.705760898,45.));
#99=B_SPLINE_SURFACE_WITH_KNOTS('',1,1,((#95,#96),(#97,#98)),.UNSPECIFIED.,.F.,.F.,.U.,(2,2),(2,2),(-0.001613708,0.),(-0.045,0.),.UNSPECIFIED.);
#100=CARTESIAN_POINT('',(-1.505767633,-3.705760898,0.));
#101=VERTEX_POINT('',#100);
#102=CARTESIAN_POINT('',(-1.505767633,-3.705760898,0.));
#103=CARTESIAN_POINT('',(-2.454281113,-5.011277703,0.));
#104=B_SPLINE_CURVE_WITH_KNOTS('',1,(#102,#103),.UNSPECIFIED.,.F.,.F.,(2,2),(0.,0.001613708),.UNSPECIFIED.);
#105=EDGE_CURVE('',#101,#71,#104,.T.);
#106=ORIENTED_EDGE('',*,*,#105,.F.);
#107=CARTESIAN_POINT('',(-1.505767633,-3.705760898,45.));
#108=VERTEX_POINT('',#107);
#109=CARTESIAN_POINT('',(-1.505767633,-3.705760898,45.));
#110=CARTESIAN_POINT('',(-1.505767633,-3.705760898,0.));
#111=B_SPLINE_CURVE_WITH_KNOTS('',1,(#109,#110),.UNSPECIFIED.,.F.,.F.,(2,2),(0.,0.045),.UNSPECIFIED.);
#112=EDGE_CURVE('',#108,#101,#111,.T.);
#113=ORIENTED_EDGE('',*,*,#112,.F.);
#114=CARTESIAN_POINT('',(-1.505767633,-3.705760898,45.));
#115=CARTESIAN_POINT('',(-2.454281113,-5.011277703,45.));
#116=B_SPLINE_CURVE_WITH_KNOTS('',1,(#114,#115),.UNSPECIFIED.,.F.,.F.,(2,2),(0.,0.001613708),.UNSPECIFIED.);
#117=EDGE_CURVE('',#108,#79,#116,.T.);
#118=ORIENTED_EDGE('',*,*,#117,.T.);
#119=ORIENTED_EDGE('',*,*,#83,.T.);
#120=EDGE_LOOP('',(#106,#113,#118,#119));
#121=FACE_BOUND('',#120,.T.);
#122=ADVANCED_FACE('',(#121),#99,.T.);
#123=CARTESIAN_POINT('',(-1.505767633,-3.705760898,45.));
#124=CARTESIAN_POINT('',(-1.505767633,-3.705760898,-0.));
#125=CARTESIAN_POINT('',(-2.421926939,-3.333496452,45.));
#126=CARTESIAN_POINT('',(-2.421926939,-3.333496452,-0.));
#127=CARTESIAN_POINT('',(-3.059080262,-2.577213214,45.));
#128=CARTESIAN_POINT('',(-3.059080262,-2.577213214,-0.));
#129=(BOUNDED_SURFACE()
B_SPLINE_SURFACE(2,1,((#123,#124),(#125,#126),(#127,#128)),.UNSPECIFIED.,.F.,.F.,.U.)
B_SPLINE_SURFACE_WITH_KNOTS((3,3),(2,2),(5.110959089,5.553958125),(-0.,0.045),.UNSPECIFIED.)
GEOMETRIC_REPRESENTATION_ITEM()
RATIONAL_B_SPLINE_SURFACE(((0.753563707,0.753563707),(0.740936853,0.740936853),(0.773049212,0.773049212)))
REPRESENTATION_ITEM('')
SURFACE()
);
#130=CARTESIAN_POINT('',(-3.059080262,-2.577213214,0.));
#131=VERTEX_POINT('',#130);
#132=CARTESIAN_POINT('',(-3.059080262,-2.577213214,0.));
#133=CARTESIAN_POINT('',(-2.421926939,-3.333496452,0.));
#134=CARTESIAN_POINT('',(-1.505767633,-3.705760898,0.));
#135=(BOUNDED_CURVE()
B_SPLINE_CURVE(2,(#132,#133,#134),.UNSPECIFIED.,.F.,.F.)
B_SPLINE_CURVE_WITH_KNOTS((3,3),(1.328430476,1.813162178),.UNSPECIFIED.)
CURVE()
GEOMETRIC_REPRESENTATION_ITEM()
RATIONAL_B_SPLINE_CURVE((1.,0.970772888,1.))
REPRESENTATION_ITEM(''));
#136=EDGE_CURVE('',#131,#101,#135,.T.);
#137=ORIENTED_EDGE('',*,*,#136,.F.);
#138=CARTESIAN_POINT('',(-3.059080262,-2.577213214,45.));
#139=VERTEX_POINT('',#138);
#140=CARTESIAN_POINT('',(-3.059080262,-2.577213214,45.));
#141=CARTESIAN_POINT('',(-3.059080262,-2.577213214,0.));
#142=B_SPLINE_CURVE_WITH_KNOTS('',1,(#140,#141),.UNSPECIFIED.,.F.,.F.,(2,2),(0.,0.045),.UNSPECIFIED.);
#143=EDGE_CURVE('',#139,#131,#142,.T.);
#144=ORIENTED_EDGE('',*,*,#143,.F.);
#145=CARTESIAN_POINT('',(-3.059080262,-2.577213214,45.));
#146=CARTESIAN_POINT('',(-2.421926939,-3.333496452,45.));
#147=CARTESIAN_POINT('',(-1.505767633,-3.705760898,45.));
#148=(BOUNDED_CURVE()
B_SPLINE_CURVE(2,(#145,#146,#147),.UNSPECIFIED.,.F.,.F.)
B_SPLINE_CURVE_WITH_KNOTS((3,3),(1.328430476,1.813162178),.UNSPECIFIED.)
CURVE()
GEOMETRIC_REPRESENTATION_ITEM()
RATIONAL_B_SPLINE_CURVE((1.,0.970772888,1.))
REPRESENTATION_ITEM(''));
#149=EDGE_CURVE('',#139,#108,#148,.T.);
#150=ORIENTED_EDGE('',*,*,#149,.T.);
#151=ORIENTED_EDGE('',*,*,#112,.T.);
#152=EDGE_LOOP('',(#137,#144,#150,#151));
#153=FACE_BOUND('',#152,.T.);
#154=ADVANCED_FACE('',(#153),#129,.F.);
#155=CARTESIAN_POINT('',(-3.059080262,-2.577213214,0.));
#156=CARTESIAN_POINT('',(-3.059080262,-2.577213214,45.));
#157=CARTESIAN_POINT('',(-4.007593742,-3.882730019,0.));
#158=CARTESIAN_POINT('',(-4.007593742,-3.882730019,45.));
#159=B_SPLINE_SURFACE_WITH_KNOTS('',1,1,((#155,#156),(#157,#158)),.UNSPECIFIED.,.F.,.F.,.U.,(2,2),(2,2),(0.,0.001613708),(-0.045,0.),.UNSPECIFIED.);
#160=CARTESIAN_POINT('',(-4.007593742,-3.882730019,0.));
#161=VERTEX_POINT('',#160);
#162=CARTESIAN_POINT('',(-4.007593742,-3.882730019,0.));
#163=CARTESIAN_POINT('',(-3.059080262,-2.577213214,0.));
#164=B_SPLINE_CURVE_WITH_KNOTS('',1,(#162,#163),.UNSPECIFIED.,.F.,.F.,(2,2),(-0.001613708,0.),.UNSPECIFIED.);
#165=EDGE_CURVE('',#161,#131,#164,.T.);
#166=ORIENTED_EDGE('',*,*,#165,.F.);
#167=CARTESIAN_POINT('',(-4.007593742,-3.882730019,45.));
#168=VERTEX_POINT('',#167);
#169=CARTESIAN_POINT('',(-4.007593742,-3.882730019,45.));
#170=CARTESIAN_POINT('',(-4.007593742,-3.882730019,0.));
#171=B_SPLINE_CURVE_WITH_KNOTS('',1,(#169,#170),.UNSPECIFIED.,.F.,.F.,(2,2),(0.,0.045),.UNSPECIFIED.);
#172=EDGE_CURVE('',#168,#161,#171,.T.);
#173=ORIENTED_EDGE('',*,*,#172,.F.);
#174=CARTESIAN_POINT('',(-4.007593742,-3.882730019,45.));
#175=CARTESIAN_POINT('',(-3.059080262,-2.577213214,45.));
#176=B_SPLINE_CURVE_WITH_KNOTS('',1,(#174,#175),.UNSPECIFIED.,.F.,.F.,(2,2),(-0.001613708,0.),.UNSPECIFIED.);
#177=EDGE_CURVE('',#168,#139,#176,.T.);
#178=ORIENTED_EDGE('',*,*,#177,.T.);
#179=ORIENTED_EDGE('',*,*,#143,.T.);
#180=EDGE_LOOP('',(#166,#173,#178,#179));
#181=FACE_BOUND('',#180,.T.);
#182=ADVANCED_FACE('',(#181),#159,.T.);
#183=CARTESIAN_POINT('',(-4.007593742,-3.882730019,45.));
#184=CARTESIAN_POINT('',(-4.007593742,-3.882730019,-0.));
#185=CARTESIAN_POINT('',(-4.559729995,-3.312837757,45.));
#186=CARTESIAN_POINT('',(-4.559729995,-3.312837757,-0.));
#187=CARTESIAN_POINT('',(-4.931110258,-2.611618582,45.));
#188=CARTESIAN_POINT('',(-4.931110258,-2.611618582,-0.));
#189=(BOUNDED_SURFACE()
B_SPLINE_SURFACE(2,1,((#183,#184),(#185,#186),(#187,#188)),.UNSPECIFIED.,.F.,.F.,.U.)
B_SPLINE_SURFACE_WITH_KNOTS((3,3),(2,2),(5.489393642,5.757686222),(-0.,0.045),.UNSPECIFIED.)
GEOMETRIC_REPRESENTATION_ITEM()
RATIONAL_B_SPLINE_SURFACE(((0.76463916,0.76463916),(0.780138319,0.780138319),(0.812047158,0.812047158)))
REPRESENTATION_ITEM('')
SURFACE()
);
#190=CARTESIAN_POINT('',(-4.931110258,-2.611618582,0.));
#191=VERTEX_POINT('',#190);
#192=CARTESIAN_POINT('',(-4.931110258,-2.611618582,0.));
#193=CARTESIAN_POINT('',(-4.559729995,-3.312837757,0.));
#194=CARTESIAN_POINT('',(-4.007593742,-3.882730019,0.));
#195=(BOUNDED_CURVE()
B_SPLINE_CURVE(2,(#192,#193,#194),.UNSPECIFIED.,.F.,.F.)
B_SPLINE_CURVE_WITH_KNOTS((3,3),(1.115381026,1.397893097),.UNSPECIFIED.)
CURVE()
GEOMETRIC_REPRESENTATION_ITEM()
RATIONAL_B_SPLINE_CURVE((1.,0.990039944,1.))
REPRESENTATION_ITEM(''));
#196=EDGE_CURVE('',#191,#161,#195,.T.);
#197=ORIENTED_EDGE('',*,*,#196,.F.);
#198=CARTESIAN_POINT('',(-4.931110258,-2.611618582,45.));
#199=VERTEX_POINT('',#198);
#200=CARTESIAN_POINT('',(-4.931110258,-2.611618582,45.));
#201=CARTESIAN_POINT('',(-4.931110258,-2.611618582,0.));
#202=B_SPLINE_CURVE_WITH_KNOTS('',1,(#200,#201),.UNSPECIFIED.,.F.,.F.,(2,2),(0.,0.045),.UNSPECIFIED.);
#203=EDGE_CURVE('',#199,#191,#202,.T.);
#204=ORIENTED_EDGE('',*,*,#203,.F.);
#205=CARTESIAN_POINT('',(-4.931110258,-2.611618582,45.));
#206=CARTESIAN_POINT('',(-4.559729995,-3.312837757,45.));
#207=CARTESIAN_POINT('',(-4.007593742,-3.882730019,45.));
#208=(BOUNDED_CURVE()
B_SPLINE_CURVE(2,(#205,#206,#207),.UNSPECIFIED.,.F.,.F.)
B_SPLINE_CURVE_WITH_KNOTS((3,3),(1.115381026,1.397893097),.UNSPECIFIED.)
CURVE()
GEOMETRIC_REPRESENTATION_ITEM()
RATIONAL_B_SPLINE_CURVE((1.,0.990039944,1.))
REPRESENTATION_ITEM(''));
#209=EDGE_CURVE('',#199,#168,#208,.T.);
#210=ORIENTED_EDGE('',*,*,#209,.T.);
#211=ORIENTED_EDGE('',*,*,#172,.T.);
#212=EDGE_LOOP('',(#197,#204,#210,#211));
#213=FACE_BOUND('',#212,.T.);
#214=ADVANCED_FACE('',(#213),#189,.F.);
#215=CARTESIAN_POINT('',(-4.931110258,-2.611618582,0.));
#216=CARTESIAN_POINT('',(-4.931110258,-2.611618582,45.));
#217=CARTESIAN_POINT('',(-3.396383209,-2.112955536,0.));
#218=CARTESIAN_POINT('',(-3.396383209,-2.112955536,45.));
#219=B_SPLINE_SURFACE_WITH_KNOTS('',1,1,((#215,#216),(#217,#218)),.UNSPECIFIED.,.F.,.F.,.U.,(2,2),(2,2),(-0.001613708,0.),(-0.045,0.),.UNSPECIFIED.);
#220=CARTESIAN_POINT('',(-3.396383209,-2.112955536,0.));
#221=VERTEX_POINT('',#220);
#222=CARTESIAN_POINT('',(-3.396383209,-2.112955536,0.));
#223=CARTESIAN_POINT('',(-4.931110258,-2.611618582,0.));
#224=B_SPLINE_CURVE_WITH_KNOTS('',1,(#222,#223),.UNSPECIFIED.,.F.,.F.,(2,2),(0.,0.001613708),.UNSPECIFIED.);
#225=EDGE_CURVE('',#221,#191,#224,.T.);
#226=ORIENTED_EDGE('',*,*,#225,.F.);
#227=CARTESIAN_POINT('',(-3.396383209,-2.112955536,45.));
#228=VERTEX_POINT('',#227);
#229=CARTESIAN_POINT('',(-3.396383209,-2.112955536,45.));
#230=CARTESIAN_POINT('',(-3.396383209,-2.112955536,0.));
#231=B_SPLINE_CURVE_WITH_KNOTS('',1,(#229,#230),.UNSPECIFIED.,.F.,.F.,(2,2),(0.,0.045),.UNSPECIFIED.);
#232=EDGE_CURVE('',#228,#221,#231,.T.);
#233=ORIENTED_EDGE('',*,*,#232,.F.);
#234=CARTESIAN_POINT('',(-3.396383209,-2.112955536,45.));
#235=CARTESIAN_POINT('',(-4.931110258,-2.611618582,45.));
#236=B_SPLINE_CURVE_WITH_KNOTS('',1,(#234,#235),.UNSPECIFIED.,.F.,.F.,(2,2),(0.,0.001613708),.UNSPECIFIED.);
#237=EDGE_CURVE('',#228,#199,#236,.T.);
#238=ORIENTED_EDGE('',*,*,#237,.T.);
#239=ORIENTED_EDGE('',*,*,#203,.T.);
#240=EDGE_LOOP('',(#226,#233,#238,#239));
#241=FACE_BOUND('',#240,.T.);
#242=ADVANCED_FACE('',(#241),#219,.T.);
#243=CARTESIAN_POINT('',(-3.396383209,-2.112955536,45.));
#244=CARTESIAN_POINT('',(-3.396383209,-2.112955536,-0.));
#245=CARTESIAN_POINT('',(-3.918760106,-1.273282343,45.));
#246=CARTESIAN_POINT('',(-3.918760106,-1.273282343,-0.));
#247=CARTESIAN_POINT('',(-3.989695838,-0.286927025,45.));
#248=CARTESIAN_POINT('',(-3.989695838,-0.286927025,-0.));
#249=(BOUNDED_SURFACE()
B_SPLINE_SURFACE(2,1,((#243,#244),(#245,#246),(#247,#248)),.UNSPECIFIED.,.F.,.F.,.U.)
B_SPLINE_SURFACE_WITH_KNOTS((3,3),(2,2),(5.690126724,6.198099591),(-0.,0.045),.UNSPECIFIED.)
GEOMETRIC_REPRESENTATION_ITEM()
RATIONAL_B_SPLINE_SURFACE(((0.797017584,0.797017584),(0.84960866,0.84960866),(0.961024989,0.961024989)))
REPRESENTATION_ITEM('')
SURFACE()
);
#250=CARTESIAN_POINT('',(-3.989695838,-0.286927025,0.));
#251=VERTEX_POINT('',#250);
#252=CARTESIAN_POINT('',(-3.989695838,-0.286927025,0.));
#253=CARTESIAN_POINT('',(-3.918760106,-1.273282343,0.));
#254=CARTESIAN_POINT('',(-3.396383209,-2.112955536,0.));
#255=(BOUNDED_CURVE()
B_SPLINE_CURVE(2,(#252,#253,#254),.UNSPECIFIED.,.F.,.F.)
B_SPLINE_CURVE_WITH_KNOTS((3,3),(1.328430476,1.813162178),.UNSPECIFIED.)
CURVE()
GEOMETRIC_REPRESENTATION_ITEM()
RATIONAL_B_SPLINE_CURVE((1.,0.970772888,1.))
REPRESENTATION_ITEM(''));
#256=EDGE_CURVE('',#251,#221,#255,.T.);
#257=ORIENTED_EDGE('',*,*,#256,.F.);
#258=CARTESIAN_POINT('',(-3.989695838,-0.286927025,45.));
#259=VERTEX_POINT('',#258);
#260=CARTESIAN_POINT('',(-3.989695838,-0.286927025,45.));
#261=CARTESIAN_POINT('',(-3.989695838,-0.286927025,0.));
#262=B_SPLINE_CURVE_WITH_KNOTS('',1,(#260,#261),.UNSPECIFIED.,.F.,.F.,(2,2),(0.,0.045),.UNSPECIFIED.);
#263=EDGE_CURVE('',#259,#251,#262,.T.);
#264=ORIENTED_EDGE('',*,*,#263,.F.);
#265=CARTESIAN_POINT('',(-3.989695838,-0.286927025,45.));
#266=CARTESIAN_POINT('',(-3.918760106,-1.273282343,45.));
#267=CARTESIAN_POINT('',(-3.396383209,-2.112955536,45.));
#268=(BOUNDED_CURVE()
B_SPLINE_CURVE(2,(#265,#266,#267),.UNSPECIFIED.,.F.,.F.)
B_SPLINE_CURVE_WITH_KNOTS((3,3),(1.328430476,1.813162178),.UNSPECIFIED.)
CURVE()
GEOMETRIC_REPRESENTATION_ITEM()
RATIONAL_B_SPLINE_CURVE((1.,0.970772888,1.))
REPRESENTATION_ITEM(''));
#269=EDGE_CURVE('',#259,#228,#268,.T.);
#270=ORIENTED_EDGE('',*,*,#269,.T.);
#271=ORIENTED_EDGE('',*,*,#232,.T.);
#272=EDGE_LOOP('',(#257,#264,#270,#271));
#273=FACE_BOUND('',#272,.T.);
#274=ADVANCED_FACE('',(#273),#249,.F.);
#275=CARTESIAN_POINT('',(-3.989695838,-0.286927025,0.));
#276=CARTESIAN_POINT('',(-3.989695838,-0.286927025,45.));
#277=CARTESIAN_POINT('',(-5.524422888,-0.785590071,0.));
#278=CARTESIAN_POINT('',(-5.524422888,-0.785590071,45.));
#279=B_SPLINE_SURFACE_WITH_KNOTS('',1,1,((#275,#276),(#277,#278)),.UNSPECIFIED.,.F.,.F.,.U.,(2,2),(2,2),(0.,0.001613708),(-0.045,0.),.UNSPECIFIED.);
#280=CARTESIAN_POINT('',(-5.524422888,-0.785590071,0.));
#281=VERTEX_POINT('',#280);
#282=CARTESIAN_POINT('',(-5.524422888,-0.785590071,0.));
#283=CARTESIAN_POINT('',(-3.989695838,-0.286927025,0.));
#284=B_SPLINE_CURVE_WITH_KNOTS('',1,(#282,#283),.UNSPECIFIED.,.F.,.F.,(2,2),(-0.001613708,0.),.UNSPECIFIED.);
#285=EDGE_CURVE('',#281,#251,#284,.T.);
#286=ORIENTED_EDGE('',*,*,#285,.F.);
#287=CARTESIAN_POINT('',(-5.524422888,-0.785590071,45.));
#288=VERTEX_POINT('',#287);
#289=CARTESIAN_POINT('',(-5.524422888,-0.785590071,45.));
#290=CARTESIAN_POINT('',(-5.524422888,-0.785590071,0.));
#291=B_SPLINE_CURVE_WITH_KNOTS('',1,(#289,#290),.UNSPECIFIED.,.F.,.F.,(2,2),(0.,0.045),.UNSPECIFIED.);
#292=EDGE_CURVE('',#288,#281,#291,.T.);
#293=ORIENTED_EDGE('',*,*,#292,.F.);
#294=CARTESIAN_POINT('',(-5.524422888,-0.785590071,45.));
#295=CARTESIAN_POINT('',(-3.989695838,-0.286927025,45.));
#296=B_SPLINE_CURVE_WITH_KNOTS('',1,(#294,#295),.UNSPECIFIED.,.F.,.F.,(2,2),(-0.001613708,0.),.UNSPECIFIED.);
#297=EDGE_CURVE('',#288,#259,#296,.T.);
#298=ORIENTED_EDGE('',*,*,#297,.T.);
#299=ORIENTED_EDGE('',*,*,#263,.T.);
#300=EDGE_LOOP('',(#286,#293,#298,#299));
#301=FACE_BOUND('',#300,.T.);
#302=ADVANCED_FACE('',(#301),#279,.T.);
#303=CARTESIAN_POINT('',(-5.58,0.,45.));
#304=CARTESIAN_POINT('',(-5.58,0.,-0.));
#305=CARTESIAN_POINT('',(-5.58,0.394760956,45.));
#306=CARTESIAN_POINT('',(-5.58,0.394760956,-0.));
#307=CARTESIAN_POINT('',(-5.524422888,0.785590071,45.));
#308=CARTESIAN_POINT('',(-5.524422888,0.785590071,-0.));
#309=(BOUNDED_SURFACE()
B_SPLINE_SURFACE(2,1,((#303,#304),(#305,#306),(#307,#308)),.UNSPECIFIED.,.F.,.F.,.U.)
B_SPLINE_SURFACE_WITH_KNOTS((3,3),(2,2),(0.,0.16437732),(-0.,0.045),.UNSPECIFIED.)
GEOMETRIC_REPRESENTATION_ITEM()
RATIONAL_B_SPLINE_SURFACE(((1.,1.),(0.960757805,0.960757805),(0.92767541,0.92767541)))
REPRESENTATION_ITEM('')
SURFACE()
);
#310=CARTESIAN_POINT('',(-5.58,0.,0.));
#311=VERTEX_POINT('',#310);
#312=CARTESIAN_POINT('',(-5.58,-0.,45.));
#313=VERTEX_POINT('',#312);
#314=CARTESIAN_POINT('',(-5.58,0.,0.));
#315=CARTESIAN_POINT('',(-5.58,0.,45.));
#316=B_SPLINE_CURVE_WITH_KNOTS('',1,(#314,#315),.UNSPECIFIED.,.F.,.F.,(2,2),(-0.,0.045),.UNSPECIFIED.);
#317=EDGE_CURVE('',#311,#313,#316,.T.);
#318=ORIENTED_EDGE('',*,*,#317,.F.);
#319=CARTESIAN_POINT('',(-5.524422888,0.785590071,0.));
#320=VERTEX_POINT('',#319);
#321=CARTESIAN_POINT('',(-5.524422888,0.785590071,0.));
#322=CARTESIAN_POINT('',(-5.636136233,0.,0.));
#323=CARTESIAN_POINT('',(-5.524422888,-0.785590071,0.));
#324=(BOUNDED_CURVE()
B_SPLINE_CURVE(2,(#321,#322,#323),.UNSPECIFIED.,.F.,.F.)
B_SPLINE_CURVE_WITH_KNOTS((3,3),(1.115381026,1.397893097),.UNSPECIFIED.)
CURVE()
GEOMETRIC_REPRESENTATION_ITEM()
RATIONAL_B_SPLINE_CURVE((1.,0.990039944,1.))
REPRESENTATION_ITEM(''));
#325=EDGE_CURVE('',#320,#311,#324,.T.);
#326=ORIENTED_EDGE('',*,*,#325,.F.);
#327=CARTESIAN_POINT('',(-5.524422888,0.785590071,45.));
#328=VERTEX_POINT('',#327);
#329=CARTESIAN_POINT('',(-5.524422888,0.785590071,45.));
#330=CARTESIAN_POINT('',(-5.524422888,0.785590071,0.));
#331=B_SPLINE_CURVE_WITH_KNOTS('',1,(#329,#330),.UNSPECIFIED.,.F.,.F.,(2,2),(0.,0.045),.UNSPECIFIED.);
#332=EDGE_CURVE('',#328,#320,#331,.T.);
#333=ORIENTED_EDGE('',*,*,#332,.F.);
#334=CARTESIAN_POINT('',(-5.524422888,0.785590071,45.));
#335=CARTESIAN_POINT('',(-5.636136233,0.,45.));
#336=CARTESIAN_POINT('',(-5.524422888,-0.785590071,45.));
#337=(BOUNDED_CURVE()
B_SPLINE_CURVE(2,(#334,#335,#336),.UNSPECIFIED.,.F.,.F.)
B_SPLINE_CURVE_WITH_KNOTS((3,3),(1.115381026,1.397893097),.UNSPECIFIED.)
CURVE()
GEOMETRIC_REPRESENTATION_ITEM()
RATIONAL_B_SPLINE_CURVE((1.,0.990039944,1.))
REPRESENTATION_ITEM(''));
#338=EDGE_CURVE('',#328,#313,#337,.T.);
#339=ORIENTED_EDGE('',*,*,#338,.T.);
#340=EDGE_LOOP('',(#318,#326,#333,#339));
#341=FACE_BOUND('',#340,.T.);
#342=ADVANCED_FACE('',(#341),#309,.F.);
#343=CARTESIAN_POINT('',(-5.524422888,0.785590071,0.));
#344=CARTESIAN_POINT('',(-5.524422888,0.785590071,45.));
#345=CARTESIAN_POINT('',(-3.989695838,0.286927025,0.));
#346=CARTESIAN_POINT('',(-3.989695838,0.286927025,45.));
#347=B_SPLINE_SURFACE_WITH_KNOTS('',1,1,((#343,#344),(#345,#346)),.UNSPECIFIED.,.F.,.F.,.U.,(2,2),(2,2),(-0.001613708,0.),(-0.045,0.),.UNSPECIFIED.);
#348=CARTESIAN_POINT('',(-3.989695838,0.286927025,0.));
#349=VERTEX_POINT('',#348);
#350=CARTESIAN_POINT('',(-3.989695838,0.286927025,0.));
#351=CARTESIAN_POINT('',(-5.524422888,0.785590071,0.));
#352=B_SPLINE_CURVE_WITH_KNOTS('',1,(#350,#351),.UNSPECIFIED.,.F.,.F.,(2,2),(0.,0.001613708),.UNSPECIFIED.);
#353=EDGE_CURVE('',#349,#320,#352,.T.);
#354=ORIENTED_EDGE('',*,*,#353,.F.);
#355=CARTESIAN_POINT('',(-3.989695838,0.286927025,45.));
#356=VERTEX_POINT('',#355);
#357=CARTESIAN_POINT('',(-3.989695838,0.286927025,45.));
#358=CARTESIAN_POINT('',(-3.989695838,0.286927025,0.));
#359=B_SPLINE_CURVE_WITH_KNOTS('',1,(#357,#358),.UNSPECIFIED.,.F.,.F.,(2,2),(0.,0.045),.UNSPECIFIED.);
#360=EDGE_CURVE('',#356,#349,#359,.T.);
#361=ORIENTED_EDGE('',*,*,#360,.F.);
#362=CARTESIAN_POINT('',(-3.989695838,0.286927025,45.));
#363=CARTESIAN_POINT('',(-5.524422888,0.785590071,45.));
#364=B_SPLINE_CURVE_WITH_KNOTS('',1,(#362,#363),.UNSPECIFIED.,.F.,.F.,(2,2),(0.,0.001613708),.UNSPECIFIED.);
#365=EDGE_CURVE('',#356,#328,#364,.T.);
#366=ORIENTED_EDGE('',*,*,#365,.T.);
#367=ORIENTED_EDGE('',*,*,#332,.T.);
#368=EDGE_LOOP('',(#354,#361,#366,#367));
#369=FACE_BOUND('',#368,.T.);
#370=ADVANCED_FACE('',(#369),#347,.T.);
#371=CARTESIAN_POINT('',(-3.989695838,0.286927025,45.));
#372=CARTESIAN_POINT('',(-3.989695838,0.286927025,-0.));
#373=CARTESIAN_POINT('',(-3.918760106,1.273282343,45.));
#374=CARTESIAN_POINT('',(-3.918760106,1.273282343,-0.));
#375=CARTESIAN_POINT('',(-3.396383209,2.112955536,45.));
#376=CARTESIAN_POINT('',(-3.396383209,2.112955536,-0.));
#377=(BOUNDED_SURFACE()
B_SPLINE_SURFACE(2,1,((#371,#372),(#373,#374),(#375,#376)),.UNSPECIFIED.,.F.,.F.,.U.)
B_SPLINE_SURFACE_WITH_KNOTS((3,3),(2,2),(0.085085716,0.593058584),(-0.,0.045),.UNSPECIFIED.)
GEOMETRIC_REPRESENTATION_ITEM()
RATIONAL_B_SPLINE_SURFACE(((0.961024989,0.961024989),(0.84960866,0.84960866),(0.797017584,0.797017584)))
REPRESENTATION_ITEM('')
SURFACE()
);
#378=CARTESIAN_POINT('',(-3.396383209,2.112955536,0.));
#379=VERTEX_POINT('',#378);
#380=CARTESIAN_POINT('',(-3.396383209,2.112955536,0.));
#381=CARTESIAN_POINT('',(-3.918760106,1.273282343,0.));
#382=CARTESIAN_POINT('',(-3.989695838,0.286927025,0.));
#383=(BOUNDED_CURVE()
B_SPLINE_CURVE(2,(#380,#381,#382),.UNSPECIFIED.,.F.,.F.)
B_SPLINE_CURVE_WITH_KNOTS((3,3),(1.328430476,1.813162178),.UNSPECIFIED.)
CURVE()
GEOMETRIC_REPRESENTATION_ITEM()
RATIONAL_B_SPLINE_CURVE((1.,0.970772888,1.))
REPRESENTATION_ITEM(''));
#384=EDGE_CURVE('',#379,#349,#383,.T.);
#385=ORIENTED_EDGE('',*,*,#384,.F.);
#386=CARTESIAN_POINT('',(-3.396383209,2.112955536,45.));
#387=VERTEX_POINT('',#386);
#388=CARTESIAN_POINT('',(-3.396383209,2.112955536,45.));
#389=CARTESIAN_POINT('',(-3.396383209,2.112955536,0.));
#390=B_SPLINE_CURVE_WITH_KNOTS('',1,(#388,#389),.UNSPECIFIED.,.F.,.F.,(2,2),(0.,0.045),.UNSPECIFIED.);
#391=EDGE_CURVE('',#387,#379,#390,.T.);
#392=ORIENTED_EDGE('',*,*,#391,.F.);
#393=CARTESIAN_POINT('',(-3.396383209,2.112955536,45.));
#394=CARTESIAN_POINT('',(-3.918760106,1.273282343,45.));
#395=CARTESIAN_POINT('',(-3.989695838,0.286927025,45.));
#396=(BOUNDED_CURVE()
B_SPLINE_CURVE(2,(#393,#394,#395),.UNSPECIFIED.,.F.,.F.)
B_SPLINE_CURVE_WITH_KNOTS((3,3),(1.328430476,1.813162178),.UNSPECIFIED.)
CURVE()
GEOMETRIC_REPRESENTATION_ITEM()
RATIONAL_B_SPLINE_CURVE((1.,0.970772888,1.))
REPRESENTATION_ITEM(''));
#397=EDGE_CURVE('',#387,#356,#396,.T.);
#398=ORIENTED_EDGE('',*,*,#397,.T.);
#399=ORIENTED_EDGE('',*,*,#360,.T.);
#400=EDGE_LOOP('',(#385,#392,#398,#399));
#401=FACE_BOUND('',#400,.T.);
#402=ADVANCED_FACE('',(#401),#377,.F.);
#403=CARTESIAN_POINT('',(-3.396383209,2.112955536,0.));
#404=CARTESIAN_POINT('',(-3.396383209,2.112955536,45.));
#405=CARTESIAN_POINT('',(-4.931110258,2.611618582,0.));
#406=CARTESIAN_POINT('',(-4.931110258,2.611618582,45.));
#407=B_SPLINE_SURFACE_WITH_KNOTS('',1,1,((#403,#404),(#405,#406)),.UNSPECIFIED.,.F.,.F.,.U.,(2,2),(2,2),(0.,0.001613708),(-0.045,0.),.UNSPECIFIED.);
#408=CARTESIAN_POINT('',(-4.931110258,2.611618582,0.));
#409=VERTEX_POINT('',#408);
#410=CARTESIAN_POINT('',(-4.931110258,2.611618582,0.));
#411=CARTESIAN_POINT('',(-3.396383209,2.112955536,0.));
#412=B_SPLINE_CURVE_WITH_KNOTS('',1,(#410,#411),.UNSPECIFIED.,.F.,.F.,(2,2),(-0.001613708,-0.),.UNSPECIFIED.);
#413=EDGE_CURVE('',#409,#379,#412,.T.);
#414=ORIENTED_EDGE('',*,*,#413,.F.);
#415=CARTESIAN_POINT('',(-4.931110258,2.611618582,45.));
#416=VERTEX_POINT('',#415);
#417=CARTESIAN_POINT('',(-4.931110258,2.611618582,45.));
#418=CARTESIAN_POINT('',(-4.931110258,2.611618582,0.));
#419=B_SPLINE_CURVE_WITH_KNOTS('',1,(#417,#418),.UNSPECIFIED.,.F.,.F.,(2,2),(0.,0.045),.UNSPECIFIED.);
#420=EDGE_CURVE('',#416,#409,#419,.T.);
#421=ORIENTED_EDGE('',*,*,#420,.F.);
#422=CARTESIAN_POINT('',(-4.931110258,2.611618582,45.));
#423=CARTESIAN_POINT('',(-3.396383209,2.112955536,45.));
#424=B_SPLINE_CURVE_WITH_KNOTS('',1,(#422,#423),.UNSPECIFIED.,.F.,.F.,(2,2),(-0.001613708,-0.),.UNSPECIFIED.);
#425=EDGE_CURVE('',#416,#387,#424,.T.);
#426=ORIENTED_EDGE('',*,*,#425,.T.);
#427=ORIENTED_EDGE('',*,*,#391,.T.);
#428=EDGE_LOOP('',(#414,#421,#426,#427));
#429=FACE_BOUND('',#428,.T.);
#430=ADVANCED_FACE('',(#429),#407,.T.);
#431=CARTESIAN_POINT('',(-4.931110258,2.611618582,45.));
#432=CARTESIAN_POINT('',(-4.931110258,2.611618582,-0.));
#433=CARTESIAN_POINT('',(-4.559729995,3.312837757,45.));
#434=CARTESIAN_POINT('',(-4.559729995,3.312837757,-0.));
#435=CARTESIAN_POINT('',(-4.007593742,3.882730019,45.));
#436=CARTESIAN_POINT('',(-4.007593742,3.882730019,-0.));
#437=(BOUNDED_SURFACE()
B_SPLINE_SURFACE(2,1,((#431,#432),(#433,#434),(#435,#436)),.UNSPECIFIED.,.F.,.F.,.U.)
B_SPLINE_SURFACE_WITH_KNOTS((3,3),(2,2),(0.525499085,0.793791665),(-0.,0.045),.UNSPECIFIED.)
GEOMETRIC_REPRESENTATION_ITEM()
RATIONAL_B_SPLINE_SURFACE(((0.812047158,0.812047158),(0.780138319,0.780138319),(0.76463916,0.76463916)))
REPRESENTATION_ITEM('')
SURFACE()
);
#438=CARTESIAN_POINT('',(-4.007593742,3.882730019,0.));
#439=VERTEX_POINT('',#438);
#440=CARTESIAN_POINT('',(-4.007593742,3.882730019,0.));
#441=CARTESIAN_POINT('',(-4.559729995,3.312837757,0.));
#442=CARTESIAN_POINT('',(-4.931110258,2.611618582,0.));
#443=(BOUNDED_CURVE()
B_SPLINE_CURVE(2,(#440,#441,#442),.UNSPECIFIED.,.F.,.F.)
B_SPLINE_CURVE_WITH_KNOTS((3,3),(1.115381026,1.397893097),.UNSPECIFIED.)
CURVE()
GEOMETRIC_REPRESENTATION_ITEM()
RATIONAL_B_SPLINE_CURVE((1.,0.990039944,1.))
REPRESENTATION_ITEM(''));
#444=EDGE_CURVE('',#439,#409,#443,.T.);
#445=ORIENTED_EDGE('',*,*,#444,.F.);
#446=CARTESIAN_POINT('',(-4.007593742,3.882730019,45.));
#447=VERTEX_POINT('',#446);
#448=CARTESIAN_POINT('',(-4.007593742,3.882730019,45.));
#449=CARTESIAN_POINT('',(-4.007593742,3.882730019,0.));
#450=B_SPLINE_CURVE_WITH_KNOTS('',1,(#448,#449),.UNSPECIFIED.,.F.,.F.,(2,2),(0.,0.045),.UNSPECIFIED.);
#451=EDGE_CURVE('',#447,#439,#450,.T.);
#452=ORIENTED_EDGE('',*,*,#451,.F.);
#453=CARTESIAN_POINT('',(-4.007593742,3.882730019,45.));
#454=CARTESIAN_POINT('',(-4.559729995,3.312837757,45.));
#455=CARTESIAN_POINT('',(-4.931110258,2.611618582,45.));
#456=(BOUNDED_CURVE()
B_SPLINE_CURVE(2,(#453,#454,#455),.UNSPECIFIED.,.F.,.F.)
B_SPLINE_CURVE_WITH_KNOTS((3,3),(1.115381026,1.397893097),.UNSPECIFIED.)
CURVE()
GEOMETRIC_REPRESENTATION_ITEM()
RATIONAL_B_SPLINE_CURVE((1.,0.990039944,1.))
REPRESENTATION_ITEM(''));
#457=EDGE_CURVE('',#447,#416,#456,.T.);
#458=ORIENTED_EDGE('',*,*,#457,.T.);
#459=ORIENTED_EDGE('',*,*,#420,.T.);
#460=EDGE_LOOP('',(#445,#452,#458,#459));
#461=FACE_BOUND('',#460,.T.);
#462=ADVANCED_FACE('',(#461),#437,.F.);
#463=CARTESIAN_POINT('',(-4.007593742,3.882730019,0.));
#464=CARTESIAN_POINT('',(-4.007593742,3.882730019,45.));
#465=CARTESIAN_POINT('',(-3.059080262,2.577213214,0.));
#466=CARTESIAN_POINT('',(-3.059080262,2.577213214,45.));
#467=B_SPLINE_SURFACE_WITH_KNOTS('',1,1,((#463,#464),(#465,#466)),.UNSPECIFIED.,.F.,.F.,.U.,(2,2),(2,2),(-0.001613708,0.),(-0.045,0.),.UNSPECIFIED.);
#468=CARTESIAN_POINT('',(-3.059080262,2.577213214,0.));
#469=VERTEX_POINT('',#468);
#470=CARTESIAN_POINT('',(-3.059080262,2.577213214,0.));
#471=CARTESIAN_POINT('',(-4.007593742,3.882730019,0.));
#472=B_SPLINE_CURVE_WITH_KNOTS('',1,(#470,#471),.UNSPECIFIED.,.F.,.F.,(2,2),(0.,0.001613708),.UNSPECIFIED.);
#473=EDGE_CURVE('',#469,#439,#472,.T.);
#474=ORIENTED_EDGE('',*,*,#473,.F.);
#475=CARTESIAN_POINT('',(-3.059080262,2.577213214,45.));
#476=VERTEX_POINT('',#475);
#477=CARTESIAN_POINT('',(-3.059080262,2.577213214,45.));
#478=CARTESIAN_POINT('',(-3.059080262,2.577213214,0.));
#479=B_SPLINE_CURVE_WITH_KNOTS('',1,(#477,#478),.UNSPECIFIED.,.F.,.F.,(2,2),(0.,0.045),.UNSPECIFIED.);
#480=EDGE_CURVE('',#476,#469,#479,.T.);
#481=ORIENTED_EDGE('',*,*,#480,.F.);
#482=CARTESIAN_POINT('',(-3.059080262,2.577213214,45.));
#483=CARTESIAN_POINT('',(-4.007593742,3.882730019,45.));
#484=B_SPLINE_CURVE_WITH_KNOTS('',1,(#482,#483),.UNSPECIFIED.,.F.,.F.,(2,2),(0.,0.001613708),.UNSPECIFIED.);
#485=EDGE_CURVE('',#476,#447,#484,.T.);
#486=ORIENTED_EDGE('',*,*,#485,.T.);
#487=ORIENTED_EDGE('',*,*,#451,.T.);
#488=EDGE_LOOP('',(#474,#481,#486,#487));
#489=FACE_BOUND('',#488,.T.);
#490=ADVANCED_FACE('',(#489),#467,.T.);
#491=CARTESIAN_POINT('',(-3.059080262,2.577213214,45.));
#492=CARTESIAN_POINT('',(-3.059080262,2.577213214,-0.));
#493=CARTESIAN_POINT('',(-2.421926939,3.333496452,45.));
#494=CARTESIAN_POINT('',(-2.421926939,3.333496452,-0.));
#495=CARTESIAN_POINT('',(-1.505767633,3.705760898,45.));
#496=CARTESIAN_POINT('',(-1.505767633,3.705760898,-0.));
#497=(BOUNDED_SURFACE()
B_SPLINE_SURFACE(2,1,((#491,#492),(#493,#494),(#495,#496)),.UNSPECIFIED.,.F.,.F.,.U.)
B_SPLINE_SURFACE_WITH_KNOTS((3,3),(2,2),(0.729227182,1.172226218),(-0.,0.045),.UNSPECIFIED.)
GEOMETRIC_REPRESENTATION_ITEM()
RATIONAL_B_SPLINE_SURFACE(((0.773049212,0.773049212),(0.740936853,0.740936853),(0.753563707,0.753563707)))
REPRESENTATION_ITEM('')
SURFACE()
);
#498=CARTESIAN_POINT('',(-1.505767633,3.705760898,0.));
#499=VERTEX_POINT('',#498);
#500=CARTESIAN_POINT('',(-1.505767633,3.705760898,0.));
#501=CARTESIAN_POINT('',(-2.421926939,3.333496452,0.));
#502=CARTESIAN_POINT('',(-3.059080262,2.577213214,0.));
#503=(BOUNDED_CURVE()
B_SPLINE_CURVE(2,(#500,#501,#502),.UNSPECIFIED.,.F.,.F.)
B_SPLINE_CURVE_WITH_KNOTS((3,3),(1.328430476,1.813162178),.UNSPECIFIED.)
CURVE()
GEOMETRIC_REPRESENTATION_ITEM()
RATIONAL_B_SPLINE_CURVE((1.,0.970772888,1.))
REPRESENTATION_ITEM(''));
#504=EDGE_CURVE('',#499,#469,#503,.T.);
#505=ORIENTED_EDGE('',*,*,#504,.F.);
#506=CARTESIAN_POINT('',(-1.505767633,3.705760898,45.));
#507=VERTEX_POINT('',#506);
#508=CARTESIAN_POINT('',(-1.505767633,3.705760898,45.));
#509=CARTESIAN_POINT('',(-1.505767633,3.705760898,0.));
#510=B_SPLINE_CURVE_WITH_KNOTS('',1,(#508,#509),.UNSPECIFIED.,.F.,.F.,(2,2),(0.,0.045),.UNSPECIFIED.);
#511=EDGE_CURVE('',#507,#499,#510,.T.);
#512=ORIENTED_EDGE('',*,*,#511,.F.);
#513=CARTESIAN_POINT('',(-1.505767633,3.705760898,45.));
#514=CARTESIAN_POINT('',(-2.421926939,3.333496452,45.));
#515=CARTESIAN_POINT('',(-3.059080262,2.577213214,45.));
#516=(BOUNDED_CURVE()
B_SPLINE_CURVE(2,(#513,#514,#515),.UNSPECIFIED.,.F.,.F.)
B_SPLINE_CURVE_WITH_KNOTS((3,3),(1.328430476,1.813162178),.UNSPECIFIED.)
CURVE()
GEOMETRIC_REPRESENTATION_ITEM()
RATIONAL_B_SPLINE_CURVE((1.,0.970772888,1.))
REPRESENTATION_ITEM(''));
#517=EDGE_CURVE('',#507,#476,#516,.T.);
#518=ORIENTED_EDGE('',*,*,#517,.T.);
#519=ORIENTED_EDGE('',*,*,#480,.T.);
#520=EDGE_LOOP('',(#505,#512,#518,#519));
#521=FACE_BOUND('',#520,.T.);
#522=ADVANCED_FACE('',(#521),#497,.F.);
#523=CARTESIAN_POINT('',(-1.505767633,3.705760898,0.));
#524=CARTESIAN_POINT('',(-1.505767633,3.705760898,45.));
#525=CARTESIAN_POINT('',(-2.454281113,5.011277703,0.));
#526=CARTESIAN_POINT('',(-2.454281113,5.011277703,45.));
#527=B_SPLINE_SURFACE_WITH_KNOTS('',1,1,((#523,#524),(#525,#526)),.UNSPECIFIED.,.F.,.F.,.U.,(2,2),(2,2),(0.,0.001613708),(-0.045,0.),.UNSPECIFIED.);
#528=CARTESIAN_POINT('',(-2.454281113,5.011277703,0.));
#529=VERTEX_POINT('',#528);
#530=CARTESIAN_POINT('',(-2.454281113,5.011277703,0.));
#531=CARTESIAN_POINT('',(-1.505767633,3.705760898,0.));
#532=B_SPLINE_CURVE_WITH_KNOTS('',1,(#530,#531),.UNSPECIFIED.,.F.,.F.,(2,2),(-0.001613708,0.),.UNSPECIFIED.);
#533=EDGE_CURVE('',#529,#499,#532,.T.);
#534=ORIENTED_EDGE('',*,*,#533,.F.);
#535=CARTESIAN_POINT('',(-2.454281113,5.011277703,45.));
#536=VERTEX_POINT('',#535);
#537=CARTESIAN_POINT('',(-2.454281113,5.011277703,45.));
#538=CARTESIAN_POINT('',(-2.454281113,5.011277703,0.));
#539=B_SPLINE_CURVE_WITH_KNOTS('',1,(#537,#538),.UNSPECIFIED.,.F.,.F.,(2,2),(0.,0.045),.UNSPECIFIED.);
#540=EDGE_CURVE('',#536,#529,#539,.T.);
#541=ORIENTED_EDGE('',*,*,#540,.F.);
#542=CARTESIAN_POINT('',(-2.454281113,5.011277703,45.));
#543=CARTESIAN_POINT('',(-1.505767633,3.705760898,45.));
#544=B_SPLINE_CURVE_WITH_KNOTS('',1,(#542,#543),.UNSPECIFIED.,.F.,.F.,(2,2),(-0.001613708,0.),.UNSPECIFIED.);
#545=EDGE_CURVE('',#536,#507,#544,.T.);
#546=ORIENTED_EDGE('',*,*,#545,.T.);
#547=ORIENTED_EDGE('',*,*,#511,.T.);
#548=EDGE_LOOP('',(#534,#541,#546,#547));
#549=FACE_BOUND('',#548,.T.);
#550=ADVANCED_FACE('',(#549),#527,.T.);
#551=CARTESIAN_POINT('',(-2.454281113,5.011277703,45.));
#552=CARTESIAN_POINT('',(-2.454281113,5.011277703,-0.));
#553=CARTESIAN_POINT('',(-1.741661878,5.360284091,45.));
#554=CARTESIAN_POINT('',(-1.741661878,5.360284091,-0.));
#555=CARTESIAN_POINT('',(-0.96,5.496799069,45.));
#556=CARTESIAN_POINT('',(-0.96,5.496799069,-0.));
#557=(BOUNDED_SURFACE()
B_SPLINE_SURFACE(2,1,((#551,#552),(#553,#554),(#555,#556)),.UNSPECIFIED.,.F.,.F.,.U.)
B_SPLINE_SURFACE_WITH_KNOTS((3,3),(2,2),(1.10905709,1.368543458),(-0.,0.045),.UNSPECIFIED.)
GEOMETRIC_REPRESENTATION_ITEM()
RATIONAL_B_SPLINE_SURFACE(((0.750872361,0.750872361),(0.754531711,0.754531711),(0.773541185,0.773541185)))
REPRESENTATION_ITEM('')
SURFACE()
);
#558=CARTESIAN_POINT('',(-0.96,5.496799069,0.));
#559=VERTEX_POINT('',#558);
#560=CARTESIAN_POINT('',(-0.96,5.496799069,0.));
#561=CARTESIAN_POINT('',(-1.741661878,5.360284091,0.));
#562=CARTESIAN_POINT('',(-2.454281113,5.011277703,0.));
#563=(BOUNDED_CURVE()
B_SPLINE_CURVE(2,(#560,#561,#562),.UNSPECIFIED.,.F.,.F.)
B_SPLINE_CURVE_WITH_KNOTS((3,3),(1.115381026,1.397893097),.UNSPECIFIED.)
CURVE()
GEOMETRIC_REPRESENTATION_ITEM()
RATIONAL_B_SPLINE_CURVE((1.,0.990039944,1.))
REPRESENTATION_ITEM(''));
#564=EDGE_CURVE('',#559,#529,#563,.T.);
#565=ORIENTED_EDGE('',*,*,#564,.F.);
#566=CARTESIAN_POINT('',(-0.96,5.496799069,45.));
#567=VERTEX_POINT('',#566);
#568=CARTESIAN_POINT('',(-0.96,5.496799069,45.));
#569=CARTESIAN_POINT('',(-0.96,5.496799069,0.));
#570=B_SPLINE_CURVE_WITH_KNOTS('',1,(#568,#569),.UNSPECIFIED.,.F.,.F.,(2,2),(0.,0.045),.UNSPECIFIED.);
#571=EDGE_CURVE('',#567,#559,#570,.T.);
#572=ORIENTED_EDGE('',*,*,#571,.F.);
#573=CARTESIAN_POINT('',(-0.96,5.496799069,45.));
#574=CARTESIAN_POINT('',(-1.741661878,5.360284091,45.));
#575=CARTESIAN_POINT('',(-2.454281113,5.011277703,45.));
#576=(BOUNDED_CURVE()
B_SPLINE_CURVE(2,(#573,#574,#575),.UNSPECIFIED.,.F.,.F.)
B_SPLINE_CURVE_WITH_KNOTS((3,3),(1.115381026,1.397893097),.UNSPECIFIED.)
CURVE()
GEOMETRIC_REPRESENTATION_ITEM()
RATIONAL_B_SPLINE_CURVE((1.,0.990039944,1.))
REPRESENTATION_ITEM(''));
#577=EDGE_CURVE('',#567,#536,#576,.T.);
#578=ORIENTED_EDGE('',*,*,#577,.T.);
#579=ORIENTED_EDGE('',*,*,#540,.T.);
#580=EDGE_LOOP('',(#565,#572,#578,#579));
#581=FACE_BOUND('',#580,.T.);
#582=ADVANCED_FACE('',(#581),#557,.F.);
#583=CARTESIAN_POINT('',(-0.96,5.496799069,0.));
#584=CARTESIAN_POINT('',(-0.96,5.496799069,45.));
#585=CARTESIAN_POINT('',(-0.96,3.883091552,0.));
#586=CARTESIAN_POINT('',(-0.96,3.883091552,45.));
#587=B_SPLINE_SURFACE_WITH_KNOTS('',1,1,((#583,#584),(#585,#586)),.UNSPECIFIED.,.F.,.F.,.U.,(2,2),(2,2),(-0.001613708,0.),(-0.045,0.),.UNSPECIFIED.);
#588=CARTESIAN_POINT('',(-0.96,3.883091552,0.));
#589=VERTEX_POINT('',#588);
#590=CARTESIAN_POINT('',(-0.96,3.883091552,0.));
#591=CARTESIAN_POINT('',(-0.96,5.496799069,0.));
#592=B_SPLINE_CURVE_WITH_KNOTS('',1,(#590,#591),.UNSPECIFIED.,.F.,.F.,(2,2),(0.,0.001613708),.UNSPECIFIED.);
#593=EDGE_CURVE('',#589,#559,#592,.T.);
#594=ORIENTED_EDGE('',*,*,#593,.F.);
#595=CARTESIAN_POINT('',(-0.96,3.883091552,45.));
#596=VERTEX_POINT('',#595);
#597=CARTESIAN_POINT('',(-0.96,3.883091552,45.));
#598=CARTESIAN_POINT('',(-0.96,3.883091552,0.));
#599=B_SPLINE_CURVE_WITH_KNOTS('',1,(#597,#598),.UNSPECIFIED.,.F.,.F.,(2,2),(0.,0.045),.UNSPECIFIED.);
#600=EDGE_CURVE('',#596,#589,#599,.T.);
#601=ORIENTED_EDGE('',*,*,#600,.F.);
#602=CARTESIAN_POINT('',(-0.96,3.883091552,45.));
#603=CARTESIAN_POINT('',(-0.96,5.496799069,45.));
#604=B_SPLINE_CURVE_WITH_KNOTS('',1,(#602,#603),.UNSPECIFIED.,.F.,.F.,(2,2),(0.,0.001613708),.UNSPECIFIED.);
#605=EDGE_CURVE('',#596,#567,#604,.T.);
#606=ORIENTED_EDGE('',*,*,#605,.T.);
#607=ORIENTED_EDGE('',*,*,#571,.T.);
#608=EDGE_LOOP('',(#594,#601,#606,#607));
#609=FACE_BOUND('',#608,.T.);
#610=ADVANCED_FACE('',(#609),#587,.T.);
#611=CARTESIAN_POINT('',(-0.96,3.883091552,45.));
#612=CARTESIAN_POINT('',(-0.96,3.883091552,-0.));
#613=CARTESIAN_POINT('',(-0.,4.120428217,45.));
#614=CARTESIAN_POINT('',(-0.,4.120428217,-0.));
#615=CARTESIAN_POINT('',(0.96,3.883091552,45.));
#616=CARTESIAN_POINT('',(0.96,3.883091552,-0.));
#617=(BOUNDED_SURFACE()
B_SPLINE_SURFACE(2,1,((#611,#612),(#613,#614),(#615,#616)),.UNSPECIFIED.,.F.,.F.,.U.)
B_SPLINE_SURFACE_WITH_KNOTS((3,3),(2,2),(1.303942038,1.77793186),(-0.,0.045),.UNSPECIFIED.)
GEOMETRIC_REPRESENTATION_ITEM()
RATIONAL_B_SPLINE_SURFACE(((0.765027441,0.765027441),(0.792770408,0.792770408),(0.871731162,0.871731162)))
REPRESENTATION_ITEM('')
SURFACE()
);
#618=CARTESIAN_POINT('',(0.96,3.883091552,0.));
#619=VERTEX_POINT('',#618);
#620=CARTESIAN_POINT('',(0.96,3.883091552,0.));
#621=CARTESIAN_POINT('',(0.,4.120428217,0.));
#622=CARTESIAN_POINT('',(-0.96,3.883091552,0.));
#623=(BOUNDED_CURVE()
B_SPLINE_CURVE(2,(#620,#621,#622),.UNSPECIFIED.,.F.,.F.)
B_SPLINE_CURVE_WITH_KNOTS((3,3),(1.328430476,1.813162178),.UNSPECIFIED.)
CURVE()
GEOMETRIC_REPRESENTATION_ITEM()
RATIONAL_B_SPLINE_CURVE((1.,0.970772888,1.))
REPRESENTATION_ITEM(''));
#624=EDGE_CURVE('',#619,#589,#623,.T.);
#625=ORIENTED_EDGE('',*,*,#624,.F.);
#626=CARTESIAN_POINT('',(0.96,3.883091552,45.));
#627=VERTEX_POINT('',#626);
#628=CARTESIAN_POINT('',(0.96,3.883091552,45.));
#629=CARTESIAN_POINT('',(0.96,3.883091552,0.));
#630=B_SPLINE_CURVE_WITH_KNOTS('',1,(#628,#629),.UNSPECIFIED.,.F.,.F.,(2,2),(0.,0.045),.UNSPECIFIED.);
#631=EDGE_CURVE('',#627,#619,#630,.T.);
#632=ORIENTED_EDGE('',*,*,#631,.F.);
#633=CARTESIAN_POINT('',(0.96,3.883091552,45.));
#634=CARTESIAN_POINT('',(0.,4.120428217,45.));
#635=CARTESIAN_POINT('',(-0.96,3.883091552,45.));
#636=(BOUNDED_CURVE()
B_SPLINE_CURVE(2,(#633,#634,#635),.UNSPECIFIED.,.F.,.F.)
B_SPLINE_CURVE_WITH_KNOTS((3,3),(1.328430476,1.813162178),.UNSPECIFIED.)
CURVE()
GEOMETRIC_REPRESENTATION_ITEM()
RATIONAL_B_SPLINE_CURVE((1.,0.970772888,1.))
REPRESENTATION_ITEM(''));
#637=EDGE_CURVE('',#627,#596,#636,.T.);
#638=ORIENTED_EDGE('',*,*,#637,.T.);
#639=ORIENTED_EDGE('',*,*,#600,.T.);
#640=EDGE_LOOP('',(#625,#632,#638,#639));
#641=FACE_BOUND('',#640,.T.);
#642=ADVANCED_FACE('',(#641),#617,.F.);
#643=CARTESIAN_POINT('',(0.96,3.883091552,0.));
#644=CARTESIAN_POINT('',(0.96,3.883091552,45.));
#645=CARTESIAN_POINT('',(0.96,5.496799069,0.));
#646=CARTESIAN_POINT('',(0.96,5.496799069,45.));
#647=B_SPLINE_SURFACE_WITH_KNOTS('',1,1,((#643,#644),(#645,#646)),.UNSPECIFIED.,.F.,.F.,.U.,(2,2),(2,2),(0.,0.001613708),(-0.045,0.),.UNSPECIFIED.);
#648=CARTESIAN_POINT('',(0.96,5.496799069,0.));
#649=VERTEX_POINT('',#648);
#650=CARTESIAN_POINT('',(0.96,5.496799069,0.));
#651=CARTESIAN_POINT('',(0.96,3.883091552,0.));
#652=B_SPLINE_CURVE_WITH_KNOTS('',1,(#650,#651),.UNSPECIFIED.,.F.,.F.,(2,2),(-0.001613708,0.),.UNSPECIFIED.);
#653=EDGE_CURVE('',#649,#619,#652,.T.);
#654=ORIENTED_EDGE('',*,*,#653,.F.);
#655=CARTESIAN_POINT('',(0.96,5.496799069,45.));
#656=VERTEX_POINT('',#655);
#657=CARTESIAN_POINT('',(0.96,5.496799069,45.));
#658=CARTESIAN_POINT('',(0.96,5.496799069,0.));
#659=B_SPLINE_CURVE_WITH_KNOTS('',1,(#657,#658),.UNSPECIFIED.,.F.,.F.,(2,2),(0.,0.045),.UNSPECIFIED.);
#660=EDGE_CURVE('',#656,#649,#659,.T.);
#661=ORIENTED_EDGE('',*,*,#660,.F.);
#662=CARTESIAN_POINT('',(0.96,5.496799069,45.));
#663=CARTESIAN_POINT('',(0.96,3.883091552,45.));
#664=B_SPLINE_CURVE_WITH_KNOTS('',1,(#662,#663),.UNSPECIFIED.,.F.,.F.,(2,2),(-0.001613708,0.),.UNSPECIFIED.);
#665=EDGE_CURVE('',#656,#627,#664,.T.);
#666=ORIENTED_EDGE('',*,*,#665,.T.);
#667=ORIENTED_EDGE('',*,*,#631,.T.);
#668=EDGE_LOOP('',(#654,#661,#666,#667));
#669=FACE_BOUND('',#668,.T.);
#670=ADVANCED_FACE('',(#669),#647,.T.);
#671=CARTESIAN_POINT('',(0.96,5.496799069,45.));
#672=CARTESIAN_POINT('',(0.96,5.496799069,-0.));
#673=CARTESIAN_POINT('',(1.741661878,5.360284091,45.));
#674=CARTESIAN_POINT('',(1.741661878,5.360284091,-0.));
#675=CARTESIAN_POINT('',(2.454281113,5.011277703,45.));
#676=CARTESIAN_POINT('',(2.454281113,5.011277703,-0.));
#677=(BOUNDED_SURFACE()
B_SPLINE_SURFACE(2,1,((#671,#672),(#673,#674),(#675,#676)),.UNSPECIFIED.,.F.,.F.,.U.)
B_SPLINE_SURFACE_WITH_KNOTS((3,3),(2,2),(1.705693263,2.013508417),(-0.,0.045),.UNSPECIFIED.)
GEOMETRIC_REPRESENTATION_ITEM()
RATIONAL_B_SPLINE_SURFACE(((0.848852732,0.848852732),(0.895061641,0.895061641),(0.962870999,0.962870999)))
REPRESENTATION_ITEM('')
SURFACE()
);
#678=CARTESIAN_POINT('',(2.454281113,5.011277703,0.));
#679=VERTEX_POINT('',#678);
#680=CARTESIAN_POINT('',(2.454281113,5.011277703,0.));
#681=CARTESIAN_POINT('',(1.741661878,5.360284091,0.));
#682=CARTESIAN_POINT('',(0.96,5.496799069,0.));
#683=(BOUNDED_CURVE()
B_SPLINE_CURVE(2,(#680,#681,#682),.UNSPECIFIED.,.F.,.F.)
B_SPLINE_CURVE_WITH_KNOTS((3,3),(1.115381026,1.397893097),.UNSPECIFIED.)
CURVE()
GEOMETRIC_REPRESENTATION_ITEM()
RATIONAL_B_SPLINE_CURVE((1.,0.990039944,1.))
REPRESENTATION_ITEM(''));
#684=EDGE_CURVE('',#679,#649,#683,.T.);
#685=ORIENTED_EDGE('',*,*,#684,.F.);
#686=CARTESIAN_POINT('',(2.454281113,5.011277703,45.));
#687=VERTEX_POINT('',#686);
#688=CARTESIAN_POINT('',(2.454281113,5.011277703,45.));
#689=CARTESIAN_POINT('',(2.454281113,5.011277703,0.));
#690=B_SPLINE_CURVE_WITH_KNOTS('',1,(#688,#689),.UNSPECIFIED.,.F.,.F.,(2,2),(0.,0.045),.UNSPECIFIED.);
#691=EDGE_CURVE('',#687,#679,#690,.T.);
#692=ORIENTED_EDGE('',*,*,#691,.F.);
#693=CARTESIAN_POINT('',(2.454281113,5.011277703,45.));
#694=CARTESIAN_POINT('',(1.741661878,5.360284091,45.));
#695=CARTESIAN_POINT('',(0.96,5.496799069,45.));
#696=(BOUNDED_CURVE()
B_SPLINE_CURVE(2,(#693,#694,#695),.UNSPECIFIED.,.F.,.F.)
B_SPLINE_CURVE_WITH_KNOTS((3,3),(1.115381026,1.397893097),.UNSPECIFIED.)
CURVE()
GEOMETRIC_REPRESENTATION_ITEM()
RATIONAL_B_SPLINE_CURVE((1.,0.990039944,1.))
REPRESENTATION_ITEM(''));
#697=EDGE_CURVE('',#687,#656,#696,.T.);
#698=ORIENTED_EDGE('',*,*,#697,.T.);
#699=ORIENTED_EDGE('',*,*,#660,.T.);
#700=EDGE_LOOP('',(#685,#692,#698,#699));
#701=FACE_BOUND('',#700,.T.);
#702=ADVANCED_FACE('',(#701),#677,.F.);
#703=CARTESIAN_POINT('',(2.454281113,5.011277703,0.));
#704=CARTESIAN_POINT('',(2.454281113,5.011277703,45.));
#705=CARTESIAN_POINT('',(1.505767633,3.705760898,0.));
#706=CARTESIAN_POINT('',(1.505767633,3.705760898,45.));
#707=B_SPLINE_SURFACE_WITH_KNOTS('',1,1,((#703,#704),(#705,#706)),.UNSPECIFIED.,.F.,.F.,.U.,(2,2),(2,2),(-0.001613708,0.),(-0.045,0.),.UNSPECIFIED.);
#708=CARTESIAN_POINT('',(1.505767633,3.705760898,0.));
#709=VERTEX_POINT('',#708);
#710=CARTESIAN_POINT('',(1.505767633,3.705760898,0.));
#711=CARTESIAN_POINT('',(2.454281113,5.011277703,0.));
#712=B_SPLINE_CURVE_WITH_KNOTS('',1,(#710,#711),.UNSPECIFIED.,.F.,.F.,(2,2),(0.,0.001613708),.UNSPECIFIED.);
#713=EDGE_CURVE('',#709,#679,#712,.T.);
#714=ORIENTED_EDGE('',*,*,#713,.F.);
#715=CARTESIAN_POINT('',(1.505767633,3.705760898,45.));
#716=VERTEX_POINT('',#715);
#717=CARTESIAN_POINT('',(1.505767633,3.705760898,45.));
#718=CARTESIAN_POINT('',(1.505767633,3.705760898,0.));
#719=B_SPLINE_CURVE_WITH_KNOTS('',1,(#717,#718),.UNSPECIFIED.,.F.,.F.,(2,2),(0.,0.045),.UNSPECIFIED.);
#720=EDGE_CURVE('',#716,#709,#719,.T.);
#721=ORIENTED_EDGE('',*,*,#720,.F.);
#722=CARTESIAN_POINT('',(1.505767633,3.705760898,45.));
#723=CARTESIAN_POINT('',(2.454281113,5.011277703,45.));
#724=B_SPLINE_CURVE_WITH_KNOTS('',1,(#722,#723),.UNSPECIFIED.,.F.,.F.,(2,2),(0.,0.001613708),.UNSPECIFIED.);
#725=EDGE_CURVE('',#716,#687,#724,.T.);
#726=ORIENTED_EDGE('',*,*,#725,.T.);
#727=ORIENTED_EDGE('',*,*,#691,.T.);
#728=EDGE_LOOP('',(#714,#721,#726,#727));
#729=FACE_BOUND('',#728,.T.);
#730=ADVANCED_FACE('',(#729),#707,.T.);
#731=CARTESIAN_POINT('',(1.505767633,3.705760898,45.));
#732=CARTESIAN_POINT('',(1.505767633,3.705760898,-0.));
#733=CARTESIAN_POINT('',(1.761212835,3.601965449,45.));
#734=CARTESIAN_POINT('',(1.761212835,3.601965449,-0.));
#735=CARTESIAN_POINT('',(2.,3.464101615,45.));
#736=CARTESIAN_POINT('',(2.,3.464101615,-0.));
#737=CARTESIAN_POINT('',(2.607278672,3.11348911,45.));
#738=CARTESIAN_POINT('',(2.607278672,3.11348911,-0.));
#739=CARTESIAN_POINT('',(3.059080262,2.577213214,45.));
#740=CARTESIAN_POINT('',(3.059080262,2.577213214,-0.));
#741=(BOUNDED_SURFACE()
B_SPLINE_SURFACE(2,1,((#731,#732),(#733,#734),(#735,#736),(#737,#738),(#739,#740)),.UNSPECIFIED.,.F.,.F.,.U.)
B_SPLINE_SURFACE_WITH_KNOTS((3,2,3),(2,2),(1.934070778,2.094395102,2.479389149),(-0.,0.045),.UNSPECIFIED.)
GEOMETRIC_REPRESENTATION_ITEM()
RATIONAL_B_SPLINE_SURFACE(((0.929310558,0.929310558),(0.961725387,0.961725387),(1.,1.),(0.908089442,0.908089442),(0.849969086,0.849969086)))
REPRESENTATION_ITEM('')
SURFACE()
);
#742=CARTESIAN_POINT('',(3.059080262,2.577213214,0.));
#743=VERTEX_POINT('',#742);
#744=CARTESIAN_POINT('',(3.059080262,2.577213214,0.));
#745=CARTESIAN_POINT('',(2.421926939,3.333496452,0.));
#746=CARTESIAN_POINT('',(1.505767633,3.705760898,0.));
#747=(BOUNDED_CURVE()
B_SPLINE_CURVE(2,(#744,#745,#746),.UNSPECIFIED.,.F.,.F.)
B_SPLINE_CURVE_WITH_KNOTS((3,3),(1.328430476,1.813162178),.UNSPECIFIED.)
CURVE()
GEOMETRIC_REPRESENTATION_ITEM()
RATIONAL_B_SPLINE_CURVE((1.,0.970772888,1.))
REPRESENTATION_ITEM(''));
#748=EDGE_CURVE('',#743,#709,#747,.T.);
#749=ORIENTED_EDGE('',*,*,#748,.F.);
#750=CARTESIAN_POINT('',(3.059080262,2.577213214,45.));
#751=VERTEX_POINT('',#750);
#752=CARTESIAN_POINT('',(3.059080262,2.577213214,45.));
#753=CARTESIAN_POINT('',(3.059080262,2.577213214,0.));
#754=B_SPLINE_CURVE_WITH_KNOTS('',1,(#752,#753),.UNSPECIFIED.,.F.,.F.,(2,2),(0.,0.045),.UNSPECIFIED.);
#755=EDGE_CURVE('',#751,#743,#754,.T.);
#756=ORIENTED_EDGE('',*,*,#755,.F.);
#757=CARTESIAN_POINT('',(3.059080262,2.577213214,45.));
#758=CARTESIAN_POINT('',(2.421926939,3.333496452,45.));
#759=CARTESIAN_POINT('',(1.505767633,3.705760898,45.));
#760=(BOUNDED_CURVE()
B_SPLINE_CURVE(2,(#757,#758,#759),.UNSPECIFIED.,.F.,.F.)
B_SPLINE_CURVE_WITH_KNOTS((3,3),(1.328430476,1.813162178),.UNSPECIFIED.)
CURVE()
GEOMETRIC_REPRESENTATION_ITEM()
RATIONAL_B_SPLINE_CURVE((1.,0.970772888,1.))
REPRESENTATION_ITEM(''));
#761=EDGE_CURVE('',#751,#716,#760,.T.);
#762=ORIENTED_EDGE('',*,*,#761,.T.);
#763=ORIENTED_EDGE('',*,*,#720,.T.);
#764=EDGE_LOOP('',(#749,#756,#762,#763));
#765=FACE_BOUND('',#764,.T.);
#766=ADVANCED_FACE('',(#765),#741,.F.);
#767=CARTESIAN_POINT('',(3.059080262,2.577213214,0.));
#768=CARTESIAN_POINT('',(3.059080262,2.577213214,45.));
#769=CARTESIAN_POINT('',(4.007593742,3.882730019,0.));
#770=CARTESIAN_POINT('',(4.007593742,3.882730019,45.));
#771=B_SPLINE_SURFACE_WITH_KNOTS('',1,1,((#767,#768),(#769,#770)),.UNSPECIFIED.,.F.,.F.,.U.,(2,2),(2,2),(0.,0.001613708),(-0.045,0.),.UNSPECIFIED.);
#772=CARTESIAN_POINT('',(4.007593742,3.882730019,0.));
#773=VERTEX_POINT('',#772);
#774=CARTESIAN_POINT('',(4.007593742,3.882730019,0.));
#775=CARTESIAN_POINT('',(3.059080262,2.577213214,0.));
#776=B_SPLINE_CURVE_WITH_KNOTS('',1,(#774,#775),.UNSPECIFIED.,.F.,.F.,(2,2),(-0.001613708,0.),.UNSPECIFIED.);
#777=EDGE_CURVE('',#773,#743,#776,.T.);
#778=ORIENTED_EDGE('',*,*,#777,.F.);
#779=CARTESIAN_POINT('',(4.007593742,3.882730019,45.));
#780=VERTEX_POINT('',#779);
#781=CARTESIAN_POINT('',(4.007593742,3.882730019,45.));
#782=CARTESIAN_POINT('',(4.007593742,3.882730019,0.));
#783=B_SPLINE_CURVE_WITH_KNOTS('',1,(#781,#782),.UNSPECIFIED.,.F.,.F.,(2,2),(0.,0.045),.UNSPECIFIED.);
#784=EDGE_CURVE('',#780,#773,#783,.T.);
#785=ORIENTED_EDGE('',*,*,#784,.F.);
#786=CARTESIAN_POINT('',(4.007593742,3.882730019,45.));
#787=CARTESIAN_POINT('',(3.059080262,2.577213214,45.));
#788=B_SPLINE_CURVE_WITH_KNOTS('',1,(#786,#787),.UNSPECIFIED.,.F.,.F.,(2,2),(-0.001613708,0.),.UNSPECIFIED.);
#789=EDGE_CURVE('',#780,#751,#788,.T.);
#790=ORIENTED_EDGE('',*,*,#789,.T.);
#791=ORIENTED_EDGE('',*,*,#755,.T.);
#792=EDGE_LOOP('',(#778,#785,#790,#791));
#793=FACE_BOUND('',#792,.T.);
#794=ADVANCED_FACE('',(#793),#771,.T.);
#795=CARTESIAN_POINT('',(4.007593742,3.882730019,45.));
#796=CARTESIAN_POINT('',(4.007593742,3.882730019,-0.));
#797=CARTESIAN_POINT('',(4.559729995,3.312837757,45.));
#798=CARTESIAN_POINT('',(4.559729995,3.312837757,-0.));
#799=CARTESIAN_POINT('',(4.931110258,2.611618582,45.));
#800=CARTESIAN_POINT('',(4.931110258,2.611618582,-0.));
#801=(BOUNDED_SURFACE()
B_SPLINE_SURFACE(2,1,((#795,#796),(#797,#798),(#799,#800)),.UNSPECIFIED.,.F.,.F.,.U.)
B_SPLINE_SURFACE_WITH_KNOTS((3,3),(2,2),(2.407050345,2.69093121),(-0.,0.045),.UNSPECIFIED.)
GEOMETRIC_REPRESENTATION_ITEM()
RATIONAL_B_SPLINE_SURFACE(((0.873003198,0.873003198),(0.825465767,0.825465767),(0.796300276,0.796300276)))
REPRESENTATION_ITEM('')
SURFACE()
);
#802=CARTESIAN_POINT('',(4.931110258,2.611618582,0.));
#803=VERTEX_POINT('',#802);
#804=CARTESIAN_POINT('',(4.931110258,2.611618582,0.));
#805=CARTESIAN_POINT('',(4.559729995,3.312837757,0.));
#806=CARTESIAN_POINT('',(4.007593742,3.882730019,0.));
#807=(BOUNDED_CURVE()
B_SPLINE_CURVE(2,(#804,#805,#806),.UNSPECIFIED.,.F.,.F.)
B_SPLINE_CURVE_WITH_KNOTS((3,3),(1.115381026,1.397893097),.UNSPECIFIED.)
CURVE()
GEOMETRIC_REPRESENTATION_ITEM()
RATIONAL_B_SPLINE_CURVE((1.,0.990039944,1.))
REPRESENTATION_ITEM(''));
#808=EDGE_CURVE('',#803,#773,#807,.T.);
#809=ORIENTED_EDGE('',*,*,#808,.F.);
#810=CARTESIAN_POINT('',(4.931110258,2.611618582,45.));
#811=VERTEX_POINT('',#810);
#812=CARTESIAN_POINT('',(4.931110258,2.611618582,45.));
#813=CARTESIAN_POINT('',(4.931110258,2.611618582,0.));
#814=B_SPLINE_CURVE_WITH_KNOTS('',1,(#812,#813),.UNSPECIFIED.,.F.,.F.,(2,2),(0.,0.045),.UNSPECIFIED.);
#815=EDGE_CURVE('',#811,#803,#814,.T.);
#816=ORIENTED_EDGE('',*,*,#815,.F.);
#817=CARTESIAN_POINT('',(4.931110258,2.611618582,45.));
#818=CARTESIAN_POINT('',(4.559729995,3.312837757,45.));
#819=CARTESIAN_POINT('',(4.007593742,3.882730019,45.));
#820=(BOUNDED_CURVE()
B_SPLINE_CURVE(2,(#817,#818,#819),.UNSPECIFIED.,.F.,.F.)
B_SPLINE_CURVE_WITH_KNOTS((3,3),(1.115381026,1.397893097),.UNSPECIFIED.)
CURVE()
GEOMETRIC_REPRESENTATION_ITEM()
RATIONAL_B_SPLINE_CURVE((1.,0.990039944,1.))
REPRESENTATION_ITEM(''));
#821=EDGE_CURVE('',#811,#780,#820,.T.);
#822=ORIENTED_EDGE('',*,*,#821,.T.);
#823=ORIENTED_EDGE('',*,*,#784,.T.);
#824=EDGE_LOOP('',(#809,#816,#822,#823));
#825=FACE_BOUND('',#824,.T.);
#826=ADVANCED_FACE('',(#825),#801,.F.);
#827=CARTESIAN_POINT('',(4.931110258,2.611618582,0.));
#828=CARTESIAN_POINT('',(4.931110258,2.611618582,45.));
#829=CARTESIAN_POINT('',(3.396383209,2.112955536,0.));
#830=CARTESIAN_POINT('',(3.396383209,2.112955536,45.));
#831=B_SPLINE_SURFACE_WITH_KNOTS('',1,1,((#827,#828),(#829,#830)),.UNSPECIFIED.,.F.,.F.,.U.,(2,2),(2,2),(-0.001613708,0.),(-0.045,0.),.UNSPECIFIED.);
#832=CARTESIAN_POINT('',(3.396383209,2.112955536,0.));
#833=VERTEX_POINT('',#832);
#834=CARTESIAN_POINT('',(3.396383209,2.112955536,0.));
#835=CARTESIAN_POINT('',(4.931110258,2.611618582,0.));
#836=B_SPLINE_CURVE_WITH_KNOTS('',1,(#834,#835),.UNSPECIFIED.,.F.,.F.,(2,2),(0.,0.001613708),.UNSPECIFIED.);
#837=EDGE_CURVE('',#833,#803,#836,.T.);
#838=ORIENTED_EDGE('',*,*,#837,.F.);
#839=CARTESIAN_POINT('',(3.396383209,2.112955536,45.));
#840=VERTEX_POINT('',#839);
#841=CARTESIAN_POINT('',(3.396383209,2.112955536,45.));
#842=CARTESIAN_POINT('',(3.396383209,2.112955536,0.));
#843=B_SPLINE_CURVE_WITH_KNOTS('',1,(#841,#842),.UNSPECIFIED.,.F.,.F.,(2,2),(0.,0.045),.UNSPECIFIED.);
#844=EDGE_CURVE('',#840,#833,#843,.T.);
#845=ORIENTED_EDGE('',*,*,#844,.F.);
#846=CARTESIAN_POINT('',(3.396383209,2.112955536,45.));
#847=CARTESIAN_POINT('',(4.931110258,2.611618582,45.));
#848=B_SPLINE_CURVE_WITH_KNOTS('',1,(#846,#847),.UNSPECIFIED.,.F.,.F.,(2,2),(0.,0.001613708),.UNSPECIFIED.);
#849=EDGE_CURVE('',#840,#811,#848,.T.);
#850=ORIENTED_EDGE('',*,*,#849,.T.);
#851=ORIENTED_EDGE('',*,*,#815,.T.);
#852=EDGE_LOOP('',(#838,#845,#850,#851));
#853=FACE_BOUND('',#852,.T.);
#854=ADVANCED_FACE('',(#853),#831,.T.);
#855=CARTESIAN_POINT('',(3.396383209,2.112955536,45.));
#856=CARTESIAN_POINT('',(3.396383209,2.112955536,-0.));
#857=CARTESIAN_POINT('',(3.918760106,1.273282343,45.));
#858=CARTESIAN_POINT('',(3.918760106,1.273282343,-0.));
#859=CARTESIAN_POINT('',(3.989695838,0.286927025,45.));
#860=CARTESIAN_POINT('',(3.989695838,0.286927025,-0.));
#861=(BOUNDED_SURFACE()
B_SPLINE_SURFACE(2,1,((#855,#856),(#857,#858),(#859,#860)),.UNSPECIFIED.,.F.,.F.,.U.)
B_SPLINE_SURFACE_WITH_KNOTS((3,3),(2,2),(2.62343705,3.076455248),(-0.,0.045),.UNSPECIFIED.)
GEOMETRIC_REPRESENTATION_ITEM()
RATIONAL_B_SPLINE_SURFACE(((0.811207293,0.811207293),(0.757694376,0.757694376),(0.750967261,0.750967261)))
REPRESENTATION_ITEM('')
SURFACE()
);
#862=CARTESIAN_POINT('',(3.989695838,0.286927025,0.));
#863=VERTEX_POINT('',#862);
#864=CARTESIAN_POINT('',(3.989695838,0.286927025,0.));
#865=CARTESIAN_POINT('',(3.918760106,1.273282343,0.));
#866=CARTESIAN_POINT('',(3.396383209,2.112955536,0.));
#867=(BOUNDED_CURVE()
B_SPLINE_CURVE(2,(#864,#865,#866),.UNSPECIFIED.,.F.,.F.)
B_SPLINE_CURVE_WITH_KNOTS((3,3),(1.328430476,1.813162178),.UNSPECIFIED.)
CURVE()
GEOMETRIC_REPRESENTATION_ITEM()
RATIONAL_B_SPLINE_CURVE((1.,0.970772888,1.))
REPRESENTATION_ITEM(''));
#868=EDGE_CURVE('',#863,#833,#867,.T.);
#869=ORIENTED_EDGE('',*,*,#868,.F.);
#870=CARTESIAN_POINT('',(3.989695838,0.286927025,45.));
#871=VERTEX_POINT('',#870);
#872=CARTESIAN_POINT('',(3.989695838,0.286927025,45.));
#873=CARTESIAN_POINT('',(3.989695838,0.286927025,0.));
#874=B_SPLINE_CURVE_WITH_KNOTS('',1,(#872,#873),.UNSPECIFIED.,.F.,.F.,(2,2),(0.,0.045),.UNSPECIFIED.);
#875=EDGE_CURVE('',#871,#863,#874,.T.);
#876=ORIENTED_EDGE('',*,*,#875,.F.);
#877=CARTESIAN_POINT('',(3.989695838,0.286927025,45.));
#878=CARTESIAN_POINT('',(3.918760106,1.273282343,45.));
#879=CARTESIAN_POINT('',(3.396383209,2.112955536,45.));
#880=(BOUNDED_CURVE()
B_SPLINE_CURVE(2,(#877,#878,#879),.UNSPECIFIED.,.F.,.F.)
B_SPLINE_CURVE_WITH_KNOTS((3,3),(1.328430476,1.813162178),.UNSPECIFIED.)
CURVE()
GEOMETRIC_REPRESENTATION_ITEM()
RATIONAL_B_SPLINE_CURVE((1.,0.970772888,1.))
REPRESENTATION_ITEM(''));
#881=EDGE_CURVE('',#871,#840,#880,.T.);
#882=ORIENTED_EDGE('',*,*,#881,.T.);
#883=ORIENTED_EDGE('',*,*,#844,.T.);
#884=EDGE_LOOP('',(#869,#876,#882,#883));
#885=FACE_BOUND('',#884,.T.);
#886=ADVANCED_FACE('',(#885),#861,.F.);
#887=CARTESIAN_POINT('',(3.989695838,0.286927025,0.));
#888=CARTESIAN_POINT('',(3.989695838,0.286927025,45.));
#889=CARTESIAN_POINT('',(5.524422888,0.785590071,0.));
#890=CARTESIAN_POINT('',(5.524422888,0.785590071,45.));
#891=B_SPLINE_SURFACE_WITH_KNOTS('',1,1,((#887,#888),(#889,#890)),.UNSPECIFIED.,.F.,.F.,.U.,(2,2),(2,2),(-0.,0.001613708),(-0.045,0.),.UNSPECIFIED.);
#892=CARTESIAN_POINT('',(5.524422888,0.785590071,0.));
#893=VERTEX_POINT('',#892);
#894=CARTESIAN_POINT('',(5.524422888,0.785590071,0.));
#895=CARTESIAN_POINT('',(3.989695838,0.286927025,0.));
#896=B_SPLINE_CURVE_WITH_KNOTS('',1,(#894,#895),.UNSPECIFIED.,.F.,.F.,(2,2),(-0.001613708,0.),.UNSPECIFIED.);
#897=EDGE_CURVE('',#893,#863,#896,.T.);
#898=ORIENTED_EDGE('',*,*,#897,.F.);
#899=CARTESIAN_POINT('',(5.524422888,0.785590071,45.));
#900=VERTEX_POINT('',#899);
#901=CARTESIAN_POINT('',(5.524422888,0.785590071,45.));
#902=CARTESIAN_POINT('',(5.524422888,0.785590071,0.));
#903=B_SPLINE_CURVE_WITH_KNOTS('',1,(#901,#902),.UNSPECIFIED.,.F.,.F.,(2,2),(0.,0.045),.UNSPECIFIED.);
#904=EDGE_CURVE('',#900,#893,#903,.T.);
#905=ORIENTED_EDGE('',*,*,#904,.F.);
#906=CARTESIAN_POINT('',(5.524422888,0.785590071,45.));
#907=CARTESIAN_POINT('',(3.989695838,0.286927025,45.));
#908=B_SPLINE_CURVE_WITH_KNOTS('',1,(#906,#907),.UNSPECIFIED.,.F.,.F.,(2,2),(-0.001613708,0.),.UNSPECIFIED.);
#909=EDGE_CURVE('',#900,#871,#908,.T.);
#910=ORIENTED_EDGE('',*,*,#909,.T.);
#911=ORIENTED_EDGE('',*,*,#875,.T.);
#912=EDGE_LOOP('',(#898,#905,#910,#911));
#913=FACE_BOUND('',#912,.T.);
#914=ADVANCED_FACE('',(#913),#891,.T.);
#915=CARTESIAN_POINT('',(5.524422888,0.785590071,45.));
#916=CARTESIAN_POINT('',(5.524422888,0.785590071,-0.));
#917=CARTESIAN_POINT('',(5.636136233,0.,45.));
#918=CARTESIAN_POINT('',(5.636136233,0.,-0.));
#919=CARTESIAN_POINT('',(5.524422888,-0.785590071,45.));
#920=CARTESIAN_POINT('',(5.524422888,-0.785590071,-0.));
#921=(BOUNDED_SURFACE()
B_SPLINE_SURFACE(2,1,((#915,#916),(#917,#918),(#919,#920)),.UNSPECIFIED.,.F.,.F.,.U.)
B_SPLINE_SURFACE_WITH_KNOTS((3,3),(2,2),(3.013274164,3.269911143),(-0.,0.045),.UNSPECIFIED.)
GEOMETRIC_REPRESENTATION_ITEM()
RATIONAL_B_SPLINE_SURFACE(((0.753753715,0.753753715),(0.746246285,0.746246285),(0.753753715,0.753753715)))
REPRESENTATION_ITEM('')
SURFACE()
);
#922=CARTESIAN_POINT('',(5.524422888,-0.785590071,0.));
#923=VERTEX_POINT('',#922);
#924=CARTESIAN_POINT('',(5.524422888,-0.785590071,0.));
#925=CARTESIAN_POINT('',(5.636136233,-0.,0.));
#926=CARTESIAN_POINT('',(5.524422888,0.785590071,0.));
#927=(BOUNDED_CURVE()
B_SPLINE_CURVE(2,(#924,#925,#926),.UNSPECIFIED.,.F.,.F.)
B_SPLINE_CURVE_WITH_KNOTS((3,3),(1.115381026,1.397893097),.UNSPECIFIED.)
CURVE()
GEOMETRIC_REPRESENTATION_ITEM()
RATIONAL_B_SPLINE_CURVE((1.,0.990039944,1.))
REPRESENTATION_ITEM(''));
#928=EDGE_CURVE('',#923,#893,#927,.T.);
#929=ORIENTED_EDGE('',*,*,#928,.F.);
#930=CARTESIAN_POINT('',(5.524422888,-0.785590071,45.));
#931=VERTEX_POINT('',#930);
#932=CARTESIAN_POINT('',(5.524422888,-0.785590071,45.));
#933=CARTESIAN_POINT('',(5.524422888,-0.785590071,0.));
#934=B_SPLINE_CURVE_WITH_KNOTS('',1,(#932,#933),.UNSPECIFIED.,.F.,.F.,(2,2),(0.,0.045),.UNSPECIFIED.);
#935=EDGE_CURVE('',#931,#923,#934,.T.);
#936=ORIENTED_EDGE('',*,*,#935,.F.);
#937=CARTESIAN_POINT('',(5.524422888,-0.785590071,45.));
#938=CARTESIAN_POINT('',(5.636136233,-0.,45.));
#939=CARTESIAN_POINT('',(5.524422888,0.785590071,45.));
#940=(BOUNDED_CURVE()
B_SPLINE_CURVE(2,(#937,#938,#939),.UNSPECIFIED.,.F.,.F.)
B_SPLINE_CURVE_WITH_KNOTS((3,3),(1.115381026,1.397893097),.UNSPECIFIED.)
CURVE()
GEOMETRIC_REPRESENTATION_ITEM()
RATIONAL_B_SPLINE_CURVE((1.,0.990039944,1.))
REPRESENTATION_ITEM(''));
#941=EDGE_CURVE('',#931,#900,#940,.T.);
#942=ORIENTED_EDGE('',*,*,#941,.T.);
#943=ORIENTED_EDGE('',*,*,#904,.T.);
#944=EDGE_LOOP('',(#929,#936,#942,#943));
#945=FACE_BOUND('',#944,.T.);
#946=ADVANCED_FACE('',(#945),#921,.F.);
#947=CARTESIAN_POINT('',(5.524422888,-0.785590071,0.));
#948=CARTESIAN_POINT('',(5.524422888,-0.785590071,45.));
#949=CARTESIAN_POINT('',(3.989695838,-0.286927025,0.));
#950=CARTESIAN_POINT('',(3.989695838,-0.286927025,45.));
#951=B_SPLINE_SURFACE_WITH_KNOTS('',1,1,((#947,#948),(#949,#950)),.UNSPECIFIED.,.F.,.F.,.U.,(2,2),(2,2),(-0.001613708,0.),(-0.045,0.),.UNSPECIFIED.);
#952=CARTESIAN_POINT('',(3.989695838,-0.286927025,0.));
#953=VERTEX_POINT('',#952);
#954=CARTESIAN_POINT('',(3.989695838,-0.286927025,0.));
#955=CARTESIAN_POINT('',(5.524422888,-0.785590071,0.));
#956=B_SPLINE_CURVE_WITH_KNOTS('',1,(#954,#955),.UNSPECIFIED.,.F.,.F.,(2,2),(-0.,0.001613708),.UNSPECIFIED.);
#957=EDGE_CURVE('',#953,#923,#956,.T.);
#958=ORIENTED_EDGE('',*,*,#957,.F.);
#959=CARTESIAN_POINT('',(3.989695838,-0.286927025,45.));
#960=VERTEX_POINT('',#959);
#961=CARTESIAN_POINT('',(3.989695838,-0.286927025,45.));
#962=CARTESIAN_POINT('',(3.989695838,-0.286927025,0.));
#963=B_SPLINE_CURVE_WITH_KNOTS('',1,(#961,#962),.UNSPECIFIED.,.F.,.F.,(2,2),(0.,0.045),.UNSPECIFIED.);
#964=EDGE_CURVE('',#960,#953,#963,.T.);
#965=ORIENTED_EDGE('',*,*,#964,.F.);
#966=CARTESIAN_POINT('',(3.989695838,-0.286927025,45.));
#967=CARTESIAN_POINT('',(5.524422888,-0.785590071,45.));
#968=B_SPLINE_CURVE_WITH_KNOTS('',1,(#966,#967),.UNSPECIFIED.,.F.,.F.,(2,2),(-0.,0.001613708),.UNSPECIFIED.);
#969=EDGE_CURVE('',#960,#931,#968,.T.);
#970=ORIENTED_EDGE('',*,*,#969,.T.);
#971=ORIENTED_EDGE('',*,*,#935,.T.);
#972=EDGE_LOOP('',(#958,#965,#970,#971));
#973=FACE_BOUND('',#972,.T.);
#974=ADVANCED_FACE('',(#973),#951,.T.);
#975=CARTESIAN_POINT('',(3.989695838,-0.286927025,45.));
#976=CARTESIAN_POINT('',(3.989695838,-0.286927025,-0.));
#977=CARTESIAN_POINT('',(3.918760106,-1.273282343,45.));
#978=CARTESIAN_POINT('',(3.918760106,-1.273282343,-0.));
#979=CARTESIAN_POINT('',(3.396383209,-2.112955536,45.));
#980=CARTESIAN_POINT('',(3.396383209,-2.112955536,-0.));
#981=(BOUNDED_SURFACE()
B_SPLINE_SURFACE(2,1,((#975,#976),(#977,#978),(#979,#980)),.UNSPECIFIED.,.F.,.F.,.U.)
B_SPLINE_SURFACE_WITH_KNOTS((3,3),(2,2),(3.206730059,3.659748257),(-0.,0.045),.UNSPECIFIED.)
GEOMETRIC_REPRESENTATION_ITEM()
RATIONAL_B_SPLINE_SURFACE(((0.750967261,0.750967261),(0.757694376,0.757694376),(0.811207293,0.811207293)))
REPRESENTATION_ITEM('')
SURFACE()
);
#982=CARTESIAN_POINT('',(3.396383209,-2.112955536,0.));
#983=VERTEX_POINT('',#982);
#984=CARTESIAN_POINT('',(3.396383209,-2.112955536,0.));
#985=CARTESIAN_POINT('',(3.918760106,-1.273282343,0.));
#986=CARTESIAN_POINT('',(3.989695838,-0.286927025,0.));
#987=(BOUNDED_CURVE()
B_SPLINE_CURVE(2,(#984,#985,#986),.UNSPECIFIED.,.F.,.F.)
B_SPLINE_CURVE_WITH_KNOTS((3,3),(1.328430476,1.813162178),.UNSPECIFIED.)
CURVE()
GEOMETRIC_REPRESENTATION_ITEM()
RATIONAL_B_SPLINE_CURVE((1.,0.970772888,1.))
REPRESENTATION_ITEM(''));
#988=EDGE_CURVE('',#983,#953,#987,.T.);
#989=ORIENTED_EDGE('',*,*,#988,.F.);
#990=CARTESIAN_POINT('',(3.396383209,-2.112955536,45.));
#991=VERTEX_POINT('',#990);
#992=CARTESIAN_POINT('',(3.396383209,-2.112955536,45.));
#993=CARTESIAN_POINT('',(3.396383209,-2.112955536,0.));
#994=B_SPLINE_CURVE_WITH_KNOTS('',1,(#992,#993),.UNSPECIFIED.,.F.,.F.,(2,2),(0.,0.045),.UNSPECIFIED.);
#995=EDGE_CURVE('',#991,#983,#994,.T.);
#996=ORIENTED_EDGE('',*,*,#995,.F.);
#997=CARTESIAN_POINT('',(3.396383209,-2.112955536,45.));
#998=CARTESIAN_POINT('',(3.918760106,-1.273282343,45.));
#999=CARTESIAN_POINT('',(3.989695838,-0.286927025,45.));
#1000=(BOUNDED_CURVE()
B_SPLINE_CURVE(2,(#997,#998,#999),.UNSPECIFIED.,.F.,.F.)
B_SPLINE_CURVE_WITH_KNOTS((3,3),(1.328430476,1.813162178),.UNSPECIFIED.)
CURVE()
GEOMETRIC_REPRESENTATION_ITEM()
RATIONAL_B_SPLINE_CURVE((1.,0.970772888,1.))
REPRESENTATION_ITEM(''));
#1001=EDGE_CURVE('',#991,#960,#1000,.T.);
#1002=ORIENTED_EDGE('',*,*,#1001,.T.);
#1003=ORIENTED_EDGE('',*,*,#964,.T.);
#1004=EDGE_LOOP('',(#989,#996,#1002,#1003));
#1005=FACE_BOUND('',#1004,.T.);
#1006=ADVANCED_FACE('',(#1005),#981,.F.);
#1007=CARTESIAN_POINT('',(3.396383209,-2.112955536,0.));
#1008=CARTESIAN_POINT('',(3.396383209,-2.112955536,45.));
#1009=CARTESIAN_POINT('',(4.931110258,-2.611618582,0.));
#1010=CARTESIAN_POINT('',(4.931110258,-2.611618582,45.));
#1011=B_SPLINE_SURFACE_WITH_KNOTS('',1,1,((#1007,#1008),(#1009,#1010)),.UNSPECIFIED.,.F.,.F.,.U.,(2,2),(2,2),(0.,0.001613708),(-0.045,0.),.UNSPECIFIED.);
#1012=CARTESIAN_POINT('',(4.931110258,-2.611618582,0.));
#1013=VERTEX_POINT('',#1012);
#1014=CARTESIAN_POINT('',(4.931110258,-2.611618582,0.));
#1015=CARTESIAN_POINT('',(3.396383209,-2.112955536,0.));
#1016=B_SPLINE_CURVE_WITH_KNOTS('',1,(#1014,#1015),.UNSPECIFIED.,.F.,.F.,(2,2),(-0.001613708,-0.),.UNSPECIFIED.);
#1017=EDGE_CURVE('',#1013,#983,#1016,.T.);
#1018=ORIENTED_EDGE('',*,*,#1017,.F.);
#1019=CARTESIAN_POINT('',(4.931110258,-2.611618582,45.));
#1020=VERTEX_POINT('',#1019);
#1021=CARTESIAN_POINT('',(4.931110258,-2.611618582,45.));
#1022=CARTESIAN_POINT('',(4.931110258,-2.611618582,0.));
#1023=B_SPLINE_CURVE_WITH_KNOTS('',1,(#1021,#1022),.UNSPECIFIED.,.F.,.F.,(2,2),(0.,0.045),.UNSPECIFIED.);
#1024=EDGE_CURVE('',#1020,#1013,#1023,.T.);
#1025=ORIENTED_EDGE('',*,*,#1024,.F.);
#1026=CARTESIAN_POINT('',(4.931110258,-2.611618582,45.));
#1027=CARTESIAN_POINT('',(3.396383209,-2.112955536,45.));
#1028=B_SPLINE_CURVE_WITH_KNOTS('',1,(#1026,#1027),.UNSPECIFIED.,.F.,.F.,(2,2),(-0.001613708,-0.),.UNSPECIFIED.);
#1029=EDGE_CURVE('',#1020,#991,#1028,.T.);
#1030=ORIENTED_EDGE('',*,*,#1029,.T.);
#1031=ORIENTED_EDGE('',*,*,#995,.T.);
#1032=EDGE_LOOP('',(#1018,#1025,#1030,#1031));
#1033=FACE_BOUND('',#1032,.T.);
#1034=ADVANCED_FACE('',(#1033),#1011,.T.);
#1035=CARTESIAN_POINT('',(4.931110258,-2.611618582,45.));
#1036=CARTESIAN_POINT('',(4.931110258,-2.611618582,-0.));
#1037=CARTESIAN_POINT('',(4.559729995,-3.312837757,45.));
#1038=CARTESIAN_POINT('',(4.559729995,-3.312837757,-0.));
#1039=CARTESIAN_POINT('',(4.007593742,-3.882730019,45.));
#1040=CARTESIAN_POINT('',(4.007593742,-3.882730019,-0.));
#1041=(BOUNDED_SURFACE()
B_SPLINE_SURFACE(2,1,((#1035,#1036),(#1037,#1038),(#1039,#1040)),.UNSPECIFIED.,.F.,.F.,.U.)
B_SPLINE_SURFACE_WITH_KNOTS((3,3),(2,2),(3.592254097,3.876134962),(-0.,0.045),.UNSPECIFIED.)
GEOMETRIC_REPRESENTATION_ITEM()
RATIONAL_B_SPLINE_SURFACE(((0.796300276,0.796300276),(0.825465767,0.825465767),(0.873003198,0.873003198)))
REPRESENTATION_ITEM('')
SURFACE()
);
#1042=CARTESIAN_POINT('',(4.007593742,-3.882730019,0.));
#1043=VERTEX_POINT('',#1042);
#1044=CARTESIAN_POINT('',(4.007593742,-3.882730019,0.));
#1045=CARTESIAN_POINT('',(4.559729995,-3.312837757,0.));
#1046=CARTESIAN_POINT('',(4.931110258,-2.611618582,0.));
#1047=(BOUNDED_CURVE()
B_SPLINE_CURVE(2,(#1044,#1045,#1046),.UNSPECIFIED.,.F.,.F.)
B_SPLINE_CURVE_WITH_KNOTS((3,3),(1.115381026,1.397893097),.UNSPECIFIED.)
CURVE()
GEOMETRIC_REPRESENTATION_ITEM()
RATIONAL_B_SPLINE_CURVE((1.,0.990039944,1.))
REPRESENTATION_ITEM(''));
#1048=EDGE_CURVE('',#1043,#1013,#1047,.T.);
#1049=ORIENTED_EDGE('',*,*,#1048,.F.);
#1050=CARTESIAN_POINT('',(4.007593742,-3.882730019,45.));
#1051=VERTEX_POINT('',#1050);
#1052=CARTESIAN_POINT('',(4.007593742,-3.882730019,45.));
#1053=CARTESIAN_POINT('',(4.007593742,-3.882730019,0.));
#1054=B_SPLINE_CURVE_WITH_KNOTS('',1,(#1052,#1053),.UNSPECIFIED.,.F.,.F.,(2,2),(0.,0.045),.UNSPECIFIED.);
#1055=EDGE_CURVE('',#1051,#1043,#1054,.T.);
#1056=ORIENTED_EDGE('',*,*,#1055,.F.);
#1057=CARTESIAN_POINT('',(4.007593742,-3.882730019,45.));
#1058=CARTESIAN_POINT('',(4.559729995,-3.312837757,45.));
#1059=CARTESIAN_POINT('',(4.931110258,-2.611618582,45.));
#1060=(BOUNDED_CURVE()
B_SPLINE_CURVE(2,(#1057,#1058,#1059),.UNSPECIFIED.,.F.,.F.)
B_SPLINE_CURVE_WITH_KNOTS((3,3),(1.115381026,1.397893097),.UNSPECIFIED.)
CURVE()
GEOMETRIC_REPRESENTATION_ITEM()
RATIONAL_B_SPLINE_CURVE((1.,0.990039944,1.))
REPRESENTATION_ITEM(''));
#1061=EDGE_CURVE('',#1051,#1020,#1060,.T.);
#1062=ORIENTED_EDGE('',*,*,#1061,.T.);
#1063=ORIENTED_EDGE('',*,*,#1024,.T.);
#1064=EDGE_LOOP('',(#1049,#1056,#1062,#1063));
#1065=FACE_BOUND('',#1064,.T.);
#1066=ADVANCED_FACE('',(#1065),#1041,.F.);
#1067=CARTESIAN_POINT('',(4.007593742,-3.882730019,0.));
#1068=CARTESIAN_POINT('',(4.007593742,-3.882730019,45.));
#1069=CARTESIAN_POINT('',(3.059080262,-2.577213214,0.));
#1070=CARTESIAN_POINT('',(3.059080262,-2.577213214,45.));
#1071=B_SPLINE_SURFACE_WITH_KNOTS('',1,1,((#1067,#1068),(#1069,#1070)),.UNSPECIFIED.,.F.,.F.,.U.,(2,2),(2,2),(-0.001613708,0.),(-0.045,0.),.UNSPECIFIED.);
#1072=CARTESIAN_POINT('',(3.059080262,-2.577213214,0.));
#1073=VERTEX_POINT('',#1072);
#1074=CARTESIAN_POINT('',(3.059080262,-2.577213214,0.));
#1075=CARTESIAN_POINT('',(4.007593742,-3.882730019,0.));
#1076=B_SPLINE_CURVE_WITH_KNOTS('',1,(#1074,#1075),.UNSPECIFIED.,.F.,.F.,(2,2),(0.,0.001613708),.UNSPECIFIED.);
#1077=EDGE_CURVE('',#1073,#1043,#1076,.T.);
#1078=ORIENTED_EDGE('',*,*,#1077,.F.);
#1079=CARTESIAN_POINT('',(3.059080262,-2.577213214,45.));
#1080=VERTEX_POINT('',#1079);
#1081=CARTESIAN_POINT('',(3.059080262,-2.577213214,45.));
#1082=CARTESIAN_POINT('',(3.059080262,-2.577213214,0.));
#1083=B_SPLINE_CURVE_WITH_KNOTS('',1,(#1081,#1082),.UNSPECIFIED.,.F.,.F.,(2,2),(0.,0.045),.UNSPECIFIED.);
#1084=EDGE_CURVE('',#1080,#1073,#1083,.T.);
#1085=ORIENTED_EDGE('',*,*,#1084,.F.);
#1086=CARTESIAN_POINT('',(3.059080262,-2.577213214,45.));
#1087=CARTESIAN_POINT('',(4.007593742,-3.882730019,45.));
#1088=B_SPLINE_CURVE_WITH_KNOTS('',1,(#1086,#1087),.UNSPECIFIED.,.F.,.F.,(2,2),(0.,0.001613708),.UNSPECIFIED.);
#1089=EDGE_CURVE('',#1080,#1051,#1088,.T.);
#1090=ORIENTED_EDGE('',*,*,#1089,.T.);
#1091=ORIENTED_EDGE('',*,*,#1055,.T.);
#1092=EDGE_LOOP('',(#1078,#1085,#1090,#1091));
#1093=FACE_BOUND('',#1092,.T.);
#1094=ADVANCED_FACE('',(#1093),#1071,.T.);
#1095=CARTESIAN_POINT('',(3.059080262,-2.577213214,45.));
#1096=CARTESIAN_POINT('',(3.059080262,-2.577213214,-0.));
#1097=CARTESIAN_POINT('',(2.607278672,-3.11348911,45.));
#1098=CARTESIAN_POINT('',(2.607278672,-3.11348911,-0.));
#1099=CARTESIAN_POINT('',(2.,-3.464101615,45.));
#1100=CARTESIAN_POINT('',(2.,-3.464101615,-0.));
#1101=CARTESIAN_POINT('',(1.761212835,-3.601965449,45.));
#1102=CARTESIAN_POINT('',(1.761212835,-3.601965449,-0.));
#1103=CARTESIAN_POINT('',(1.505767633,-3.705760898,45.));
#1104=CARTESIAN_POINT('',(1.505767633,-3.705760898,-0.));
#1105=(BOUNDED_SURFACE()
B_SPLINE_SURFACE(2,1,((#1095,#1096),(#1097,#1098),(#1099,#1100),(#1101,#1102),(#1103,#1104)),.UNSPECIFIED.,.F.,.F.,.U.)
B_SPLINE_SURFACE_WITH_KNOTS((3,2,3),(2,2),(3.803796158,4.188790205,4.349114529),(-0.,0.045),.UNSPECIFIED.)
GEOMETRIC_REPRESENTATION_ITEM()
RATIONAL_B_SPLINE_SURFACE(((0.849969086,0.849969086),(0.908089442,0.908089442),(1.,1.),(0.961725387,0.961725387),(0.929310558,0.929310558)))
REPRESENTATION_ITEM('')
SURFACE()
);
#1106=CARTESIAN_POINT('',(1.505767633,-3.705760898,0.));
#1107=VERTEX_POINT('',#1106);
#1108=CARTESIAN_POINT('',(1.505767633,-3.705760898,0.));
#1109=CARTESIAN_POINT('',(2.421926939,-3.333496452,0.));
#1110=CARTESIAN_POINT('',(3.059080262,-2.577213214,0.));
#1111=(BOUNDED_CURVE()
B_SPLINE_CURVE(2,(#1108,#1109,#1110),.UNSPECIFIED.,.F.,.F.)
B_SPLINE_CURVE_WITH_KNOTS((3,3),(1.328430476,1.813162178),.UNSPECIFIED.)
CURVE()
GEOMETRIC_REPRESENTATION_ITEM()
RATIONAL_B_SPLINE_CURVE((1.,0.970772888,1.))
REPRESENTATION_ITEM(''));
#1112=EDGE_CURVE('',#1107,#1073,#1111,.T.);
#1113=ORIENTED_EDGE('',*,*,#1112,.F.);
#1114=CARTESIAN_POINT('',(1.505767633,-3.705760898,45.));
#1115=VERTEX_POINT('',#1114);
#1116=CARTESIAN_POINT('',(1.505767633,-3.705760898,45.));
#1117=CARTESIAN_POINT('',(1.505767633,-3.705760898,0.));
#1118=B_SPLINE_CURVE_WITH_KNOTS('',1,(#1116,#1117),.UNSPECIFIED.,.F.,.F.,(2,2),(0.,0.045),.UNSPECIFIED.);
#1119=EDGE_CURVE('',#1115,#1107,#1118,.T.);
#1120=ORIENTED_EDGE('',*,*,#1119,.F.);
#1121=CARTESIAN_POINT('',(1.505767633,-3.705760898,45.));
#1122=CARTESIAN_POINT('',(2.421926939,-3.333496452,45.));
#1123=CARTESIAN_POINT('',(3.059080262,-2.577213214,45.));
#1124=(BOUNDED_CURVE()
B_SPLINE_CURVE(2,(#1121,#1122,#1123),.UNSPECIFIED.,.F.,.F.)
B_SPLINE_CURVE_WITH_KNOTS((3,3),(1.328430476,1.813162178),.UNSPECIFIED.)
CURVE()
GEOMETRIC_REPRESENTATION_ITEM()
RATIONAL_B_SPLINE_CURVE((1.,0.970772888,1.))
REPRESENTATION_ITEM(''));
#1125=EDGE_CURVE('',#1115,#1080,#1124,.T.);
#1126=ORIENTED_EDGE('',*,*,#1125,.T.);
#1127=ORIENTED_EDGE('',*,*,#1084,.T.);
#1128=EDGE_LOOP('',(#1113,#1120,#1126,#1127));
#1129=FACE_BOUND('',#1128,.T.);
#1130=ADVANCED_FACE('',(#1129),#1105,.F.);
#1131=CARTESIAN_POINT('',(1.505767633,-3.705760898,0.));
#1132=CARTESIAN_POINT('',(1.505767633,-3.705760898,45.));
#1133=CARTESIAN_POINT('',(2.454281113,-5.011277703,0.));
#1134=CARTESIAN_POINT('',(2.454281113,-5.011277703,45.));
#1135=B_SPLINE_SURFACE_WITH_KNOTS('',1,1,((#1131,#1132),(#1133,#1134)),.UNSPECIFIED.,.F.,.F.,.U.,(2,2),(2,2),(0.,0.001613708),(-0.045,0.),.UNSPECIFIED.);
#1136=CARTESIAN_POINT('',(2.454281113,-5.011277703,0.));
#1137=VERTEX_POINT('',#1136);
#1138=CARTESIAN_POINT('',(2.454281113,-5.011277703,0.));
#1139=CARTESIAN_POINT('',(1.505767633,-3.705760898,0.));
#1140=B_SPLINE_CURVE_WITH_KNOTS('',1,(#1138,#1139),.UNSPECIFIED.,.F.,.F.,(2,2),(-0.001613708,0.),.UNSPECIFIED.);
#1141=EDGE_CURVE('',#1137,#1107,#1140,.T.);
#1142=ORIENTED_EDGE('',*,*,#1141,.F.);
#1143=CARTESIAN_POINT('',(2.454281113,-5.011277703,45.));
#1144=VERTEX_POINT('',#1143);
#1145=CARTESIAN_POINT('',(2.454281113,-5.011277703,45.));
#1146=CARTESIAN_POINT('',(2.454281113,-5.011277703,0.));
#1147=B_SPLINE_CURVE_WITH_KNOTS('',1,(#1145,#1146),.UNSPECIFIED.,.F.,.F.,(2,2),(0.,0.045),.UNSPECIFIED.);
#1148=EDGE_CURVE('',#1144,#1137,#1147,.T.);
#1149=ORIENTED_EDGE('',*,*,#1148,.F.);
#1150=CARTESIAN_POINT('',(2.454281113,-5.011277703,45.));
#1151=CARTESIAN_POINT('',(1.505767633,-3.705760898,45.));
#1152=B_SPLINE_CURVE_WITH_KNOTS('',1,(#1150,#1151),.UNSPECIFIED.,.F.,.F.,(2,2),(-0.001613708,0.),.UNSPECIFIED.);
#1153=EDGE_CURVE('',#1144,#1115,#1152,.T.);
#1154=ORIENTED_EDGE('',*,*,#1153,.T.);
#1155=ORIENTED_EDGE('',*,*,#1119,.T.);
#1156=EDGE_LOOP('',(#1142,#1149,#1154,#1155));
#1157=FACE_BOUND('',#1156,.T.);
#1158=ADVANCED_FACE('',(#1157),#1135,.T.);
#1159=CARTESIAN_POINT('',(2.454281113,-5.011277703,45.));
#1160=CARTESIAN_POINT('',(2.454281113,-5.011277703,-0.));
#1161=CARTESIAN_POINT('',(1.741661878,-5.360284091,45.));
#1162=CARTESIAN_POINT('',(1.741661878,-5.360284091,-0.));
#1163=CARTESIAN_POINT('',(0.96,-5.496799069,45.));
#1164=CARTESIAN_POINT('',(0.96,-5.496799069,-0.));
#1165=(BOUNDED_SURFACE()
B_SPLINE_SURFACE(2,1,((#1159,#1160),(#1161,#1162),(#1163,#1164)),.UNSPECIFIED.,.F.,.F.,.U.)
B_SPLINE_SURFACE_WITH_KNOTS((3,3),(2,2),(4.26967689,4.577492044),(-0.,0.045),.UNSPECIFIED.)
GEOMETRIC_REPRESENTATION_ITEM()
RATIONAL_B_SPLINE_SURFACE(((0.962870999,0.962870999),(0.895061641,0.895061641),(0.848852732,0.848852732)))
REPRESENTATION_ITEM('')
SURFACE()
);
#1166=CARTESIAN_POINT('',(0.96,-5.496799069,0.));
#1167=VERTEX_POINT('',#1166);
#1168=CARTESIAN_POINT('',(0.96,-5.496799069,0.));
#1169=CARTESIAN_POINT('',(1.741661878,-5.360284091,0.));
#1170=CARTESIAN_POINT('',(2.454281113,-5.011277703,0.));
#1171=(BOUNDED_CURVE()
B_SPLINE_CURVE(2,(#1168,#1169,#1170),.UNSPECIFIED.,.F.,.F.)
B_SPLINE_CURVE_WITH_KNOTS((3,3),(1.115381026,1.397893097),.UNSPECIFIED.)
CURVE()
GEOMETRIC_REPRESENTATION_ITEM()
RATIONAL_B_SPLINE_CURVE((1.,0.990039944,1.))
REPRESENTATION_ITEM(''));
#1172=EDGE_CURVE('',#1167,#1137,#1171,.T.);
#1173=ORIENTED_EDGE('',*,*,#1172,.F.);
#1174=CARTESIAN_POINT('',(0.96,-5.496799069,45.));
#1175=VERTEX_POINT('',#1174);
#1176=CARTESIAN_POINT('',(0.96,-5.496799069,45.));
#1177=CARTESIAN_POINT('',(0.96,-5.496799069,0.));
#1178=B_SPLINE_CURVE_WITH_KNOTS('',1,(#1176,#1177),.UNSPECIFIED.,.F.,.F.,(2,2),(0.,0.045),.UNSPECIFIED.);
#1179=EDGE_CURVE('',#1175,#1167,#1178,.T.);
#1180=ORIENTED_EDGE('',*,*,#1179,.F.);
#1181=CARTESIAN_POINT('',(0.96,-5.496799069,45.));
#1182=CARTESIAN_POINT('',(1.741661878,-5.360284091,45.));
#1183=CARTESIAN_POINT('',(2.454281113,-5.011277703,45.));
#1184=(BOUNDED_CURVE()
B_SPLINE_CURVE(2,(#1181,#1182,#1183),.UNSPECIFIED.,.F.,.F.)
B_SPLINE_CURVE_WITH_KNOTS((3,3),(1.115381026,1.397893097),.UNSPECIFIED.)
CURVE()
GEOMETRIC_REPRESENTATION_ITEM()
RATIONAL_B_SPLINE_CURVE((1.,0.990039944,1.))
REPRESENTATION_ITEM(''));
#1185=EDGE_CURVE('',#1175,#1144,#1184,.T.);
#1186=ORIENTED_EDGE('',*,*,#1185,.T.);
#1187=ORIENTED_EDGE('',*,*,#1148,.T.);
#1188=EDGE_LOOP('',(#1173,#1180,#1186,#1187));
#1189=FACE_BOUND('',#1188,.T.);
#1190=ADVANCED_FACE('',(#1189),#1165,.F.);
#1191=CARTESIAN_POINT('',(0.96,-5.496799069,45.));
#1192=CARTESIAN_POINT('',(0.96,-3.883091552,45.));
#1193=CARTESIAN_POINT('',(0.96,-5.496799069,0.));
#1194=CARTESIAN_POINT('',(0.96,-3.883091552,0.));
#1195=B_SPLINE_SURFACE_WITH_KNOTS('',1,1,((#1191,#1192),(#1193,#1194)),.UNSPECIFIED.,.F.,.F.,.U.,(2,2),(2,2),(0.,0.045),(-0.001613708,0.),.UNSPECIFIED.);
#1196=CARTESIAN_POINT('',(0.96,-3.883091552,0.));
#1197=VERTEX_POINT('',#1196);
#1198=CARTESIAN_POINT('',(0.96,-3.883091552,0.));
#1199=CARTESIAN_POINT('',(0.96,-5.496799069,0.));
#1200=B_SPLINE_CURVE_WITH_KNOTS('',1,(#1198,#1199),.UNSPECIFIED.,.F.,.F.,(2,2),(0.,0.001613708),.UNSPECIFIED.);
#1201=EDGE_CURVE('',#1197,#1167,#1200,.T.);
#1202=ORIENTED_EDGE('',*,*,#1201,.F.);
#1203=CARTESIAN_POINT('',(0.96,-3.883091552,45.));
#1204=VERTEX_POINT('',#1203);
#1205=CARTESIAN_POINT('',(0.96,-3.883091552,45.));
#1206=CARTESIAN_POINT('',(0.96,-3.883091552,0.));
#1207=B_SPLINE_CURVE_WITH_KNOTS('',1,(#1205,#1206),.UNSPECIFIED.,.F.,.F.,(2,2),(0.,0.045),.UNSPECIFIED.);
#1208=EDGE_CURVE('',#1204,#1197,#1207,.T.);
#1209=ORIENTED_EDGE('',*,*,#1208,.F.);
#1210=CARTESIAN_POINT('',(0.96,-3.883091552,45.));
#1211=CARTESIAN_POINT('',(0.96,-5.496799069,45.));
#1212=B_SPLINE_CURVE_WITH_KNOTS('',1,(#1210,#1211),.UNSPECIFIED.,.F.,.F.,(2,2),(0.,0.001613708),.UNSPECIFIED.);
#1213=EDGE_CURVE('',#1204,#1175,#1212,.T.);
#1214=ORIENTED_EDGE('',*,*,#1213,.T.);
#1215=ORIENTED_EDGE('',*,*,#1179,.T.);
#1216=EDGE_LOOP('',(#1202,#1209,#1214,#1215));
#1217=FACE_BOUND('',#1216,.T.);
#1218=ADVANCED_FACE('',(#1217),#1195,.T.);
#1219=CARTESIAN_POINT('',(-7.55,0.,44.2));
#1220=CARTESIAN_POINT('',(-7.55,0.,0.8));
#1221=CARTESIAN_POINT('',(-7.55,13.076983597,44.2));
#1222=CARTESIAN_POINT('',(-7.55,13.076983597,0.8));
#1223=CARTESIAN_POINT('',(3.775,6.538491799,44.2));
#1224=CARTESIAN_POINT('',(3.775,6.538491799,0.8));
#1225=CARTESIAN_POINT('',(15.1,0.,44.2));
#1226=CARTESIAN_POINT('',(15.1,0.,0.8));
#1227=CARTESIAN_POINT('',(3.775,-6.538491799,44.2));
#1228=CARTESIAN_POINT('',(3.775,-6.538491799,0.8));
#1229=CARTESIAN_POINT('',(-7.55,-13.076983597,44.2));
#1230=CARTESIAN_POINT('',(-7.55,-13.076983597,0.8));
#1231=CARTESIAN_POINT('',(-7.55,-0.,44.2));
#1232=CARTESIAN_POINT('',(-7.55,-0.,0.8));
#1233=(BOUNDED_SURFACE()
B_SPLINE_SURFACE(2,1,((#1219,#1220),(#1221,#1222),(#1223,#1224),(#1225,#1226),(#1227,#1228),(#1229,#1230),(#1231,#1232)),.UNSPECIFIED.,.T.,.F.,.U.)
B_SPLINE_SURFACE_WITH_KNOTS((3,2,2,3),(2,2),(0.,2.094395102,4.188790205,6.283185307),(0.0008,0.0442),.UNSPECIFIED.)
GEOMETRIC_REPRESENTATION_ITEM()
RATIONAL_B_SPLINE_SURFACE(((1.,1.),(0.5,0.5),(1.,1.),(0.5,0.5),(1.,1.),(0.5,0.5),(1.,1.)))
REPRESENTATION_ITEM('')
SURFACE()
);
#1234=CARTESIAN_POINT('',(-7.55,0.,44.2));
#1235=VERTEX_POINT('',#1234);
#1236=CARTESIAN_POINT('',(-7.55,0.,0.8));
#1237=VERTEX_POINT('',#1236);
#1238=CARTESIAN_POINT('',(-7.55,0.,44.2));
#1239=CARTESIAN_POINT('',(-7.55,0.,0.8));
#1240=B_SPLINE_CURVE_WITH_KNOTS('',1,(#1238,#1239),.UNSPECIFIED.,.F.,.F.,(2,2),(0.0008,0.0442),.UNSPECIFIED.);
#1241=EDGE_CURVE('',#1235,#1237,#1240,.T.);
#1242=ORIENTED_EDGE('',*,*,#1241,.T.);
#1243=CARTESIAN_POINT('',(7.55,-0.,0.8));
#1244=VERTEX_POINT('',#1243);
#1245=CARTESIAN_POINT('',(-7.55,0.,0.8));
#1246=CARTESIAN_POINT('',(-7.55,-7.55,0.8));
#1247=CARTESIAN_POINT('',(-0.,-7.55,0.8));
#1248=CARTESIAN_POINT('',(7.55,-7.55,0.8));
#1249=CARTESIAN_POINT('',(7.55,-0.,0.8));
#1250=CARTESIAN_POINT('',(7.55,7.55,0.8));
#1251=CARTESIAN_POINT('',(0.,7.55,0.8));
#1252=CARTESIAN_POINT('',(-7.55,7.55,0.8));
#1253=CARTESIAN_POINT('',(-7.55,0.,0.8));
#1254=(BOUNDED_CURVE()
B_SPLINE_CURVE(2,(#1245,#1246,#1247,#1248,#1249,#1250,#1251,#1252,#1253),.UNSPECIFIED.,.T.,.F.)
B_SPLINE_CURVE_WITH_KNOTS((3,2,2,2,3),(3.141592654,4.71238898,6.283185307,7.853981634,9.424777961),.UNSPECIFIED.)
CURVE()
GEOMETRIC_REPRESENTATION_ITEM()
RATIONAL_B_SPLINE_CURVE((1.,0.707106781,1.,0.707106781,1.,0.707106781,1.,0.707106781,1.))
REPRESENTATION_ITEM(''));
#1255=EDGE_CURVE('',#1237,#1244,#1254,.T.);
#1256=ORIENTED_EDGE('',*,*,#1255,.T.);
#1257=CARTESIAN_POINT('',(-7.55,0.,0.8));
#1258=CARTESIAN_POINT('',(-7.55,-7.55,0.8));
#1259=CARTESIAN_POINT('',(-0.,-7.55,0.8));
#1260=CARTESIAN_POINT('',(7.55,-7.55,0.8));
#1261=CARTESIAN_POINT('',(7.55,-0.,0.8));
#1262=CARTESIAN_POINT('',(7.55,7.55,0.8));
#1263=CARTESIAN_POINT('',(0.,7.55,0.8));
#1264=CARTESIAN_POINT('',(-7.55,7.55,0.8));
#1265=CARTESIAN_POINT('',(-7.55,0.,0.8));
#1266=(BOUNDED_CURVE()
B_SPLINE_CURVE(2,(#1257,#1258,#1259,#1260,#1261,#1262,#1263,#1264,#1265),.UNSPECIFIED.,.T.,.F.)
B_SPLINE_CURVE_WITH_KNOTS((3,2,2,2,3),(3.141592654,4.71238898,6.283185307,7.853981634,9.424777961),.UNSPECIFIED.)
CURVE()
GEOMETRIC_REPRESENTATION_ITEM()
RATIONAL_B_SPLINE_CURVE((1.,0.707106781,1.,0.707106781,1.,0.707106781,1.,0.707106781,1.))
REPRESENTATION_ITEM(''));
#1267=EDGE_CURVE('',#1244,#1237,#1266,.T.);
#1268=ORIENTED_EDGE('',*,*,#1267,.T.);
#1269=ORIENTED_EDGE('',*,*,#1241,.F.);
#1270=CARTESIAN_POINT('',(7.55,0.,44.2));
#1271=VERTEX_POINT('',#1270);
#1272=CARTESIAN_POINT('',(-7.55,0.,44.2));
#1273=CARTESIAN_POINT('',(-7.55,7.55,44.2));
#1274=CARTESIAN_POINT('',(0.,7.55,44.2));
#1275=CARTESIAN_POINT('',(7.55,7.55,44.2));
#1276=CARTESIAN_POINT('',(7.55,-0.,44.2));
#1277=CARTESIAN_POINT('',(7.55,-7.55,44.2));
#1278=CARTESIAN_POINT('',(-0.,-7.55,44.2));
#1279=CARTESIAN_POINT('',(-7.55,-7.55,44.2));
#1280=CARTESIAN_POINT('',(-7.55,0.,44.2));
#1281=(BOUNDED_CURVE()
B_SPLINE_CURVE(2,(#1272,#1273,#1274,#1275,#1276,#1277,#1278,#1279,#1280),.UNSPECIFIED.,.T.,.F.)
B_SPLINE_CURVE_WITH_KNOTS((3,2,2,2,3),(3.141592654,4.71238898,6.283185307,7.853981634,9.424777961),.UNSPECIFIED.)
CURVE()
GEOMETRIC_REPRESENTATION_ITEM()
RATIONAL_B_SPLINE_CURVE((1.,0.707106781,1.,0.707106781,1.,0.707106781,1.,0.707106781,1.))
REPRESENTATION_ITEM(''));
#1282=EDGE_CURVE('',#1235,#1271,#1281,.T.);
#1283=ORIENTED_EDGE('',*,*,#1282,.T.);
#1284=CARTESIAN_POINT('',(-7.55,0.,44.2));
#1285=CARTESIAN_POINT('',(-7.55,7.55,44.2));
#1286=CARTESIAN_POINT('',(0.,7.55,44.2));
#1287=CARTESIAN_POINT('',(7.55,7.55,44.2));
#1288=CARTESIAN_POINT('',(7.55,-0.,44.2));
#1289=CARTESIAN_POINT('',(7.55,-7.55,44.2));
#1290=CARTESIAN_POINT('',(-0.,-7.55,44.2));
#1291=CARTESIAN_POINT('',(-7.55,-7.55,44.2));
#1292=CARTESIAN_POINT('',(-7.55,0.,44.2));
#1293=(BOUNDED_CURVE()
B_SPLINE_CURVE(2,(#1284,#1285,#1286,#1287,#1288,#1289,#1290,#1291,#1292),.UNSPECIFIED.,.T.,.F.)
B_SPLINE_CURVE_WITH_KNOTS((3,2,2,2,3),(3.141592654,4.71238898,6.283185307,7.853981634,9.424777961),.UNSPECIFIED.)
CURVE()
GEOMETRIC_REPRESENTATION_ITEM()
RATIONAL_B_SPLINE_CURVE((1.,0.707106781,1.,0.707106781,1.,0.707106781,1.,0.707106781,1.))
REPRESENTATION_ITEM(''));
#1294=EDGE_CURVE('',#1271,#1235,#1293,.T.);
#1295=ORIENTED_EDGE('',*,*,#1294,.T.);
#1296=EDGE_LOOP('',(#1242,#1256,#1268,#1269,#1283,#1295));
#1297=FACE_BOUND('',#1296,.T.);
#1298=ADVANCED_FACE('',(#1297),#1233,.T.);
#1299=CARTESIAN_POINT('',(0.96,-3.883091552,45.));
#1300=CARTESIAN_POINT('',(0.96,-3.883091552,-0.));
#1301=CARTESIAN_POINT('',(-0.,-4.120428217,45.));
#1302=CARTESIAN_POINT('',(-0.,-4.120428217,-0.));
#1303=CARTESIAN_POINT('',(-0.96,-3.883091552,45.));
#1304=CARTESIAN_POINT('',(-0.96,-3.883091552,-0.));
#1305=(BOUNDED_SURFACE()
B_SPLINE_SURFACE(2,1,((#1299,#1300),(#1301,#1302),(#1303,#1304)),.UNSPECIFIED.,.F.,.F.,.U.)
B_SPLINE_SURFACE_WITH_KNOTS((3,3),(2,2),(4.505253448,4.979243269),(-0.,0.045),.UNSPECIFIED.)
GEOMETRIC_REPRESENTATION_ITEM()
RATIONAL_B_SPLINE_SURFACE(((0.871731162,0.871731162),(0.792770408,0.792770408),(0.765027441,0.765027441)))
REPRESENTATION_ITEM('')
SURFACE()
);
#1306=CARTESIAN_POINT('',(-0.96,-3.883091552,0.));
#1307=CARTESIAN_POINT('',(-0.,-4.120428217,0.));
#1308=CARTESIAN_POINT('',(0.96,-3.883091552,0.));
#1309=(BOUNDED_CURVE()
B_SPLINE_CURVE(2,(#1306,#1307,#1308),.UNSPECIFIED.,.F.,.F.)
B_SPLINE_CURVE_WITH_KNOTS((3,3),(1.328430476,1.813162178),.UNSPECIFIED.)
CURVE()
GEOMETRIC_REPRESENTATION_ITEM()
RATIONAL_B_SPLINE_CURVE((1.,0.970772888,1.))
REPRESENTATION_ITEM(''));
#1310=EDGE_CURVE('',#35,#1197,#1309,.T.);
#1311=ORIENTED_EDGE('',*,*,#1310,.F.);
#1312=ORIENTED_EDGE('',*,*,#58,.F.);
#1313=CARTESIAN_POINT('',(-0.96,-3.883091552,45.));
#1314=CARTESIAN_POINT('',(-0.,-4.120428217,45.));
#1315=CARTESIAN_POINT('',(0.96,-3.883091552,45.));
#1316=(BOUNDED_CURVE()
B_SPLINE_CURVE(2,(#1313,#1314,#1315),.UNSPECIFIED.,.F.,.F.)
B_SPLINE_CURVE_WITH_KNOTS((3,3),(1.328430476,1.813162178),.UNSPECIFIED.)
CURVE()
GEOMETRIC_REPRESENTATION_ITEM()
RATIONAL_B_SPLINE_CURVE((1.,0.970772888,1.))
REPRESENTATION_ITEM(''));
#1317=EDGE_CURVE('',#49,#1204,#1316,.T.);
#1318=ORIENTED_EDGE('',*,*,#1317,.T.);
#1319=ORIENTED_EDGE('',*,*,#1208,.T.);
#1320=EDGE_LOOP('',(#1311,#1312,#1318,#1319));
#1321=FACE_BOUND('',#1320,.T.);
#1322=ADVANCED_FACE('',(#1321),#1305,.F.);
#1323=CARTESIAN_POINT('',(6.75,6.75,45.));
#1324=CARTESIAN_POINT('',(6.75,-6.75,45.));
#1325=CARTESIAN_POINT('',(-6.75,6.75,45.));
#1326=CARTESIAN_POINT('',(-6.75,-6.75,45.));
#1327=B_SPLINE_SURFACE_WITH_KNOTS('',1,1,((#1323,#1324),(#1325,#1326)),.UNSPECIFIED.,.F.,.F.,.U.,(2,2),(2,2),(-0.00675,0.00675),(-0.00675,0.00675),.UNSPECIFIED.);
#1328=CARTESIAN_POINT('',(-6.75,0.,45.));
#1329=VERTEX_POINT('',#1328);
#1330=CARTESIAN_POINT('',(6.75,-0.,45.));
#1331=VERTEX_POINT('',#1330);
#1332=CARTESIAN_POINT('',(-6.75,0.,45.));
#1333=CARTESIAN_POINT('',(-6.75,-6.75,45.));
#1334=CARTESIAN_POINT('',(-0.,-6.75,45.));
#1335=CARTESIAN_POINT('',(6.75,-6.75,45.));
#1336=CARTESIAN_POINT('',(6.75,-0.,45.));
#1337=CARTESIAN_POINT('',(6.75,6.75,45.));
#1338=CARTESIAN_POINT('',(0.,6.75,45.));
#1339=CARTESIAN_POINT('',(-6.75,6.75,45.));
#1340=CARTESIAN_POINT('',(-6.75,0.,45.));
#1341=(BOUNDED_CURVE()
B_SPLINE_CURVE(2,(#1332,#1333,#1334,#1335,#1336,#1337,#1338,#1339,#1340),.UNSPECIFIED.,.T.,.F.)
B_SPLINE_CURVE_WITH_KNOTS((3,2,2,2,3),(3.141592654,4.71238898,6.283185307,7.853981634,9.424777961),.UNSPECIFIED.)
CURVE()
GEOMETRIC_REPRESENTATION_ITEM()
RATIONAL_B_SPLINE_CURVE((1.,0.707106781,1.,0.707106781,1.,0.707106781,1.,0.707106781,1.))
REPRESENTATION_ITEM(''));
#1342=EDGE_CURVE('',#1329,#1331,#1341,.T.);
#1343=ORIENTED_EDGE('',*,*,#1342,.T.);
#1344=CARTESIAN_POINT('',(-6.75,0.,45.));
#1345=CARTESIAN_POINT('',(-6.75,-6.75,45.));
#1346=CARTESIAN_POINT('',(-0.,-6.75,45.));
#1347=CARTESIAN_POINT('',(6.75,-6.75,45.));
#1348=CARTESIAN_POINT('',(6.75,-0.,45.));
#1349=CARTESIAN_POINT('',(6.75,6.75,45.));
#1350=CARTESIAN_POINT('',(0.,6.75,45.));
#1351=CARTESIAN_POINT('',(-6.75,6.75,45.));
#1352=CARTESIAN_POINT('',(-6.75,0.,45.));
#1353=(BOUNDED_CURVE()
B_SPLINE_CURVE(2,(#1344,#1345,#1346,#1347,#1348,#1349,#1350,#1351,#1352),.UNSPECIFIED.,.T.,.F.)
B_SPLINE_CURVE_WITH_KNOTS((3,2,2,2,3),(3.141592654,4.71238898,6.283185307,7.853981634,9.424777961),.UNSPECIFIED.)
CURVE()
GEOMETRIC_REPRESENTATION_ITEM()
RATIONAL_B_SPLINE_CURVE((1.,0.707106781,1.,0.707106781,1.,0.707106781,1.,0.707106781,1.))
REPRESENTATION_ITEM(''));
#1354=EDGE_CURVE('',#1331,#1329,#1353,.T.);
#1355=ORIENTED_EDGE('',*,*,#1354,.T.);
#1356=EDGE_LOOP('',(#1343,#1355));
#1357=FACE_BOUND('',#1356,.T.);
#1358=ORIENTED_EDGE('',*,*,#53,.F.);
#1359=ORIENTED_EDGE('',*,*,#89,.F.);
#1360=ORIENTED_EDGE('',*,*,#117,.F.);
#1361=ORIENTED_EDGE('',*,*,#149,.F.);
#1362=ORIENTED_EDGE('',*,*,#177,.F.);
#1363=ORIENTED_EDGE('',*,*,#209,.F.);
#1364=ORIENTED_EDGE('',*,*,#237,.F.);
#1365=ORIENTED_EDGE('',*,*,#269,.F.);
#1366=ORIENTED_EDGE('',*,*,#297,.F.);
#1367=CARTESIAN_POINT('',(-5.524422888,0.785590071,45.));
#1368=CARTESIAN_POINT('',(-5.636136233,0.,45.));
#1369=CARTESIAN_POINT('',(-5.524422888,-0.785590071,45.));
#1370=(BOUNDED_CURVE()
B_SPLINE_CURVE(2,(#1367,#1368,#1369),.UNSPECIFIED.,.F.,.F.)
B_SPLINE_CURVE_WITH_KNOTS((3,3),(1.115381026,1.397893097),.UNSPECIFIED.)
CURVE()
GEOMETRIC_REPRESENTATION_ITEM()
RATIONAL_B_SPLINE_CURVE((1.,0.990039944,1.))
REPRESENTATION_ITEM(''));
#1371=EDGE_CURVE('',#313,#288,#1370,.T.);
#1372=ORIENTED_EDGE('',*,*,#1371,.F.);
#1373=ORIENTED_EDGE('',*,*,#338,.F.);
#1374=ORIENTED_EDGE('',*,*,#365,.F.);
#1375=ORIENTED_EDGE('',*,*,#397,.F.);
#1376=ORIENTED_EDGE('',*,*,#425,.F.);
#1377=ORIENTED_EDGE('',*,*,#457,.F.);
#1378=ORIENTED_EDGE('',*,*,#485,.F.);
#1379=ORIENTED_EDGE('',*,*,#517,.F.);
#1380=ORIENTED_EDGE('',*,*,#545,.F.);
#1381=ORIENTED_EDGE('',*,*,#577,.F.);
#1382=ORIENTED_EDGE('',*,*,#605,.F.);
#1383=ORIENTED_EDGE('',*,*,#637,.F.);
#1384=ORIENTED_EDGE('',*,*,#665,.F.);
#1385=ORIENTED_EDGE('',*,*,#697,.F.);
#1386=ORIENTED_EDGE('',*,*,#725,.F.);
#1387=ORIENTED_EDGE('',*,*,#761,.F.);
#1388=ORIENTED_EDGE('',*,*,#789,.F.);
#1389=ORIENTED_EDGE('',*,*,#821,.F.);
#1390=ORIENTED_EDGE('',*,*,#849,.F.);
#1391=ORIENTED_EDGE('',*,*,#881,.F.);
#1392=ORIENTED_EDGE('',*,*,#909,.F.);
#1393=ORIENTED_EDGE('',*,*,#941,.F.);
#1394=ORIENTED_EDGE('',*,*,#969,.F.);
#1395=ORIENTED_EDGE('',*,*,#1001,.F.);
#1396=ORIENTED_EDGE('',*,*,#1029,.F.);
#1397=ORIENTED_EDGE('',*,*,#1061,.F.);
#1398=ORIENTED_EDGE('',*,*,#1089,.F.);
#1399=ORIENTED_EDGE('',*,*,#1125,.F.);
#1400=ORIENTED_EDGE('',*,*,#1153,.F.);
#1401=ORIENTED_EDGE('',*,*,#1185,.F.);
#1402=ORIENTED_EDGE('',*,*,#1213,.F.);
#1403=ORIENTED_EDGE('',*,*,#1317,.F.);
#1404=EDGE_LOOP('',(#1358,#1359,#1360,#1361,#1362,#1363,#1364,#1365,#1366,#1372,#1373,#1374,#1375,#1376,#1377,#1378,#1379,#1380,#1381,#1382,#1383,#1384,#1385,#1386,#1387,#1388,
#1389,#1390,#1391,#1392,#1393,#1394,#1395,#1396,#1397,#1398,#1399,#1400,#1401,#1402,#1403));
#1405=FACE_BOUND('',#1404,.T.);
#1406=ADVANCED_FACE('',(#1357,#1405),#1327,.T.);
#1407=CARTESIAN_POINT('',(6.75,6.75,0.));
#1408=CARTESIAN_POINT('',(6.75,-6.75,0.));
#1409=CARTESIAN_POINT('',(-6.75,6.75,0.));
#1410=CARTESIAN_POINT('',(-6.75,-6.75,0.));
#1411=B_SPLINE_SURFACE_WITH_KNOTS('',1,1,((#1407,#1408),(#1409,#1410)),.UNSPECIFIED.,.F.,.F.,.U.,(2,2),(2,2),(-0.00675,0.00675),(-0.00675,0.00675),.UNSPECIFIED.);
#1412=CARTESIAN_POINT('',(-6.75,0.,0.));
#1413=VERTEX_POINT('',#1412);
#1414=CARTESIAN_POINT('',(6.75,-0.,0.));
#1415=VERTEX_POINT('',#1414);
#1416=CARTESIAN_POINT('',(-6.75,0.,0.));
#1417=CARTESIAN_POINT('',(-6.75,6.75,0.));
#1418=CARTESIAN_POINT('',(0.,6.75,0.));
#1419=CARTESIAN_POINT('',(6.75,6.75,0.));
#1420=CARTESIAN_POINT('',(6.75,-0.,0.));
#1421=CARTESIAN_POINT('',(6.75,-6.75,0.));
#1422=CARTESIAN_POINT('',(-0.,-6.75,0.));
#1423=CARTESIAN_POINT('',(-6.75,-6.75,0.));
#1424=CARTESIAN_POINT('',(-6.75,0.,0.));
#1425=(BOUNDED_CURVE()
B_SPLINE_CURVE(2,(#1416,#1417,#1418,#1419,#1420,#1421,#1422,#1423,#1424),.UNSPECIFIED.,.T.,.F.)
B_SPLINE_CURVE_WITH_KNOTS((3,2,2,2,3),(3.141592654,4.71238898,6.283185307,7.853981634,9.424777961),.UNSPECIFIED.)
CURVE()
GEOMETRIC_REPRESENTATION_ITEM()
RATIONAL_B_SPLINE_CURVE((1.,0.707106781,1.,0.707106781,1.,0.707106781,1.,0.707106781,1.))
REPRESENTATION_ITEM(''));
#1426=EDGE_CURVE('',#1413,#1415,#1425,.T.);
#1427=ORIENTED_EDGE('',*,*,#1426,.T.);
#1428=CARTESIAN_POINT('',(-6.75,0.,0.));
#1429=CARTESIAN_POINT('',(-6.75,6.75,0.));
#1430=CARTESIAN_POINT('',(0.,6.75,0.));
#1431=CARTESIAN_POINT('',(6.75,6.75,0.));
#1432=CARTESIAN_POINT('',(6.75,-0.,0.));
#1433=CARTESIAN_POINT('',(6.75,-6.75,0.));
#1434=CARTESIAN_POINT('',(-0.,-6.75,0.));
#1435=CARTESIAN_POINT('',(-6.75,-6.75,0.));
#1436=CARTESIAN_POINT('',(-6.75,0.,0.));
#1437=(BOUNDED_CURVE()
B_SPLINE_CURVE(2,(#1428,#1429,#1430,#1431,#1432,#1433,#1434,#1435,#1436),.UNSPECIFIED.,.T.,.F.)
B_SPLINE_CURVE_WITH_KNOTS((3,2,2,2,3),(3.141592654,4.71238898,6.283185307,7.853981634,9.424777961),.UNSPECIFIED.)
CURVE()
GEOMETRIC_REPRESENTATION_ITEM()
RATIONAL_B_SPLINE_CURVE((1.,0.707106781,1.,0.707106781,1.,0.707106781,1.,0.707106781,1.))
REPRESENTATION_ITEM(''));
#1438=EDGE_CURVE('',#1415,#1413,#1437,.T.);
#1439=ORIENTED_EDGE('',*,*,#1438,.T.);
#1440=EDGE_LOOP('',(#1427,#1439));
#1441=FACE_BOUND('',#1440,.T.);
#1442=ORIENTED_EDGE('',*,*,#39,.T.);
#1443=ORIENTED_EDGE('',*,*,#1310,.T.);
#1444=ORIENTED_EDGE('',*,*,#1201,.T.);
#1445=ORIENTED_EDGE('',*,*,#1172,.T.);
#1446=ORIENTED_EDGE('',*,*,#1141,.T.);
#1447=ORIENTED_EDGE('',*,*,#1112,.T.);
#1448=ORIENTED_EDGE('',*,*,#1077,.T.);
#1449=ORIENTED_EDGE('',*,*,#1048,.T.);
#1450=ORIENTED_EDGE('',*,*,#1017,.T.);
#1451=ORIENTED_EDGE('',*,*,#988,.T.);
#1452=ORIENTED_EDGE('',*,*,#957,.T.);
#1453=ORIENTED_EDGE('',*,*,#928,.T.);
#1454=ORIENTED_EDGE('',*,*,#897,.T.);
#1455=ORIENTED_EDGE('',*,*,#868,.T.);
#1456=ORIENTED_EDGE('',*,*,#837,.T.);
#1457=ORIENTED_EDGE('',*,*,#808,.T.);
#1458=ORIENTED_EDGE('',*,*,#777,.T.);
#1459=ORIENTED_EDGE('',*,*,#748,.T.);
#1460=ORIENTED_EDGE('',*,*,#713,.T.);
#1461=ORIENTED_EDGE('',*,*,#684,.T.);
#1462=ORIENTED_EDGE('',*,*,#653,.T.);
#1463=ORIENTED_EDGE('',*,*,#624,.T.);
#1464=ORIENTED_EDGE('',*,*,#593,.T.);
#1465=ORIENTED_EDGE('',*,*,#564,.T.);
#1466=ORIENTED_EDGE('',*,*,#533,.T.);
#1467=ORIENTED_EDGE('',*,*,#504,.T.);
#1468=ORIENTED_EDGE('',*,*,#473,.T.);
#1469=ORIENTED_EDGE('',*,*,#444,.T.);
#1470=ORIENTED_EDGE('',*,*,#413,.T.);
#1471=ORIENTED_EDGE('',*,*,#384,.T.);
#1472=ORIENTED_EDGE('',*,*,#353,.T.);
#1473=ORIENTED_EDGE('',*,*,#325,.T.);
#1474=CARTESIAN_POINT('',(-5.524422888,0.785590071,0.));
#1475=CARTESIAN_POINT('',(-5.636136233,0.,0.));
#1476=CARTESIAN_POINT('',(-5.524422888,-0.785590071,0.));
#1477=(BOUNDED_CURVE()
B_SPLINE_CURVE(2,(#1474,#1475,#1476),.UNSPECIFIED.,.F.,.F.)
B_SPLINE_CURVE_WITH_KNOTS((3,3),(1.115381026,1.397893097),.UNSPECIFIED.)
CURVE()
GEOMETRIC_REPRESENTATION_ITEM()
RATIONAL_B_SPLINE_CURVE((1.,0.990039944,1.))
REPRESENTATION_ITEM(''));
#1478=EDGE_CURVE('',#311,#281,#1477,.T.);
#1479=ORIENTED_EDGE('',*,*,#1478,.T.);
#1480=ORIENTED_EDGE('',*,*,#285,.T.);
#1481=ORIENTED_EDGE('',*,*,#256,.T.);
#1482=ORIENTED_EDGE('',*,*,#225,.T.);
#1483=ORIENTED_EDGE('',*,*,#196,.T.);
#1484=ORIENTED_EDGE('',*,*,#165,.T.);
#1485=ORIENTED_EDGE('',*,*,#136,.T.);
#1486=ORIENTED_EDGE('',*,*,#105,.T.);
#1487=ORIENTED_EDGE('',*,*,#76,.T.);
#1488=EDGE_LOOP('',(#1442,#1443,#1444,#1445,#1446,#1447,#1448,#1449,#1450,#1451,#1452,#1453,#1454,#1455,#1456,#1457,#1458,#1459,#1460,#1461,#1462,#1463,#1464,#1465,#1466,#1467,
#1468,#1469,#1470,#1471,#1472,#1473,#1479,#1480,#1481,#1482,#1483,#1484,#1485,#1486,#1487));
#1489=FACE_BOUND('',#1488,.T.);
#1490=ADVANCED_FACE('',(#1441,#1489),#1411,.F.);
#1491=CARTESIAN_POINT('',(6.749999999,0.,0.));
#1492=CARTESIAN_POINT('',(6.75,0.,0.));
#1493=CARTESIAN_POINT('',(6.75,0.,0.));
#1494=CARTESIAN_POINT('',(7.55,0.,-0.));
#1495=CARTESIAN_POINT('',(7.55,0.,0.8));
#1496=CARTESIAN_POINT('',(6.749999999,11.69134295,0.));
#1497=CARTESIAN_POINT('',(6.75,11.691342951,0.));
#1498=CARTESIAN_POINT('',(6.75,11.691342951,0.));
#1499=CARTESIAN_POINT('',(7.55,13.076983597,-0.));
#1500=CARTESIAN_POINT('',(7.55,13.076983597,0.8));
#1501=CARTESIAN_POINT('',(-3.375,5.845671475,-0.));
#1502=CARTESIAN_POINT('',(-3.375,5.845671475,-0.));
#1503=CARTESIAN_POINT('',(-3.375,5.845671476,-0.));
#1504=CARTESIAN_POINT('',(-3.775,6.538491799,-0.));
#1505=CARTESIAN_POINT('',(-3.775,6.538491799,0.8));
#1506=CARTESIAN_POINT('',(-6.749999999,3.897114317,-0.));
#1507=CARTESIAN_POINT('',(-6.75,3.897114317,-0.));
#1508=CARTESIAN_POINT('',(-6.75,3.897114317,-0.));
#1509=CARTESIAN_POINT('',(-7.55,4.358994532,-0.));
#1510=CARTESIAN_POINT('',(-7.55,4.358994532,0.8));
#1511=CARTESIAN_POINT('',(-6.749999999,-0.,-0.));
#1512=CARTESIAN_POINT('',(-6.75,-0.,-0.));
#1513=CARTESIAN_POINT('',(-6.75,-0.,-0.));
#1514=CARTESIAN_POINT('',(-7.55,-0.,-0.));
#1515=CARTESIAN_POINT('',(-7.55,-0.,0.8));
#1516=(BOUNDED_SURFACE()
B_SPLINE_SURFACE(2,2,((#1491,#1492,#1493,#1494,#1495),(#1496,#1497,#1498,#1499,#1500),(#1501,#1502,#1503,#1504,#1505),(#1506,#1507,#1508,#1509,#1510),(#1511,#1512,#1513,#1514,#1515)),.UNSPECIFIED.,.F.,.F.,.U.)
B_SPLINE_SURFACE_WITH_KNOTS((3,2,3),(3,2,3),(0.,2.094395102,3.141592654),(4.7123889795,4.712388980385,6.283185307),.UNSPECIFIED.)
GEOMETRIC_REPRESENTATION_ITEM()
RATIONAL_B_SPLINE_SURFACE(((1.,1.,1.,0.707106781,1.),(0.5,0.5,0.5,0.353553391,0.5),(1.,1.,1.,0.707106781,1.),(0.75,0.75,0.75,0.530330086,0.75),(0.75,0.75,0.75,0.530330086,0.75)))
REPRESENTATION_ITEM('')
SURFACE()
);
#1517=CARTESIAN_POINT('',(7.55,0.,0.8));
#1518=CARTESIAN_POINT('',(7.55,0.,-0.));
#1519=CARTESIAN_POINT('',(6.75,0.,0.));
#1520=(BOUNDED_CURVE()
B_SPLINE_CURVE(2,(#1517,#1518,#1519),.UNSPECIFIED.,.F.,.F.)
B_SPLINE_CURVE_WITH_KNOTS((3,3),(0.,1.570796327),.UNSPECIFIED.)
CURVE()
GEOMETRIC_REPRESENTATION_ITEM()
RATIONAL_B_SPLINE_CURVE((1.,0.707106781,1.))
REPRESENTATION_ITEM(''));
#1521=EDGE_CURVE('',#1244,#1415,#1520,.T.);
#1522=ORIENTED_EDGE('',*,*,#1521,.T.);
#1523=ORIENTED_EDGE('',*,*,#1426,.F.);
#1524=CARTESIAN_POINT('',(-6.75,0.,0.));
#1525=CARTESIAN_POINT('',(-7.08137085,0.,0.));
#1526=CARTESIAN_POINT('',(-7.315685425,0.,0.234314575));
#1527=CARTESIAN_POINT('',(-7.55,0.,0.46862915));
#1528=CARTESIAN_POINT('',(-7.55,0.,0.8));
#1529=(BOUNDED_CURVE()
B_SPLINE_CURVE(2,(#1524,#1525,#1526,#1527,#1528),.UNSPECIFIED.,.F.,.F.)
B_SPLINE_CURVE_WITH_KNOTS((3,2,3),(3.141592654,3.926990817,4.71238898),.UNSPECIFIED.)
CURVE()
GEOMETRIC_REPRESENTATION_ITEM()
RATIONAL_B_SPLINE_CURVE((1.,0.923879533,1.,0.923879533,1.))
REPRESENTATION_ITEM(''));
#1530=EDGE_CURVE('',#1413,#1237,#1529,.T.);
#1531=ORIENTED_EDGE('',*,*,#1530,.T.);
#1532=ORIENTED_EDGE('',*,*,#1267,.F.);
#1533=EDGE_LOOP('',(#1522,#1523,#1531,#1532));
#1534=FACE_BOUND('',#1533,.T.);
#1535=ADVANCED_FACE('',(#1534),#1516,.T.);
#1536=CARTESIAN_POINT('',(7.55,0.,44.2));
#1537=CARTESIAN_POINT('',(7.55,0.,45.));
#1538=CARTESIAN_POINT('',(6.75,0.,45.));
#1539=CARTESIAN_POINT('',(7.55,13.076983597,44.2));
#1540=CARTESIAN_POINT('',(7.55,13.076983597,45.));
#1541=CARTESIAN_POINT('',(6.75,11.691342951,45.));
#1542=CARTESIAN_POINT('',(-3.775,6.538491799,44.2));
#1543=CARTESIAN_POINT('',(-3.775,6.538491799,45.));
#1544=CARTESIAN_POINT('',(-3.375,5.845671476,45.));
#1545=CARTESIAN_POINT('',(-7.55,4.358994532,44.2));
#1546=CARTESIAN_POINT('',(-7.55,4.358994532,45.));
#1547=CARTESIAN_POINT('',(-6.75,3.897114317,45.));
#1548=CARTESIAN_POINT('',(-7.55,-0.,44.2));
#1549=CARTESIAN_POINT('',(-7.55,-0.,45.));
#1550=CARTESIAN_POINT('',(-6.75,-0.,45.));
#1551=(BOUNDED_SURFACE()
B_SPLINE_SURFACE(2,2,((#1536,#1537,#1538),(#1539,#1540,#1541),(#1542,#1543,#1544),(#1545,#1546,#1547),(#1548,#1549,#1550)),.UNSPECIFIED.,.F.,.F.,.U.)
B_SPLINE_SURFACE_WITH_KNOTS((3,2,3),(3,3),(0.,2.094395102,3.141592654),(0.,1.570796327),.UNSPECIFIED.)
GEOMETRIC_REPRESENTATION_ITEM()
RATIONAL_B_SPLINE_SURFACE(((1.,0.707106781,1.),(0.5,0.353553391,0.5),(1.,0.707106781,1.),(0.75,0.530330086,0.75),(0.75,0.530330086,0.75)))
REPRESENTATION_ITEM('')
SURFACE()
);
#1552=CARTESIAN_POINT('',(6.75,0.,45.));
#1553=CARTESIAN_POINT('',(7.55,0.,45.));
#1554=CARTESIAN_POINT('',(7.55,0.,44.2));
#1555=(BOUNDED_CURVE()
B_SPLINE_CURVE(2,(#1552,#1553,#1554),.UNSPECIFIED.,.F.,.F.)
B_SPLINE_CURVE_WITH_KNOTS((3,3),(4.71238898,6.283185307),.UNSPECIFIED.)
CURVE()
GEOMETRIC_REPRESENTATION_ITEM()
RATIONAL_B_SPLINE_CURVE((1.,0.707106781,1.))
REPRESENTATION_ITEM(''));
#1556=EDGE_CURVE('',#1331,#1271,#1555,.T.);
#1557=ORIENTED_EDGE('',*,*,#1556,.T.);
#1558=ORIENTED_EDGE('',*,*,#1282,.F.);
#1559=CARTESIAN_POINT('',(-7.55,0.,44.2));
#1560=CARTESIAN_POINT('',(-7.55,0.,45.));
#1561=CARTESIAN_POINT('',(-6.75,0.,45.));
#1562=(BOUNDED_CURVE()
B_SPLINE_CURVE(2,(#1559,#1560,#1561),.UNSPECIFIED.,.F.,.F.)
B_SPLINE_CURVE_WITH_KNOTS((3,3),(4.71238898,6.283185307),.UNSPECIFIED.)
CURVE()
GEOMETRIC_REPRESENTATION_ITEM()
RATIONAL_B_SPLINE_CURVE((1.,0.707106781,1.))
REPRESENTATION_ITEM(''));
#1563=EDGE_CURVE('',#1235,#1329,#1562,.T.);
#1564=ORIENTED_EDGE('',*,*,#1563,.T.);
#1565=ORIENTED_EDGE('',*,*,#1354,.F.);
#1566=EDGE_LOOP('',(#1557,#1558,#1564,#1565));
#1567=FACE_BOUND('',#1566,.T.);
#1568=ADVANCED_FACE('',(#1567),#1551,.T.);
#1569=CARTESIAN_POINT('',(-5.524422888,-0.785590071,45.));
#1570=CARTESIAN_POINT('',(-5.524422888,-0.785590071,-0.));
#1571=CARTESIAN_POINT('',(-5.58,-0.394760956,45.));
#1572=CARTESIAN_POINT('',(-5.58,-0.394760956,-0.));
#1573=CARTESIAN_POINT('',(-5.58,-0.,45.));
#1574=CARTESIAN_POINT('',(-5.58,-0.,-0.));
#1575=(BOUNDED_SURFACE()
B_SPLINE_SURFACE(2,1,((#1569,#1570),(#1571,#1572),(#1573,#1574)),.UNSPECIFIED.,.F.,.F.,.U.)
B_SPLINE_SURFACE_WITH_KNOTS((3,3),(2,2),(6.118807987,6.283185307),(-0.,0.045),.UNSPECIFIED.)
GEOMETRIC_REPRESENTATION_ITEM()
RATIONAL_B_SPLINE_SURFACE(((0.92767541,0.92767541),(0.960757805,0.960757805),(1.,1.)))
REPRESENTATION_ITEM('')
SURFACE()
);
#1576=ORIENTED_EDGE('',*,*,#317,.T.);
#1577=ORIENTED_EDGE('',*,*,#1371,.T.);
#1578=ORIENTED_EDGE('',*,*,#292,.T.);
#1579=ORIENTED_EDGE('',*,*,#1478,.F.);
#1580=EDGE_LOOP('',(#1576,#1577,#1578,#1579));
#1581=FACE_BOUND('',#1580,.T.);
#1582=ADVANCED_FACE('',(#1581),#1575,.F.);
#1583=CARTESIAN_POINT('',(-6.75,0.,-0.));
#1584=CARTESIAN_POINT('',(-7.55,0.,-0.));
#1585=CARTESIAN_POINT('',(-7.55,0.,0.8));
#1586=CARTESIAN_POINT('',(-6.75,-3.897114317,0.));
#1587=CARTESIAN_POINT('',(-7.55,-4.358994532,-0.));
#1588=CARTESIAN_POINT('',(-7.55,-4.358994532,0.8));
#1589=CARTESIAN_POINT('',(-3.375,-5.845671476,0.));
#1590=CARTESIAN_POINT('',(-3.775,-6.538491799,-0.));
#1591=CARTESIAN_POINT('',(-3.775,-6.538491799,0.8));
#1592=CARTESIAN_POINT('',(6.75,-11.691342951,0.));
#1593=CARTESIAN_POINT('',(7.55,-13.076983597,-0.));
#1594=CARTESIAN_POINT('',(7.55,-13.076983597,0.8));
#1595=CARTESIAN_POINT('',(6.75,-0.,0.));
#1596=CARTESIAN_POINT('',(7.55,-0.,-0.));
#1597=CARTESIAN_POINT('',(7.55,-0.,0.8));
#1598=(BOUNDED_SURFACE()
B_SPLINE_SURFACE(2,2,((#1583,#1584,#1585),(#1586,#1587,#1588),(#1589,#1590,#1591),(#1592,#1593,#1594),(#1595,#1596,#1597)),.UNSPECIFIED.,.F.,.F.,.U.)
B_SPLINE_SURFACE_WITH_KNOTS((3,2,3),(3,3),(3.141592654,4.188790205,6.283185307),(4.71238898,6.283185307),.UNSPECIFIED.)
GEOMETRIC_REPRESENTATION_ITEM()
RATIONAL_B_SPLINE_SURFACE(((0.75,0.530330086,0.75),(0.75,0.530330086,0.75),(1.,0.707106781,1.),(0.5,0.353553391,0.5),(1.,0.707106781,1.)))
REPRESENTATION_ITEM('')
SURFACE()
);
#1599=ORIENTED_EDGE('',*,*,#1521,.F.);
#1600=ORIENTED_EDGE('',*,*,#1255,.F.);
#1601=ORIENTED_EDGE('',*,*,#1530,.F.);
#1602=ORIENTED_EDGE('',*,*,#1438,.F.);
#1603=EDGE_LOOP('',(#1599,#1600,#1601,#1602));
#1604=FACE_BOUND('',#1603,.T.);
#1605=ADVANCED_FACE('',(#1604),#1598,.T.);
#1606=CARTESIAN_POINT('',(-7.55,0.,44.2));
#1607=CARTESIAN_POINT('',(-7.55,0.,45.));
#1608=CARTESIAN_POINT('',(-6.75,0.,45.));
#1609=CARTESIAN_POINT('',(-7.55,-4.358994532,44.2));
#1610=CARTESIAN_POINT('',(-7.55,-4.358994532,45.));
#1611=CARTESIAN_POINT('',(-6.75,-3.897114317,45.));
#1612=CARTESIAN_POINT('',(-3.775,-6.538491799,44.2));
#1613=CARTESIAN_POINT('',(-3.775,-6.538491799,45.));
#1614=CARTESIAN_POINT('',(-3.375,-5.845671476,45.));
#1615=CARTESIAN_POINT('',(7.55,-13.076983597,44.2));
#1616=CARTESIAN_POINT('',(7.55,-13.076983597,45.));
#1617=CARTESIAN_POINT('',(6.75,-11.691342951,45.));
#1618=CARTESIAN_POINT('',(7.55,-0.,44.2));
#1619=CARTESIAN_POINT('',(7.55,-0.,45.));
#1620=CARTESIAN_POINT('',(6.75,-0.,45.));
#1621=(BOUNDED_SURFACE()
B_SPLINE_SURFACE(2,2,((#1606,#1607,#1608),(#1609,#1610,#1611),(#1612,#1613,#1614),(#1615,#1616,#1617),(#1618,#1619,#1620)),.UNSPECIFIED.,.F.,.F.,.U.)
B_SPLINE_SURFACE_WITH_KNOTS((3,2,3),(3,3),(3.141592654,4.188790205,6.283185307),(0.,1.570796327),.UNSPECIFIED.)
GEOMETRIC_REPRESENTATION_ITEM()
RATIONAL_B_SPLINE_SURFACE(((0.75,0.530330086,0.75),(0.75,0.530330086,0.75),(1.,0.707106781,1.),(0.5,0.353553391,0.5),(1.,0.707106781,1.)))
REPRESENTATION_ITEM('')
SURFACE()
);
#1622=ORIENTED_EDGE('',*,*,#1556,.F.);
#1623=ORIENTED_EDGE('',*,*,#1342,.F.);
#1624=ORIENTED_EDGE('',*,*,#1563,.F.);
#1625=ORIENTED_EDGE('',*,*,#1294,.F.);
#1626=EDGE_LOOP('',(#1622,#1623,#1624,#1625));
#1627=FACE_BOUND('',#1626,.T.);
#1628=ADVANCED_FACE('',(#1627),#1621,.T.);
#1629=CLOSED_SHELL('',(#62,#94,#122,#154,#182,#214,#242,#274,#302,#342,#370,#402,#430,#462,#490,#522,#550,#582,#610,#642,#670,#702,#730,#766,#794,#826,
#854,#886,#914,#946,#974,#1006,#1034,#1066,#1094,#1130,#1158,#1190,#1218,#1298,#1322,#1406,#1490,#1535,#1568,#1582,#1605,#1628));
#1630=MANIFOLD_SOLID_BREP('\X2\04220435043B043E\X0\_1:1',#1629);
#1631=COLOUR_RGB('',0.768627465,0.768627465,0.768627465);
#1632=FILL_AREA_STYLE_COLOUR('',#1631);
#1633=FILL_AREA_STYLE('',(#1632));
#1634=SURFACE_STYLE_FILL_AREA(#1633);
#1635=SURFACE_SIDE_STYLE('',(#1634));
#1636=SURFACE_STYLE_USAGE(.BOTH.,#1635);
#1637=PRESENTATION_STYLE_ASSIGNMENT((#1636));
#26=STYLED_ITEM('',(#1637),#1630);
#1638=(NAMED_UNIT(*)PLANE_ANGLE_UNIT()SI_UNIT($,.RADIAN.));
#1639=PLANE_ANGLE_MEASURE_WITH_UNIT(PLANE_ANGLE_MEASURE(0.0174532925),#1638);
#1640=(CONVERSION_BASED_UNIT('DEGREE',#1639)NAMED_UNIT(#1641)PLANE_ANGLE_UNIT());
#1641=DIMENSIONAL_EXPONENTS(0.,0.,0.,0.,0.,0.,0.);
#1642=(NAMED_UNIT(*)SI_UNIT($,.STERADIAN.)SOLID_ANGLE_UNIT());
#1643=(LENGTH_UNIT()NAMED_UNIT(*)SI_UNIT(.MILLI.,.METRE.));
#1644=UNCERTAINTY_MEASURE_WITH_UNIT(LENGTH_MEASURE(1.000000E-03),#1643,'DISTANCE_ACCURACY_VALUE','Maximum Tolerance applied to model');
#1645=(GEOMETRIC_REPRESENTATION_CONTEXT(3)GLOBAL_UNCERTAINTY_ASSIGNED_CONTEXT((#1644))GLOBAL_UNIT_ASSIGNED_CONTEXT((#1643,#1640,#1642))REPRESENTATION_CONTEXT('','0'));
#1647=CARTESIAN_POINT('',(0.,0.,0.));
#1648=DIRECTION('',(0.,0.,1.));
#1649=DIRECTION('',(1.,0.,0.));
#1650=AXIS2_PLACEMENT_3D('',#1647,#1648,#1649);
#1661=CARTESIAN_POINT('',(0.,0.,0.));
#1662=DIRECTION('',(0.,0.,1.));
#1663=DIRECTION('',(1.,0.,-0.));
#1664=AXIS2_PLACEMENT_3D('',#1661,#1662,#1663);
#1665=ITEM_DEFINED_TRANSFORMATION('','',#1664,#1650);
#1666=(REPRESENTATION_RELATIONSHIP('','',#1651,#16)REPRESENTATION_RELATIONSHIP_WITH_TRANSFORMATION(#1665)SHAPE_REPRESENTATION_RELATIONSHIP());
#1667=NEXT_ASSEMBLY_USAGE_OCCURRENCE('Nodes_1','Nodes','Nodes',#25,#1660,$);
#1668=PRODUCT_DEFINITION_SHAPE('','',#1667);
#1669=CONTEXT_DEPENDENT_SHAPE_REPRESENTATION(#1666,#1668);
#1651=SHAPE_REPRESENTATION('Nodes',(#1650),#1645);
#1670=APPLICATION_CONTEXT('data for automotive mechanical design processes');
#1671=APPLICATION_PROTOCOL_DEFINITION('international standard','automotive_design',1994,#1670);
#1672=PRODUCT_CONTEXT('',#1670,'mechanical');
#1673=PRODUCT_DEFINITION_CONTEXT('part definition',#1670,'design');
#1659=PRODUCT('0','0','',(#1672));
#1674=PRODUCT_RELATED_PRODUCT_CATEGORY('part','',(#1659));
#1675=PRODUCT_DEFINITION_FORMATION_WITH_SPECIFIED_SOURCE('','',#1659,.NOT_KNOWN.);
#1660=PRODUCT_DEFINITION('design','',#1675,#1673);
#1658=PRODUCT_DEFINITION_SHAPE('','',#1660);
#1676=SHAPE_DEFINITION_REPRESENTATION(#1658,#1651);
#1646=DRAUGHTING_MODEL('',(),#1645);
#16=SHAPE_REPRESENTATION('\X2\041B0438043D04350439043D044B0439\X0\ \X2\043F043E043404480438043F043D0438043A\X0\ LM8LUU',(#15,#1664),#10);
#17=ADVANCED_BREP_SHAPE_REPRESENTATION('\X2\041B0438043D04350439043D044B0439\X0\ \X2\043F043E043404480438043F043D0438043A\X0\ LM8LUU',(#1630),#10);
#1684=SHAPE_REPRESENTATION_RELATIONSHIP('','',#16,#17);
#24=PRODUCT('\X2\041B0438043D04350439043D044B0439\X0\ \X2\043F043E043404480438043F043D0438043A\X0\ LM8LUU','\X2\041B0438043D04350439043D044B0439\X0\ \X2\043F043E043404480438043F043D0438043A\X0\ LM8LUU','',(#1672));
#1685=PRODUCT_RELATED_PRODUCT_CATEGORY('part','',(#24));
#1686=PRODUCT_DEFINITION_FORMATION_WITH_SPECIFIED_SOURCE('','',#24,.NOT_KNOWN.);
#25=PRODUCT_DEFINITION('design','',#1686,#1673);
#23=PRODUCT_DEFINITION_SHAPE('','',#25);
#1687=SHAPE_DEFINITION_REPRESENTATION(#23,#16);
#11=DRAUGHTING_MODEL('',(),#10);
#1=MECHANICAL_DESIGN_GEOMETRIC_PRESENTATION_REPRESENTATION('',(#26),#10);
ENDSEC;
END-ISO-10303-21;
